source,target,weight
UCdFlugHJJa4l3YqWuNRmvXw,UCpe5jW3MIqkgTJ-PgkzvM6Q,1
UCdFlugHJJa4l3YqWuNRmvXw,UCqCrvuoJpC-aVb0f4logQRQ,1
UCdFlugHJJa4l3YqWuNRmvXw,UCDrmf9y9nLgFY5wnA2hTuGA,1
UCdFlugHJJa4l3YqWuNRmvXw,UCaKAjTW9MVub_clgr4DRYjQ,1
UCdFlugHJJa4l3YqWuNRmvXw,UC-fiZBS5Gp1eCJd9ucgWnCg,1
UCdFlugHJJa4l3YqWuNRmvXw,UCeDNEtI8_a42bZ47wJiJMwQ,1
UCdFlugHJJa4l3YqWuNRmvXw,UCZeIIQrGAedW8tCbKWmGY-A,1
UCdFlugHJJa4l3YqWuNRmvXw,UCwgCc9Jd_gG-uLE_SY-FfPg,1
UCdFlugHJJa4l3YqWuNRmvXw,UCCBYcToQ2dwkd6TJh0FSyDg,1
UCdFlugHJJa4l3YqWuNRmvXw,UCQqlPPUGqAfWjd-FSh_qn7Q,1
UCdFlugHJJa4l3YqWuNRmvXw,UCUoYsrx1oZnCZ0usbBJn4fA,1
UCdFlugHJJa4l3YqWuNRmvXw,UC_LYoGs5C3mbZKZuKuqYCvw,1
UCdFlugHJJa4l3YqWuNRmvXw,UCRAquv8el-tQ30bN7MlmySQ,1
UCdFlugHJJa4l3YqWuNRmvXw,UColMq7LmaoY3MT6aIDGrGvA,1
UCdFlugHJJa4l3YqWuNRmvXw,UCRvPToDkkumha7WJAfCDk1A,1
UCdFlugHJJa4l3YqWuNRmvXw,UCu8_3-Wg-YzNyvHYQDEscfw,1
UCdFlugHJJa4l3YqWuNRmvXw,UCylqlpsh8ENNM1LqgQ1KbxA,1
UCdFlugHJJa4l3YqWuNRmvXw,UC32oozucwCF3q8d4m8fyOUg,1
UCdFlugHJJa4l3YqWuNRmvXw,UCQyOePccUP-fIJYzchAgZYw,1
UCdFlugHJJa4l3YqWuNRmvXw,UCV0lM03g5fg5pbPj97-sAtA,1
UCdFlugHJJa4l3YqWuNRmvXw,UCW-JC6lebVmf2P1dmY_L94g,1
UCdFlugHJJa4l3YqWuNRmvXw,UCAKuKvcbfnBD3kF5njNu-IA,1
UCdFlugHJJa4l3YqWuNRmvXw,UCk4O-J1BhoqPmig1KLGJePA,1
UCdFlugHJJa4l3YqWuNRmvXw,UCfRqgt2O-vjzUDMZY_tnxQw,1
UCdFlugHJJa4l3YqWuNRmvXw,UC3UVO7pTbeYvZ3ILEyRDskQ,1
UCdFlugHJJa4l3YqWuNRmvXw,UC816IGbFCZinfYS1LRDaaHg,1
UCdFlugHJJa4l3YqWuNRmvXw,UC4kg7zuTfqQKLd2bkZrSYBA,1
UCdFlugHJJa4l3YqWuNRmvXw,UCLh1Kde4_vI1sTZBkTNP7RQ,1
UCdFlugHJJa4l3YqWuNRmvXw,UC4Avya4kmR4Q0FrfFdBozSQ,1
UCdFlugHJJa4l3YqWuNRmvXw,UCFFrEmn6lPYiWyElpfzTy5Q,1
UCdFlugHJJa4l3YqWuNRmvXw,UCBtB5dIyx-C16UN8ClUD2UA,1
UCdFlugHJJa4l3YqWuNRmvXw,UCgJNFj5dnxXpcMvmuhZDPxA,1
UCdFlugHJJa4l3YqWuNRmvXw,UCkVtmkK07b2zaVVNssX4lOg,1
UCdFlugHJJa4l3YqWuNRmvXw,UC1DpqK6vaPEkBOMNvypsKYg,1
UCdFlugHJJa4l3YqWuNRmvXw,UCNpt5CQlTzNjlAKY6CJtClQ,1
UCdFlugHJJa4l3YqWuNRmvXw,UCiC-Jn7wdgyQV4_Urk0DkWQ,1
UCdFlugHJJa4l3YqWuNRmvXw,UCpsKOkt5iWTbenzeuq7dsmQ,1
UCdFlugHJJa4l3YqWuNRmvXw,UCWoAVGVqCn4xtINCMOTM4jg,1
UCdFlugHJJa4l3YqWuNRmvXw,UClqA491Xa5fQcXcJJa-vTWw,1
UCdFlugHJJa4l3YqWuNRmvXw,UCe8JZoYkX5oKUZyivHYdXhw,1
UCdFlugHJJa4l3YqWuNRmvXw,UClhMWQ7XKWywYvbRnuf8QsA,1
UCdFlugHJJa4l3YqWuNRmvXw,UC5hvEnRUzI4Kfvwnyi4QxqQ,1
UCdFlugHJJa4l3YqWuNRmvXw,UCGGHbtfbbe0o68etrOf0qxw,1
UCdFlugHJJa4l3YqWuNRmvXw,UCgQw_Sbq3ugruDUKsq1e0-A,1
UCdFlugHJJa4l3YqWuNRmvXw,UC6Uj1FT5JjDSF8vudvDxPAA,1
UCdFlugHJJa4l3YqWuNRmvXw,UC7dadZG7kkGYnsNu6td0FbA,1
UCdFlugHJJa4l3YqWuNRmvXw,UCsGoJEvb-cFPZ2rWoJcXzEQ,1
UCdFlugHJJa4l3YqWuNRmvXw,UCkbsS_3D-pvg1iHOld9uvIg,1
UCdFlugHJJa4l3YqWuNRmvXw,UC95PSMouTx2N5CbSq0hIyrQ,1
UCdFlugHJJa4l3YqWuNRmvXw,UCOcUI5XkTYNMSFhZNMIPpGg,1
UCdFlugHJJa4l3YqWuNRmvXw,UCuXmOjxC-htcprLgeVXz6Tg,1
UCdFlugHJJa4l3YqWuNRmvXw,UCHbwIx9pmQuf7i-4_xO2EpA,1
UCdFlugHJJa4l3YqWuNRmvXw,UCwjUvRseNtJoItylIyIez7Q,1
UCdFlugHJJa4l3YqWuNRmvXw,UCW80DaMjQlEUibC98Cot-Dg,1
UCvl1tzQeBeGy6efPTRJXSCw,UCjZgFEowMBrsjodqfovzdKw,1
UCvl1tzQeBeGy6efPTRJXSCw,UCIXLDYqR_syskKRJy_x9W9Q,1
UCvl1tzQeBeGy6efPTRJXSCw,UC_3xuTXvMIWU5MYP9HkJ3vQ,1
UCvl1tzQeBeGy6efPTRJXSCw,UC2ngpd8UBQu4gcUYy0goAtg,1
UCvl1tzQeBeGy6efPTRJXSCw,UCfXykdbSU97rj987LDUGfvg,1
UCvl1tzQeBeGy6efPTRJXSCw,UCLXYp1Cvc5DLtq5UQL5D9vw,1
UCvl1tzQeBeGy6efPTRJXSCw,UCAxvOOHQk7dYPOajzFEVtbA,1
UCvl1tzQeBeGy6efPTRJXSCw,UCO0zwwLWGyDgQmWPJ5Qrr1w,1
UCvl1tzQeBeGy6efPTRJXSCw,UCXN2s7DwTJm33xO-pNkAdaA,1
UCvl1tzQeBeGy6efPTRJXSCw,UCq3mDTTRZnUybct5M9OSXbg,1
UCvl1tzQeBeGy6efPTRJXSCw,UCfjhejO7LZy4doXURa7LZCQ,1
UCvl1tzQeBeGy6efPTRJXSCw,UCwCfs-2zbD5k0lG-UVg_JBw,1
UCRAquv8el-tQ30bN7MlmySQ,UCpe5jW3MIqkgTJ-PgkzvM6Q,1
UCRAquv8el-tQ30bN7MlmySQ,UCqCrvuoJpC-aVb0f4logQRQ,1
UCRAquv8el-tQ30bN7MlmySQ,UCDrmf9y9nLgFY5wnA2hTuGA,1
UCRAquv8el-tQ30bN7MlmySQ,UCaKAjTW9MVub_clgr4DRYjQ,1
UCRAquv8el-tQ30bN7MlmySQ,UC-fiZBS5Gp1eCJd9ucgWnCg,1
UCRAquv8el-tQ30bN7MlmySQ,UCeDNEtI8_a42bZ47wJiJMwQ,1
UCRAquv8el-tQ30bN7MlmySQ,UCZeIIQrGAedW8tCbKWmGY-A,1
UCRAquv8el-tQ30bN7MlmySQ,UCwgCc9Jd_gG-uLE_SY-FfPg,1
UCRAquv8el-tQ30bN7MlmySQ,UCCBYcToQ2dwkd6TJh0FSyDg,1
UCRAquv8el-tQ30bN7MlmySQ,UCQqlPPUGqAfWjd-FSh_qn7Q,1
UCRAquv8el-tQ30bN7MlmySQ,UCUoYsrx1oZnCZ0usbBJn4fA,1
UCRAquv8el-tQ30bN7MlmySQ,UC_LYoGs5C3mbZKZuKuqYCvw,1
UCRAquv8el-tQ30bN7MlmySQ,UColMq7LmaoY3MT6aIDGrGvA,1
UCRAquv8el-tQ30bN7MlmySQ,UCRvPToDkkumha7WJAfCDk1A,1
UCRAquv8el-tQ30bN7MlmySQ,UCu8_3-Wg-YzNyvHYQDEscfw,1
UCRAquv8el-tQ30bN7MlmySQ,UCylqlpsh8ENNM1LqgQ1KbxA,1
UCRAquv8el-tQ30bN7MlmySQ,UC32oozucwCF3q8d4m8fyOUg,1
UCRAquv8el-tQ30bN7MlmySQ,UCQyOePccUP-fIJYzchAgZYw,1
UCRAquv8el-tQ30bN7MlmySQ,UCV0lM03g5fg5pbPj97-sAtA,1
UCRAquv8el-tQ30bN7MlmySQ,UCW-JC6lebVmf2P1dmY_L94g,1
UCRAquv8el-tQ30bN7MlmySQ,UCAKuKvcbfnBD3kF5njNu-IA,1
UCRAquv8el-tQ30bN7MlmySQ,UC3UVO7pTbeYvZ3ILEyRDskQ,1
UCRAquv8el-tQ30bN7MlmySQ,UC816IGbFCZinfYS1LRDaaHg,1
UCRAquv8el-tQ30bN7MlmySQ,UC4Avya4kmR4Q0FrfFdBozSQ,1
UCRAquv8el-tQ30bN7MlmySQ,UCgJNFj5dnxXpcMvmuhZDPxA,1
UCRAquv8el-tQ30bN7MlmySQ,UCkVtmkK07b2zaVVNssX4lOg,1
UCRAquv8el-tQ30bN7MlmySQ,UC1DpqK6vaPEkBOMNvypsKYg,1
UCRAquv8el-tQ30bN7MlmySQ,UCNpt5CQlTzNjlAKY6CJtClQ,1
UCRAquv8el-tQ30bN7MlmySQ,UCiC-Jn7wdgyQV4_Urk0DkWQ,1
UCRAquv8el-tQ30bN7MlmySQ,UCpsKOkt5iWTbenzeuq7dsmQ,1
UCRAquv8el-tQ30bN7MlmySQ,UCWoAVGVqCn4xtINCMOTM4jg,1
UCRAquv8el-tQ30bN7MlmySQ,UClqA491Xa5fQcXcJJa-vTWw,1
UCRAquv8el-tQ30bN7MlmySQ,UCe8JZoYkX5oKUZyivHYdXhw,1
UCRAquv8el-tQ30bN7MlmySQ,UClhMWQ7XKWywYvbRnuf8QsA,1
UCRAquv8el-tQ30bN7MlmySQ,UC5hvEnRUzI4Kfvwnyi4QxqQ,1
UCRAquv8el-tQ30bN7MlmySQ,UCGGHbtfbbe0o68etrOf0qxw,1
UCRAquv8el-tQ30bN7MlmySQ,UCgQw_Sbq3ugruDUKsq1e0-A,1
UCRAquv8el-tQ30bN7MlmySQ,UC6Uj1FT5JjDSF8vudvDxPAA,1
UCRAquv8el-tQ30bN7MlmySQ,UC7dadZG7kkGYnsNu6td0FbA,1
UCRAquv8el-tQ30bN7MlmySQ,UCsGoJEvb-cFPZ2rWoJcXzEQ,1
UCRAquv8el-tQ30bN7MlmySQ,UCkbsS_3D-pvg1iHOld9uvIg,1
UCRAquv8el-tQ30bN7MlmySQ,UC95PSMouTx2N5CbSq0hIyrQ,1
UCRAquv8el-tQ30bN7MlmySQ,UCOcUI5XkTYNMSFhZNMIPpGg,1
UCRAquv8el-tQ30bN7MlmySQ,UCuXmOjxC-htcprLgeVXz6Tg,1
UCRAquv8el-tQ30bN7MlmySQ,UCHbwIx9pmQuf7i-4_xO2EpA,1
UCRAquv8el-tQ30bN7MlmySQ,UCwjUvRseNtJoItylIyIez7Q,1
UCRAquv8el-tQ30bN7MlmySQ,UCW80DaMjQlEUibC98Cot-Dg,1
UCkbsS_3D-pvg1iHOld9uvIg,UCpe5jW3MIqkgTJ-PgkzvM6Q,1
UCkbsS_3D-pvg1iHOld9uvIg,UCqCrvuoJpC-aVb0f4logQRQ,1
UCkbsS_3D-pvg1iHOld9uvIg,UCDrmf9y9nLgFY5wnA2hTuGA,1
UCkbsS_3D-pvg1iHOld9uvIg,UCaKAjTW9MVub_clgr4DRYjQ,1
UCkbsS_3D-pvg1iHOld9uvIg,UC-fiZBS5Gp1eCJd9ucgWnCg,1
UCkbsS_3D-pvg1iHOld9uvIg,UCeDNEtI8_a42bZ47wJiJMwQ,1
UCkbsS_3D-pvg1iHOld9uvIg,UCZeIIQrGAedW8tCbKWmGY-A,1
UCkbsS_3D-pvg1iHOld9uvIg,UCwgCc9Jd_gG-uLE_SY-FfPg,1
UCkbsS_3D-pvg1iHOld9uvIg,UCCBYcToQ2dwkd6TJh0FSyDg,1
UCkbsS_3D-pvg1iHOld9uvIg,UCQqlPPUGqAfWjd-FSh_qn7Q,1
UCkbsS_3D-pvg1iHOld9uvIg,UCUoYsrx1oZnCZ0usbBJn4fA,1
UCkbsS_3D-pvg1iHOld9uvIg,UC_LYoGs5C3mbZKZuKuqYCvw,1
UCkbsS_3D-pvg1iHOld9uvIg,UColMq7LmaoY3MT6aIDGrGvA,1
UCkbsS_3D-pvg1iHOld9uvIg,UCRvPToDkkumha7WJAfCDk1A,1
UCkbsS_3D-pvg1iHOld9uvIg,UCu8_3-Wg-YzNyvHYQDEscfw,1
UCkbsS_3D-pvg1iHOld9uvIg,UCylqlpsh8ENNM1LqgQ1KbxA,1
UCkbsS_3D-pvg1iHOld9uvIg,UC32oozucwCF3q8d4m8fyOUg,1
UCkbsS_3D-pvg1iHOld9uvIg,UCQyOePccUP-fIJYzchAgZYw,1
UCkbsS_3D-pvg1iHOld9uvIg,UCV0lM03g5fg5pbPj97-sAtA,1
UCkbsS_3D-pvg1iHOld9uvIg,UCW-JC6lebVmf2P1dmY_L94g,1
UCkbsS_3D-pvg1iHOld9uvIg,UCAKuKvcbfnBD3kF5njNu-IA,1
UCkbsS_3D-pvg1iHOld9uvIg,UC3UVO7pTbeYvZ3ILEyRDskQ,1
UCkbsS_3D-pvg1iHOld9uvIg,UC816IGbFCZinfYS1LRDaaHg,1
UCkbsS_3D-pvg1iHOld9uvIg,UC4Avya4kmR4Q0FrfFdBozSQ,1
UCkbsS_3D-pvg1iHOld9uvIg,UCgJNFj5dnxXpcMvmuhZDPxA,1
UCkbsS_3D-pvg1iHOld9uvIg,UCkVtmkK07b2zaVVNssX4lOg,1
UCkbsS_3D-pvg1iHOld9uvIg,UC1DpqK6vaPEkBOMNvypsKYg,1
UCkbsS_3D-pvg1iHOld9uvIg,UCNpt5CQlTzNjlAKY6CJtClQ,1
UCkbsS_3D-pvg1iHOld9uvIg,UCiC-Jn7wdgyQV4_Urk0DkWQ,1
UCkbsS_3D-pvg1iHOld9uvIg,UCpsKOkt5iWTbenzeuq7dsmQ,1
UCkbsS_3D-pvg1iHOld9uvIg,UCWoAVGVqCn4xtINCMOTM4jg,1
UCkbsS_3D-pvg1iHOld9uvIg,UClqA491Xa5fQcXcJJa-vTWw,1
UCkbsS_3D-pvg1iHOld9uvIg,UCe8JZoYkX5oKUZyivHYdXhw,1
UCkbsS_3D-pvg1iHOld9uvIg,UClhMWQ7XKWywYvbRnuf8QsA,1
UCkbsS_3D-pvg1iHOld9uvIg,UC5hvEnRUzI4Kfvwnyi4QxqQ,1
UCkbsS_3D-pvg1iHOld9uvIg,UCGGHbtfbbe0o68etrOf0qxw,1
UCkbsS_3D-pvg1iHOld9uvIg,UCgQw_Sbq3ugruDUKsq1e0-A,1
UCkbsS_3D-pvg1iHOld9uvIg,UC6Uj1FT5JjDSF8vudvDxPAA,1
UCkbsS_3D-pvg1iHOld9uvIg,UC7dadZG7kkGYnsNu6td0FbA,1
UCkbsS_3D-pvg1iHOld9uvIg,UCsGoJEvb-cFPZ2rWoJcXzEQ,1
UCkbsS_3D-pvg1iHOld9uvIg,UC95PSMouTx2N5CbSq0hIyrQ,1
UCkbsS_3D-pvg1iHOld9uvIg,UCOcUI5XkTYNMSFhZNMIPpGg,1
UCkbsS_3D-pvg1iHOld9uvIg,UCuXmOjxC-htcprLgeVXz6Tg,1
UCkbsS_3D-pvg1iHOld9uvIg,UCHbwIx9pmQuf7i-4_xO2EpA,1
UCkbsS_3D-pvg1iHOld9uvIg,UCwjUvRseNtJoItylIyIez7Q,1
UCkbsS_3D-pvg1iHOld9uvIg,UCW80DaMjQlEUibC98Cot-Dg,1
UCOLHH4ZpMxPYF-Q6e6wvn5A,UCIgoiXdIKJyUGmUoH2Lxdzg,1
UCOLHH4ZpMxPYF-Q6e6wvn5A,UCbNanjFI51cwGqMAb2rOrBw,1
UCOLHH4ZpMxPYF-Q6e6wvn5A,UCtiHFjFu7d5v2XxHnKFUYig,1
UCOLHH4ZpMxPYF-Q6e6wvn5A,UCZjm6U576nX8WOiLhmMR3bw,1
UCOLHH4ZpMxPYF-Q6e6wvn5A,UCat2qkYvqmtDNEmo2PVuhXw,1
UCOLHH4ZpMxPYF-Q6e6wvn5A,UC1WlJfQmaIskYhP4gmWoamw,1
UCOLHH4ZpMxPYF-Q6e6wvn5A,UCBlm80VQ4YoV3bUJR_XhkaQ,1
UCOLHH4ZpMxPYF-Q6e6wvn5A,UC-QOpE7GOxlXcHZ8b7HbQKA,1
UCOLHH4ZpMxPYF-Q6e6wvn5A,UCVdjCrh4tQoX3haNAZv-n5A,1
UCOLHH4ZpMxPYF-Q6e6wvn5A,UCi2KiZq63sRq8Mfbcp-MelQ,1
UCOLHH4ZpMxPYF-Q6e6wvn5A,UCPNXmbOBVeC4HS-xemvcPtQ,1
UCOLHH4ZpMxPYF-Q6e6wvn5A,UCozFYHN0e_-vlQbX3wQGOug,1
UCOLHH4ZpMxPYF-Q6e6wvn5A,UCQMMuADgqWUOcJpLwHOzC-g,1
UCOLHH4ZpMxPYF-Q6e6wvn5A,UCrqXyRsg-_hTosURZ-uvoKg,1
UCOLHH4ZpMxPYF-Q6e6wvn5A,UCGZMgmM92E3njyXNe9-kjAQ,1
UCOLHH4ZpMxPYF-Q6e6wvn5A,UCxhtlxPV8AYWaNNyU6S9H8Q,1
UCOLHH4ZpMxPYF-Q6e6wvn5A,UCp_dAUfv8i3LW3zWc24dLaQ,1
UCi2KiZq63sRq8Mfbcp-MelQ,UCIgoiXdIKJyUGmUoH2Lxdzg,1
UCi2KiZq63sRq8Mfbcp-MelQ,UCbNanjFI51cwGqMAb2rOrBw,1
UCi2KiZq63sRq8Mfbcp-MelQ,UCtiHFjFu7d5v2XxHnKFUYig,1
UCi2KiZq63sRq8Mfbcp-MelQ,UCZjm6U576nX8WOiLhmMR3bw,1
UCi2KiZq63sRq8Mfbcp-MelQ,UCat2qkYvqmtDNEmo2PVuhXw,1
UCi2KiZq63sRq8Mfbcp-MelQ,UC1WlJfQmaIskYhP4gmWoamw,1
UCi2KiZq63sRq8Mfbcp-MelQ,UCBlm80VQ4YoV3bUJR_XhkaQ,1
UCi2KiZq63sRq8Mfbcp-MelQ,UC-QOpE7GOxlXcHZ8b7HbQKA,1
UCi2KiZq63sRq8Mfbcp-MelQ,UCVdjCrh4tQoX3haNAZv-n5A,1
UCi2KiZq63sRq8Mfbcp-MelQ,UCPNXmbOBVeC4HS-xemvcPtQ,1
UCi2KiZq63sRq8Mfbcp-MelQ,UCozFYHN0e_-vlQbX3wQGOug,1
UCi2KiZq63sRq8Mfbcp-MelQ,UCQMMuADgqWUOcJpLwHOzC-g,1
UCi2KiZq63sRq8Mfbcp-MelQ,UCrqXyRsg-_hTosURZ-uvoKg,1
UCi2KiZq63sRq8Mfbcp-MelQ,UCGZMgmM92E3njyXNe9-kjAQ,1
UCi2KiZq63sRq8Mfbcp-MelQ,UCxhtlxPV8AYWaNNyU6S9H8Q,1
UCi2KiZq63sRq8Mfbcp-MelQ,UCp_dAUfv8i3LW3zWc24dLaQ,1
UCXl30Y_upRqbti52fmjK4YA,UCTTILH6QCIxbTnEWxwRqs1g,1
UCXl30Y_upRqbti52fmjK4YA,UCOY3XpD9qMCRSA8AA8c4CAw,1
UCXl30Y_upRqbti52fmjK4YA,UCc_F88PzGWtA1OPNUEASulA,1
UCXl30Y_upRqbti52fmjK4YA,UCcFIBN-rtC3d3hXeuN5TfWw,1
UCXl30Y_upRqbti52fmjK4YA,UCkxdJ_yGN2gghOMo2ybQtXQ,1
UCXl30Y_upRqbti52fmjK4YA,UCXVLc8CmAO813ubM-fLvCDw,1
UCXl30Y_upRqbti52fmjK4YA,UCXO1BBohNWXkK9SBDAG2ySg,1
UCXl30Y_upRqbti52fmjK4YA,UCxcoDvP-g2_KTZDmVZtvb3w,1
UCXl30Y_upRqbti52fmjK4YA,UCefAH1MbvADWUjE9WVcB9EQ,1
UCXl30Y_upRqbti52fmjK4YA,UCvcu1kR8xMYy_I1Ty-2mV2Q,1
UCXl30Y_upRqbti52fmjK4YA,UCwEe1RKlEv1UpNWmWYfSh4w,1
UCXl30Y_upRqbti52fmjK4YA,UCbrtvygfRT6QXqWDNrOf-cA,1
UCXl30Y_upRqbti52fmjK4YA,UChT7pzGytNd92Nmvi-zuWog,1
UCXl30Y_upRqbti52fmjK4YA,UCdQAuWwyC99MB7Y02Umj26Q,1
UCXl30Y_upRqbti52fmjK4YA,UCCUmP4PlbwgikVFpYwbtRTg,1
UCRelkU8JiZBytTzebJxaa-w,UCQqetiwzzmRNTM5OWuXarGQ,1
UCRelkU8JiZBytTzebJxaa-w,UCQ_-LPP8JAbfkc-b1Q6NvWw,1
UCRelkU8JiZBytTzebJxaa-w,UC9xr9QvIcDvoZNUX5f-jaZw,1
UCRelkU8JiZBytTzebJxaa-w,UC-hfX8J5JPJ-dfuakzegMLA,1
UCRelkU8JiZBytTzebJxaa-w,UCpIdtvoFHVLGASGB5ySqIEA,1
UCRelkU8JiZBytTzebJxaa-w,UCipetjeiWj4CZB6EbyYziZg,1
UCRelkU8JiZBytTzebJxaa-w,UCiGRBf2RNF0WRKhRVT7zFoA,1
UCRelkU8JiZBytTzebJxaa-w,UCYwpX26TrCxq8TvbKGRYLXA,1
UCRelkU8JiZBytTzebJxaa-w,UChs3tU2BcKOT0CezykvAsGw,1
UCRelkU8JiZBytTzebJxaa-w,UCDPWkUX3sNNaCx-m1dV4glA,1
UCRelkU8JiZBytTzebJxaa-w,UC3qn1yJA5PeW9rkGPatQxiw,1
UCRelkU8JiZBytTzebJxaa-w,UCOLGv5Pf6BF2wFcwUzgcvHg,1
UCRelkU8JiZBytTzebJxaa-w,UCz3gu01bmjNv0DpRq-K3XYg,1
UCRelkU8JiZBytTzebJxaa-w,UCXr8_5WtGeipe4haOoQDgyQ,1
UCRelkU8JiZBytTzebJxaa-w,UC8r11yOugM2NuRfitQOxLLg,1
UCRelkU8JiZBytTzebJxaa-w,UC4wq3DcbfaG6dtCqn8Oyu3w,1
UCRelkU8JiZBytTzebJxaa-w,UCwha8rxULYMVtNwZWeSkE1A,1
UCRelkU8JiZBytTzebJxaa-w,UCwO2SXr0ggzwg6QWWrr01nQ,1
UCRelkU8JiZBytTzebJxaa-w,UCL13XhnRzbGokEkCkEOb0-g,1
UCRelkU8JiZBytTzebJxaa-w,UCUIIIPTVDVHAXqhC_5V6lPA,1
UCRelkU8JiZBytTzebJxaa-w,UCXXh7yg5KUFIWylTiKVEFKQ,1
UCRelkU8JiZBytTzebJxaa-w,UC9vMq1YF-e7C-VO0SHkbUTA,1
UCRelkU8JiZBytTzebJxaa-w,UCErZPJpHmLCsXs8ZWkAUupQ,1
UCRelkU8JiZBytTzebJxaa-w,UCQgYjVngJRfPHDLGB5X6ZjA,1
UCRelkU8JiZBytTzebJxaa-w,UCTwSut16JyAg3mX6LVUNGqA,1
UCRelkU8JiZBytTzebJxaa-w,UCj-LL25XJnjxepPKCc3NGog,1
UCRelkU8JiZBytTzebJxaa-w,UCYN4wSQ1Sx4_LurxLlW7MPg,1
UCRelkU8JiZBytTzebJxaa-w,UCsSXdJct-nsS8DsABoEsaYA,1
UCRelkU8JiZBytTzebJxaa-w,UCOS8ViEkccrTZx2w2ccxotA,1
UCRelkU8JiZBytTzebJxaa-w,UCwW2OFy95P7ZBkOPxWkpvYg,1
UCRelkU8JiZBytTzebJxaa-w,UCi1b_TRQfgO1Z9O2gNGGWNA,1
UCRelkU8JiZBytTzebJxaa-w,UC7VUuJr9cGh845CmTvf7TlQ,1
UCRelkU8JiZBytTzebJxaa-w,UCplrIQtaPj6au60_f2-mOYw,1
UCRelkU8JiZBytTzebJxaa-w,UCSou6a2OuYGSvPjm5psquyA,1
UCRelkU8JiZBytTzebJxaa-w,UCsJJAvrVGupdmhOqgtDp8dg,1
UCRelkU8JiZBytTzebJxaa-w,UCFhxtoeARHPnXXPcDrOU3Xg,1
UCRelkU8JiZBytTzebJxaa-w,UC5H8ASmMC9WrURmzeB4ySog,1
UCRelkU8JiZBytTzebJxaa-w,UCGzXwyCzMzGmjmCbH3Hg01Q,1
UCRelkU8JiZBytTzebJxaa-w,UCueV9cTyTDwgQSec1x2dYgA,1
UCRelkU8JiZBytTzebJxaa-w,UC3MYTqpQqlWBuCB7Th0e0PA,1
UCRelkU8JiZBytTzebJxaa-w,UC3E9mAgP7VoAE5mZoAexl5g,1
UCRelkU8JiZBytTzebJxaa-w,UCB5p8a5gklc80jJItP6xTHg,1
UCRelkU8JiZBytTzebJxaa-w,UCcfdg8crmMJwEuLUsAhV7yg,1
UCRelkU8JiZBytTzebJxaa-w,UCQtICyzWmhC5woCtbNgaSmg,1
UCRelkU8JiZBytTzebJxaa-w,UCLFdHr9BEbXHkoJopbEPLZw,1
UCRelkU8JiZBytTzebJxaa-w,UCQtSFINs1h6GHkpg9o5kMvg,1
UCRelkU8JiZBytTzebJxaa-w,UCfM3nrxtTQMY5jFx1v1J4Gg,1
UCRelkU8JiZBytTzebJxaa-w,UCV0iizTBoOfdAFX_thfI9BA,1
UCRelkU8JiZBytTzebJxaa-w,UCN6qbfPSzFtjhqUDZ3Cv3CQ,1
UCRelkU8JiZBytTzebJxaa-w,UCFoIAE8k82D6AV-8gjjKaNg,1
UCRelkU8JiZBytTzebJxaa-w,UCkd9W714-947dEE6ZOEBATA,1
UCRelkU8JiZBytTzebJxaa-w,UCA93ym2TXs_Ibyxb4Vcn-6Q,1
UCRelkU8JiZBytTzebJxaa-w,UCHhHUjaMAZ8SiXdCUCj9DkQ,1
UCRelkU8JiZBytTzebJxaa-w,UCFxE8GbokBrBsPEKM1xrOjQ,1
UCRelkU8JiZBytTzebJxaa-w,UC8F2V63KZ4ZEay6opX2hAQw,1
UCRelkU8JiZBytTzebJxaa-w,UC8G5cJONY8L9voMyBW8Eoug,1
UCRelkU8JiZBytTzebJxaa-w,UC3XTwHxygNCgjndsg-UiCQA,1
UCRelkU8JiZBytTzebJxaa-w,UCTD6q1nyIe3Y7HhqjaMj72w,1
UCRelkU8JiZBytTzebJxaa-w,UC72gBAtyb_VXQlYDcFrh6oQ,1
UCRelkU8JiZBytTzebJxaa-w,UC2Y_EHWQKevubk4vOEBBFxw,1
UCRelkU8JiZBytTzebJxaa-w,UCZLG9qH0tUjNhEGFIUt0CYw,1
UCRelkU8JiZBytTzebJxaa-w,UChgkn5Jt5tWKYMoEOuCjz3Q,1
UCRelkU8JiZBytTzebJxaa-w,UCZ51R_9Q9C0c8I3pAWhtmjQ,1
UCRelkU8JiZBytTzebJxaa-w,UCxff05WuyvwELNITi7bj7UA,1
UCRelkU8JiZBytTzebJxaa-w,UCTP3O0rMnc8z8v8jaDQwL0w,1
UCRelkU8JiZBytTzebJxaa-w,UCzoL2l5H5eVlorWGH8AZfAg,1
UCRelkU8JiZBytTzebJxaa-w,UCAmtbUiIrUIhikru0ZoTFig,1
UCRelkU8JiZBytTzebJxaa-w,UCRlCV9zSn7avAWh-9_XFWqQ,1
UCRelkU8JiZBytTzebJxaa-w,UCpl8rF8uv_8uui-QRvuJaRA,1
UCRelkU8JiZBytTzebJxaa-w,UCsUCN0Yq_UyTvKjOJLmNrnQ,1
UCRelkU8JiZBytTzebJxaa-w,UCjSKM9j0Q7HLDr1hD6D-TUw,1
UCRelkU8JiZBytTzebJxaa-w,UChep9kVb5gQmpodEEl10Xlg,1
UCRelkU8JiZBytTzebJxaa-w,UC-pNP6RMFuLg_-x7Ah_0kEA,1
UCRelkU8JiZBytTzebJxaa-w,UCDftMWXQoJ6nONfY7GVOVjg,1
UCRelkU8JiZBytTzebJxaa-w,UCEgEQmRbtL5fwr9_DqAC--g,1
UCRelkU8JiZBytTzebJxaa-w,UCDQaQv0hr2SS_PO-CMEwVHg,1
UCRelkU8JiZBytTzebJxaa-w,UCtNfIBnc5S5DbbQj_yxgJTw,1
UCRelkU8JiZBytTzebJxaa-w,UCvApqeCbLod-wejtT4CcVuA,1
UCRelkU8JiZBytTzebJxaa-w,UCrJn_rbo_ENAdeqneS-RmRw,1
UCRelkU8JiZBytTzebJxaa-w,UCTylKrsqkrBKIqubMu_5N0Q,1
UCRelkU8JiZBytTzebJxaa-w,UCFjudnPLoaSL1BaRuLahyHg,1
UCRelkU8JiZBytTzebJxaa-w,UCThW2XNsAaBKme5PUt7n-Zg,1
UCRelkU8JiZBytTzebJxaa-w,UCmjppp6ujz3SAnULvP3sZMw,1
UCRelkU8JiZBytTzebJxaa-w,UCjmPuazZJzscrwvk0QR9RVw,1
UCRelkU8JiZBytTzebJxaa-w,UCr1emrogPKkKTs_WTtx71xg,1
UCRelkU8JiZBytTzebJxaa-w,UCzSfZlOVxBSs5ObD25ywxDQ,1
UCRelkU8JiZBytTzebJxaa-w,UCujPF2nBgsTD62nWE3lcpIg,1
UCRelkU8JiZBytTzebJxaa-w,UC4cXueR2bKGFJV0Fk76gwmA,1
UCRelkU8JiZBytTzebJxaa-w,UCh5ESQvtzyHDhCA7XyekCFA,1
UCRelkU8JiZBytTzebJxaa-w,UCL1MT278vSaQ83ZDkVWn1gw,1
UCRelkU8JiZBytTzebJxaa-w,UCRETAiYdh2dL5ZxB0_N1zDA,1
UCRelkU8JiZBytTzebJxaa-w,UCtUR3_CAiE7fCoZHM6cMfyQ,1
UCRelkU8JiZBytTzebJxaa-w,UCylqlpsh8ENNM1LqgQ1KbxA,1
UCRelkU8JiZBytTzebJxaa-w,UC6YSZqL0vEcI-niPKIMUGfw,1
UCRelkU8JiZBytTzebJxaa-w,UC3NMzdMYryaw82kPTnsaljg,1
UCRelkU8JiZBytTzebJxaa-w,UCsjs5Hp_r86x1xbK6FAeqaA,1
UCRelkU8JiZBytTzebJxaa-w,UCp4iw5_5SmV9VGTFSNVGOmQ,1
UCRelkU8JiZBytTzebJxaa-w,UCKDR0f2fu2UzWL8mBv5-BHw,1
UCRelkU8JiZBytTzebJxaa-w,UC6PvO1_k5lHKGdAPo5_C6TA,1
UCRelkU8JiZBytTzebJxaa-w,UCFUuDARXdmmIrLppEqf-rFg,1
UCRelkU8JiZBytTzebJxaa-w,UC5bG9nc_JV3FsNP2KseQiYw,1
UCRelkU8JiZBytTzebJxaa-w,UC1vr9aaMI2crB0NvwFHUeoQ,1
UCRelkU8JiZBytTzebJxaa-w,UCLggDc_a5HriXv7I1h02sOA,1
UCRelkU8JiZBytTzebJxaa-w,UCDUffaruH6dyUnUGwsTKpgg,1
UCRelkU8JiZBytTzebJxaa-w,UCDlr1VadSucIZgZ171pRBjQ,1
UCRelkU8JiZBytTzebJxaa-w,UCySYJU5kUh7X8gVt9la2ISA,1
UCRelkU8JiZBytTzebJxaa-w,UCHTGCgY2l-DQJIvlA_cpa_Q,1
UCRelkU8JiZBytTzebJxaa-w,UCut6b9S98nv84cVX89PmKzA,1
UCRelkU8JiZBytTzebJxaa-w,UCNkcuy42zEwddwEcOd_HpnA,1
UCRelkU8JiZBytTzebJxaa-w,UC2weSE8rpqkGMOp6StYtVfg,1
UCRelkU8JiZBytTzebJxaa-w,UCpsKOkt5iWTbenzeuq7dsmQ,1
UCRelkU8JiZBytTzebJxaa-w,UCgvw7xIdGFupzpt1Y_BFkEA,1
UCRelkU8JiZBytTzebJxaa-w,UC650pRT-OYzny3GwOH8Cgfw,1
UCRelkU8JiZBytTzebJxaa-w,UCl0ekS9Tt0jJGtOEM18S63w,1
UCRelkU8JiZBytTzebJxaa-w,UCXSkL3ejZ8qWYyF_M7s_QKA,1
UCRelkU8JiZBytTzebJxaa-w,UCiMythXHsw7eQEMykCdmMUA,1
UCRelkU8JiZBytTzebJxaa-w,UCljDbleJul41G1TzOjOZAVA,1
UCRelkU8JiZBytTzebJxaa-w,UCDIMztpVm7G27qBuiWuT6oQ,1
UCRelkU8JiZBytTzebJxaa-w,UCAlzM_N6xBlMYmM8EBzX86Q,1
UCRelkU8JiZBytTzebJxaa-w,UCWIZUtKJ636y-4TYrNvok0g,1
UCRelkU8JiZBytTzebJxaa-w,UChZknRmJkeGeQk0-mQuhDOg,1
UCRelkU8JiZBytTzebJxaa-w,UCmvOgzmmXbjUthHy-WJ52hQ,1
UCRelkU8JiZBytTzebJxaa-w,UCNBnKqWf4d-rS4HwJRQljmQ,1
UCRelkU8JiZBytTzebJxaa-w,UCOh6DaZC_x9HASnlRylEMfw,1
UCRelkU8JiZBytTzebJxaa-w,UC-jS_kA9w-OmpupXDx156Rg,1
UCRelkU8JiZBytTzebJxaa-w,UCCaYwkkbQGcvFoUmothVdQQ,1
UCRelkU8JiZBytTzebJxaa-w,UCXgr7vXlRrsaskPdo097kGA,1
UCgLurCo-e019HGODcjXHWCw,UCHMQ_lDhibZ-XZ_3fo6oxwg,1
UCgLurCo-e019HGODcjXHWCw,UCFOxCyF926Y9eHhMeVoWLzw,1
UCgLurCo-e019HGODcjXHWCw,UCaT6M2zp7X6r6Whd8Vv3kHQ,1
UCgLurCo-e019HGODcjXHWCw,UC0RpuMwkDKJYqgKHtsJRuWQ,1
UCgLurCo-e019HGODcjXHWCw,UC5fvhAfm89JH8eDFdvc0xYw,1
UCgLurCo-e019HGODcjXHWCw,UCqilIa8r7iek5sGYg_q6ofA,1
UCgLurCo-e019HGODcjXHWCw,UC0aEyakBPqcBkVJiErfSupQ,1
UCgLurCo-e019HGODcjXHWCw,UCi-vPdnpQreC7BkFs40mJGA,1
UCgLurCo-e019HGODcjXHWCw,UCRznz9-N3Qc1w-qNdLSIY2Q,1
UCgLurCo-e019HGODcjXHWCw,UC_ljZ1hZXR9pzexFz87P5ZA,1
UCgLurCo-e019HGODcjXHWCw,UC5PyGvSfFM--OVKmQ3COu6g,1
UCgLurCo-e019HGODcjXHWCw,UCIp19h9igblA2YKfSLPDAug,1
UCgLurCo-e019HGODcjXHWCw,UCRcSR3Lvn9DZAmJpVPANfZQ,1
UCgLurCo-e019HGODcjXHWCw,UCGqKxQS-z3NZzZF-2w338AA,1
UCgLurCo-e019HGODcjXHWCw,UCSTAUWVc1_82DHYeqOsqEFA,1
UCgLurCo-e019HGODcjXHWCw,UCs_5qeqdku9tGAq22y3OcuQ,1
UCgLurCo-e019HGODcjXHWCw,UCIUhbSCy3-SGRe5UtqM4fzQ,1
UCgLurCo-e019HGODcjXHWCw,UCwUAv3_LpWVtTIi7lkmTL7A,1
UCgLurCo-e019HGODcjXHWCw,UCyzf29IYjNw67gGIfsjgtxA,1
UCgLurCo-e019HGODcjXHWCw,UCgLrWFdYitoP-b7-PxtUr-w,1
UCgLurCo-e019HGODcjXHWCw,UCY7Hq7F9Lnucf-Yr6JkHZNw,1
UCgLurCo-e019HGODcjXHWCw,UCXmrpc6Li0spcKxtS0Q_ptg,1
UCgLurCo-e019HGODcjXHWCw,UCxKR3RA8T-kxMgq_2WWhRcQ,1
UCgLurCo-e019HGODcjXHWCw,UCtMBF_1O2jY2INlb_luuB_A,1
UCDIMztpVm7G27qBuiWuT6oQ,UCQqetiwzzmRNTM5OWuXarGQ,1
UCDIMztpVm7G27qBuiWuT6oQ,UCQ_-LPP8JAbfkc-b1Q6NvWw,1
UCDIMztpVm7G27qBuiWuT6oQ,UC9xr9QvIcDvoZNUX5f-jaZw,1
UCDIMztpVm7G27qBuiWuT6oQ,UC-hfX8J5JPJ-dfuakzegMLA,1
UCDIMztpVm7G27qBuiWuT6oQ,UCpIdtvoFHVLGASGB5ySqIEA,1
UCDIMztpVm7G27qBuiWuT6oQ,UCipetjeiWj4CZB6EbyYziZg,1
UCDIMztpVm7G27qBuiWuT6oQ,UCiGRBf2RNF0WRKhRVT7zFoA,1
UCDIMztpVm7G27qBuiWuT6oQ,UCYwpX26TrCxq8TvbKGRYLXA,1
UCDIMztpVm7G27qBuiWuT6oQ,UChs3tU2BcKOT0CezykvAsGw,1
UCDIMztpVm7G27qBuiWuT6oQ,UCDPWkUX3sNNaCx-m1dV4glA,1
UCDIMztpVm7G27qBuiWuT6oQ,UC3qn1yJA5PeW9rkGPatQxiw,1
UCDIMztpVm7G27qBuiWuT6oQ,UCOLGv5Pf6BF2wFcwUzgcvHg,1
UCDIMztpVm7G27qBuiWuT6oQ,UCz3gu01bmjNv0DpRq-K3XYg,1
UCDIMztpVm7G27qBuiWuT6oQ,UCXr8_5WtGeipe4haOoQDgyQ,1
UCDIMztpVm7G27qBuiWuT6oQ,UC8r11yOugM2NuRfitQOxLLg,1
UCDIMztpVm7G27qBuiWuT6oQ,UC4wq3DcbfaG6dtCqn8Oyu3w,1
UCDIMztpVm7G27qBuiWuT6oQ,UCwha8rxULYMVtNwZWeSkE1A,1
UCDIMztpVm7G27qBuiWuT6oQ,UCwO2SXr0ggzwg6QWWrr01nQ,1
UCDIMztpVm7G27qBuiWuT6oQ,UCL13XhnRzbGokEkCkEOb0-g,1
UCDIMztpVm7G27qBuiWuT6oQ,UCUIIIPTVDVHAXqhC_5V6lPA,1
UCDIMztpVm7G27qBuiWuT6oQ,UCXXh7yg5KUFIWylTiKVEFKQ,1
UCDIMztpVm7G27qBuiWuT6oQ,UC9vMq1YF-e7C-VO0SHkbUTA,1
UCDIMztpVm7G27qBuiWuT6oQ,UCErZPJpHmLCsXs8ZWkAUupQ,1
UCDIMztpVm7G27qBuiWuT6oQ,UCQgYjVngJRfPHDLGB5X6ZjA,1
UCDIMztpVm7G27qBuiWuT6oQ,UCTwSut16JyAg3mX6LVUNGqA,1
UCDIMztpVm7G27qBuiWuT6oQ,UCj-LL25XJnjxepPKCc3NGog,1
UCDIMztpVm7G27qBuiWuT6oQ,UCYN4wSQ1Sx4_LurxLlW7MPg,1
UCDIMztpVm7G27qBuiWuT6oQ,UCsSXdJct-nsS8DsABoEsaYA,1
UCDIMztpVm7G27qBuiWuT6oQ,UCOS8ViEkccrTZx2w2ccxotA,1
UCDIMztpVm7G27qBuiWuT6oQ,UCwW2OFy95P7ZBkOPxWkpvYg,1
UCDIMztpVm7G27qBuiWuT6oQ,UCi1b_TRQfgO1Z9O2gNGGWNA,1
UCDIMztpVm7G27qBuiWuT6oQ,UC7VUuJr9cGh845CmTvf7TlQ,1
UCDIMztpVm7G27qBuiWuT6oQ,UCplrIQtaPj6au60_f2-mOYw,1
UCDIMztpVm7G27qBuiWuT6oQ,UCSou6a2OuYGSvPjm5psquyA,1
UCDIMztpVm7G27qBuiWuT6oQ,UCsJJAvrVGupdmhOqgtDp8dg,1
UCDIMztpVm7G27qBuiWuT6oQ,UCFhxtoeARHPnXXPcDrOU3Xg,1
UCDIMztpVm7G27qBuiWuT6oQ,UC5H8ASmMC9WrURmzeB4ySog,1
UCDIMztpVm7G27qBuiWuT6oQ,UCGzXwyCzMzGmjmCbH3Hg01Q,1
UCDIMztpVm7G27qBuiWuT6oQ,UCueV9cTyTDwgQSec1x2dYgA,1
UCDIMztpVm7G27qBuiWuT6oQ,UC3MYTqpQqlWBuCB7Th0e0PA,1
UCDIMztpVm7G27qBuiWuT6oQ,UC3E9mAgP7VoAE5mZoAexl5g,1
UCDIMztpVm7G27qBuiWuT6oQ,UCB5p8a5gklc80jJItP6xTHg,1
UCDIMztpVm7G27qBuiWuT6oQ,UCcfdg8crmMJwEuLUsAhV7yg,1
UCDIMztpVm7G27qBuiWuT6oQ,UCQtICyzWmhC5woCtbNgaSmg,1
UCDIMztpVm7G27qBuiWuT6oQ,UCLFdHr9BEbXHkoJopbEPLZw,1
UCDIMztpVm7G27qBuiWuT6oQ,UCQtSFINs1h6GHkpg9o5kMvg,1
UCDIMztpVm7G27qBuiWuT6oQ,UCfM3nrxtTQMY5jFx1v1J4Gg,1
UCDIMztpVm7G27qBuiWuT6oQ,UCV0iizTBoOfdAFX_thfI9BA,1
UCDIMztpVm7G27qBuiWuT6oQ,UCN6qbfPSzFtjhqUDZ3Cv3CQ,1
UCDIMztpVm7G27qBuiWuT6oQ,UCFoIAE8k82D6AV-8gjjKaNg,1
UCDIMztpVm7G27qBuiWuT6oQ,UCkd9W714-947dEE6ZOEBATA,1
UCDIMztpVm7G27qBuiWuT6oQ,UCA93ym2TXs_Ibyxb4Vcn-6Q,1
UCDIMztpVm7G27qBuiWuT6oQ,UCHhHUjaMAZ8SiXdCUCj9DkQ,1
UCDIMztpVm7G27qBuiWuT6oQ,UCFxE8GbokBrBsPEKM1xrOjQ,1
UCDIMztpVm7G27qBuiWuT6oQ,UC8F2V63KZ4ZEay6opX2hAQw,1
UCDIMztpVm7G27qBuiWuT6oQ,UC8G5cJONY8L9voMyBW8Eoug,1
UCDIMztpVm7G27qBuiWuT6oQ,UC3XTwHxygNCgjndsg-UiCQA,1
UCDIMztpVm7G27qBuiWuT6oQ,UCTD6q1nyIe3Y7HhqjaMj72w,1
UCDIMztpVm7G27qBuiWuT6oQ,UC72gBAtyb_VXQlYDcFrh6oQ,1
UCDIMztpVm7G27qBuiWuT6oQ,UC2Y_EHWQKevubk4vOEBBFxw,1
UCDIMztpVm7G27qBuiWuT6oQ,UCZLG9qH0tUjNhEGFIUt0CYw,1
UCDIMztpVm7G27qBuiWuT6oQ,UChgkn5Jt5tWKYMoEOuCjz3Q,1
UCDIMztpVm7G27qBuiWuT6oQ,UCZ51R_9Q9C0c8I3pAWhtmjQ,1
UCDIMztpVm7G27qBuiWuT6oQ,UCxff05WuyvwELNITi7bj7UA,1
UCDIMztpVm7G27qBuiWuT6oQ,UCTP3O0rMnc8z8v8jaDQwL0w,1
UCDIMztpVm7G27qBuiWuT6oQ,UCzoL2l5H5eVlorWGH8AZfAg,1
UCDIMztpVm7G27qBuiWuT6oQ,UCAmtbUiIrUIhikru0ZoTFig,1
UCDIMztpVm7G27qBuiWuT6oQ,UCRlCV9zSn7avAWh-9_XFWqQ,1
UCDIMztpVm7G27qBuiWuT6oQ,UCpl8rF8uv_8uui-QRvuJaRA,1
UCDIMztpVm7G27qBuiWuT6oQ,UCsUCN0Yq_UyTvKjOJLmNrnQ,1
UCDIMztpVm7G27qBuiWuT6oQ,UCjSKM9j0Q7HLDr1hD6D-TUw,1
UCDIMztpVm7G27qBuiWuT6oQ,UChep9kVb5gQmpodEEl10Xlg,1
UCDIMztpVm7G27qBuiWuT6oQ,UC-pNP6RMFuLg_-x7Ah_0kEA,1
UCDIMztpVm7G27qBuiWuT6oQ,UCDftMWXQoJ6nONfY7GVOVjg,1
UCDIMztpVm7G27qBuiWuT6oQ,UCEgEQmRbtL5fwr9_DqAC--g,1
UCDIMztpVm7G27qBuiWuT6oQ,UCDQaQv0hr2SS_PO-CMEwVHg,1
UCDIMztpVm7G27qBuiWuT6oQ,UCtNfIBnc5S5DbbQj_yxgJTw,1
UCDIMztpVm7G27qBuiWuT6oQ,UCvApqeCbLod-wejtT4CcVuA,1
UCDIMztpVm7G27qBuiWuT6oQ,UCrJn_rbo_ENAdeqneS-RmRw,1
UCDIMztpVm7G27qBuiWuT6oQ,UCTylKrsqkrBKIqubMu_5N0Q,1
UCDIMztpVm7G27qBuiWuT6oQ,UCFjudnPLoaSL1BaRuLahyHg,1
UCDIMztpVm7G27qBuiWuT6oQ,UCThW2XNsAaBKme5PUt7n-Zg,1
UCDIMztpVm7G27qBuiWuT6oQ,UCmjppp6ujz3SAnULvP3sZMw,1
UCDIMztpVm7G27qBuiWuT6oQ,UCjmPuazZJzscrwvk0QR9RVw,1
UCDIMztpVm7G27qBuiWuT6oQ,UCr1emrogPKkKTs_WTtx71xg,1
UCDIMztpVm7G27qBuiWuT6oQ,UCzSfZlOVxBSs5ObD25ywxDQ,1
UCDIMztpVm7G27qBuiWuT6oQ,UCujPF2nBgsTD62nWE3lcpIg,1
UCDIMztpVm7G27qBuiWuT6oQ,UC4cXueR2bKGFJV0Fk76gwmA,1
UCDIMztpVm7G27qBuiWuT6oQ,UCh5ESQvtzyHDhCA7XyekCFA,1
UCDIMztpVm7G27qBuiWuT6oQ,UCL1MT278vSaQ83ZDkVWn1gw,1
UCDIMztpVm7G27qBuiWuT6oQ,UCRETAiYdh2dL5ZxB0_N1zDA,1
UCDIMztpVm7G27qBuiWuT6oQ,UCtUR3_CAiE7fCoZHM6cMfyQ,1
UCDIMztpVm7G27qBuiWuT6oQ,UCylqlpsh8ENNM1LqgQ1KbxA,1
UCDIMztpVm7G27qBuiWuT6oQ,UC6YSZqL0vEcI-niPKIMUGfw,1
UCDIMztpVm7G27qBuiWuT6oQ,UC3NMzdMYryaw82kPTnsaljg,1
UCDIMztpVm7G27qBuiWuT6oQ,UCsjs5Hp_r86x1xbK6FAeqaA,1
UCDIMztpVm7G27qBuiWuT6oQ,UCp4iw5_5SmV9VGTFSNVGOmQ,1
UCDIMztpVm7G27qBuiWuT6oQ,UCKDR0f2fu2UzWL8mBv5-BHw,1
UCDIMztpVm7G27qBuiWuT6oQ,UC6PvO1_k5lHKGdAPo5_C6TA,1
UCDIMztpVm7G27qBuiWuT6oQ,UCFUuDARXdmmIrLppEqf-rFg,1
UCDIMztpVm7G27qBuiWuT6oQ,UC5bG9nc_JV3FsNP2KseQiYw,1
UCDIMztpVm7G27qBuiWuT6oQ,UC1vr9aaMI2crB0NvwFHUeoQ,1
UCDIMztpVm7G27qBuiWuT6oQ,UCLggDc_a5HriXv7I1h02sOA,1
UCDIMztpVm7G27qBuiWuT6oQ,UCDUffaruH6dyUnUGwsTKpgg,1
UCDIMztpVm7G27qBuiWuT6oQ,UCDlr1VadSucIZgZ171pRBjQ,1
UCDIMztpVm7G27qBuiWuT6oQ,UCySYJU5kUh7X8gVt9la2ISA,1
UCDIMztpVm7G27qBuiWuT6oQ,UCHTGCgY2l-DQJIvlA_cpa_Q,1
UCDIMztpVm7G27qBuiWuT6oQ,UCut6b9S98nv84cVX89PmKzA,1
UCDIMztpVm7G27qBuiWuT6oQ,UCNkcuy42zEwddwEcOd_HpnA,1
UCDIMztpVm7G27qBuiWuT6oQ,UC2weSE8rpqkGMOp6StYtVfg,1
UCDIMztpVm7G27qBuiWuT6oQ,UCpsKOkt5iWTbenzeuq7dsmQ,1
UCDIMztpVm7G27qBuiWuT6oQ,UCgvw7xIdGFupzpt1Y_BFkEA,1
UCDIMztpVm7G27qBuiWuT6oQ,UC650pRT-OYzny3GwOH8Cgfw,1
UCDIMztpVm7G27qBuiWuT6oQ,UCl0ekS9Tt0jJGtOEM18S63w,1
UCDIMztpVm7G27qBuiWuT6oQ,UCXSkL3ejZ8qWYyF_M7s_QKA,1
UCDIMztpVm7G27qBuiWuT6oQ,UCiMythXHsw7eQEMykCdmMUA,1
UCDIMztpVm7G27qBuiWuT6oQ,UCljDbleJul41G1TzOjOZAVA,1
UCDIMztpVm7G27qBuiWuT6oQ,UCAlzM_N6xBlMYmM8EBzX86Q,1
UCDIMztpVm7G27qBuiWuT6oQ,UCWIZUtKJ636y-4TYrNvok0g,1
UCDIMztpVm7G27qBuiWuT6oQ,UChZknRmJkeGeQk0-mQuhDOg,1
UCDIMztpVm7G27qBuiWuT6oQ,UCmvOgzmmXbjUthHy-WJ52hQ,1
UCDIMztpVm7G27qBuiWuT6oQ,UCNBnKqWf4d-rS4HwJRQljmQ,1
UCDIMztpVm7G27qBuiWuT6oQ,UCOh6DaZC_x9HASnlRylEMfw,1
UCDIMztpVm7G27qBuiWuT6oQ,UC-jS_kA9w-OmpupXDx156Rg,1
UCDIMztpVm7G27qBuiWuT6oQ,UCCaYwkkbQGcvFoUmothVdQQ,1
UCDIMztpVm7G27qBuiWuT6oQ,UCXgr7vXlRrsaskPdo097kGA,1
UCZOmq6MwFDVoCaEl99BRRaw,UCvcu1kR8xMYy_I1Ty-2mV2Q,1
UCZOmq6MwFDVoCaEl99BRRaw,UCJp3OrVYcBorC94sKwdch_A,1
UCZOmq6MwFDVoCaEl99BRRaw,UCbrtvygfRT6QXqWDNrOf-cA,1
UCZOmq6MwFDVoCaEl99BRRaw,UC5wuDq3U3vRAhOQI3D7gNdw,1
UCZOmq6MwFDVoCaEl99BRRaw,UCjJf-AJKRFFWtiN-CSwkDmA,1
UCZOmq6MwFDVoCaEl99BRRaw,UCVC2QugcI1G4RvlCiUqd1aQ,1
UCZOmq6MwFDVoCaEl99BRRaw,UC_6KbBY1bsYXz9fwFS0eQRg,1
UCZOmq6MwFDVoCaEl99BRRaw,UCpsKOkt5iWTbenzeuq7dsmQ,1
UCZOmq6MwFDVoCaEl99BRRaw,UCnU8wO1OurAmGstDw6VGjgQ,1
UCFybmWapGvBKcQod7cPPH9w,UCql1n3Ey6ULMSOACjMe-fxQ,1
UCFybmWapGvBKcQod7cPPH9w,UCwxoKK59nGCeBqB2sXfDBIw,1
UCFybmWapGvBKcQod7cPPH9w,UC-HeUTT6_g-VoiWds2a4H-w,1
UCFybmWapGvBKcQod7cPPH9w,UCheEJ5GZuIvV0fj-nXyVwXw,1
UCFybmWapGvBKcQod7cPPH9w,UCtsxPYw8VUsH_FfnKg-0lmw,1
UCFybmWapGvBKcQod7cPPH9w,UCvDwJBBY1mHK70aTEYl6rsA,1
UCFybmWapGvBKcQod7cPPH9w,UCfo_yUPzy1f1POwwZxhZ06Q,1
UCFybmWapGvBKcQod7cPPH9w,UCoGdCoJg2Lh0OX_jv6cG16g,1
UCFybmWapGvBKcQod7cPPH9w,UCRfkkatKrNtAARnXMMYBGlA,1
UCFybmWapGvBKcQod7cPPH9w,UCiOZX__1gahg1ypIj0_XG_w,1
UCFybmWapGvBKcQod7cPPH9w,UCyJhqmMbsvjpoarBBStA2kg,1
UCFybmWapGvBKcQod7cPPH9w,UCa36MjQLoPAmgJo-R3G8WQA,1
UCFybmWapGvBKcQod7cPPH9w,UCZFQwqh90apuL8eFhvRBkUg,1
UCFybmWapGvBKcQod7cPPH9w,UCEHXl4VvvVpq-_4xC5tsbhg,1
UCFybmWapGvBKcQod7cPPH9w,UCtCtts20bW6F9CSohau51Iw,1
UCFybmWapGvBKcQod7cPPH9w,UCWaRixDdpgllTBf4V0jPnKQ,1
UCFybmWapGvBKcQod7cPPH9w,UCp29O_C7cchZV8IxV7Crdag,1
UCFybmWapGvBKcQod7cPPH9w,UCjZgFEowMBrsjodqfovzdKw,1
UCFybmWapGvBKcQod7cPPH9w,UCWvntqPQx99k_Z_skWKqNSA,1
UCFybmWapGvBKcQod7cPPH9w,UC1NiEdJ7gk6FlDexIalWnGg,1
UCFybmWapGvBKcQod7cPPH9w,UC3YpzAr7pcdKC7BVFEpYzog,1
UCFybmWapGvBKcQod7cPPH9w,UCV3fr-YOixFKCZBbJP1-X4w,1
UCFybmWapGvBKcQod7cPPH9w,UC63tFvbQ_hJhGDi2nbjssjw,1
UCFybmWapGvBKcQod7cPPH9w,UCaT4saRcyqCLE657Rq2hhZQ,1
UCFybmWapGvBKcQod7cPPH9w,UC14qlobYKqD-DO0j6b75lcA,1
UCFybmWapGvBKcQod7cPPH9w,UC0HvfEWozTHbwl_iEmJNvVA,1
UCFybmWapGvBKcQod7cPPH9w,UC-Iul5tDYH_oiAMXQH-KaaQ,1
UCFybmWapGvBKcQod7cPPH9w,UCgGqw4aqMdMVSGkKiMgrJRQ,1
UCFybmWapGvBKcQod7cPPH9w,UCzZ6dDCEsLMXbc5pCFXIprw,1
UCFybmWapGvBKcQod7cPPH9w,UChyps3dqY-VY1_wLeq-2lhw,1
UCFybmWapGvBKcQod7cPPH9w,UCeQk-WfEA-cJRq4EKeE7TOw,1
UCh5ESQvtzyHDhCA7XyekCFA,UCQqetiwzzmRNTM5OWuXarGQ,1
UCh5ESQvtzyHDhCA7XyekCFA,UCQ_-LPP8JAbfkc-b1Q6NvWw,1
UCh5ESQvtzyHDhCA7XyekCFA,UC9xr9QvIcDvoZNUX5f-jaZw,1
UCh5ESQvtzyHDhCA7XyekCFA,UC-hfX8J5JPJ-dfuakzegMLA,1
UCh5ESQvtzyHDhCA7XyekCFA,UCpIdtvoFHVLGASGB5ySqIEA,1
UCh5ESQvtzyHDhCA7XyekCFA,UCipetjeiWj4CZB6EbyYziZg,1
UCh5ESQvtzyHDhCA7XyekCFA,UCiGRBf2RNF0WRKhRVT7zFoA,1
UCh5ESQvtzyHDhCA7XyekCFA,UCYwpX26TrCxq8TvbKGRYLXA,1
UCh5ESQvtzyHDhCA7XyekCFA,UChs3tU2BcKOT0CezykvAsGw,1
UCh5ESQvtzyHDhCA7XyekCFA,UCDPWkUX3sNNaCx-m1dV4glA,1
UCh5ESQvtzyHDhCA7XyekCFA,UC3qn1yJA5PeW9rkGPatQxiw,1
UCh5ESQvtzyHDhCA7XyekCFA,UCOLGv5Pf6BF2wFcwUzgcvHg,1
UCh5ESQvtzyHDhCA7XyekCFA,UCz3gu01bmjNv0DpRq-K3XYg,1
UCh5ESQvtzyHDhCA7XyekCFA,UCXr8_5WtGeipe4haOoQDgyQ,1
UCh5ESQvtzyHDhCA7XyekCFA,UC8r11yOugM2NuRfitQOxLLg,1
UCh5ESQvtzyHDhCA7XyekCFA,UC4wq3DcbfaG6dtCqn8Oyu3w,1
UCh5ESQvtzyHDhCA7XyekCFA,UCwha8rxULYMVtNwZWeSkE1A,1
UCh5ESQvtzyHDhCA7XyekCFA,UCwO2SXr0ggzwg6QWWrr01nQ,1
UCh5ESQvtzyHDhCA7XyekCFA,UCL13XhnRzbGokEkCkEOb0-g,1
UCh5ESQvtzyHDhCA7XyekCFA,UCUIIIPTVDVHAXqhC_5V6lPA,1
UCh5ESQvtzyHDhCA7XyekCFA,UCXXh7yg5KUFIWylTiKVEFKQ,1
UCh5ESQvtzyHDhCA7XyekCFA,UC9vMq1YF-e7C-VO0SHkbUTA,1
UCh5ESQvtzyHDhCA7XyekCFA,UCErZPJpHmLCsXs8ZWkAUupQ,1
UCh5ESQvtzyHDhCA7XyekCFA,UCQgYjVngJRfPHDLGB5X6ZjA,1
UCh5ESQvtzyHDhCA7XyekCFA,UCTwSut16JyAg3mX6LVUNGqA,1
UCh5ESQvtzyHDhCA7XyekCFA,UCj-LL25XJnjxepPKCc3NGog,1
UCh5ESQvtzyHDhCA7XyekCFA,UCYN4wSQ1Sx4_LurxLlW7MPg,1
UCh5ESQvtzyHDhCA7XyekCFA,UCsSXdJct-nsS8DsABoEsaYA,1
UCh5ESQvtzyHDhCA7XyekCFA,UCOS8ViEkccrTZx2w2ccxotA,1
UCh5ESQvtzyHDhCA7XyekCFA,UCwW2OFy95P7ZBkOPxWkpvYg,1
UCh5ESQvtzyHDhCA7XyekCFA,UCi1b_TRQfgO1Z9O2gNGGWNA,1
UCh5ESQvtzyHDhCA7XyekCFA,UC7VUuJr9cGh845CmTvf7TlQ,1
UCh5ESQvtzyHDhCA7XyekCFA,UCplrIQtaPj6au60_f2-mOYw,1
UCh5ESQvtzyHDhCA7XyekCFA,UCSou6a2OuYGSvPjm5psquyA,1
UCh5ESQvtzyHDhCA7XyekCFA,UCsJJAvrVGupdmhOqgtDp8dg,1
UCh5ESQvtzyHDhCA7XyekCFA,UCFhxtoeARHPnXXPcDrOU3Xg,1
UCh5ESQvtzyHDhCA7XyekCFA,UC5H8ASmMC9WrURmzeB4ySog,1
UCh5ESQvtzyHDhCA7XyekCFA,UCGzXwyCzMzGmjmCbH3Hg01Q,1
UCh5ESQvtzyHDhCA7XyekCFA,UCueV9cTyTDwgQSec1x2dYgA,1
UCh5ESQvtzyHDhCA7XyekCFA,UC3MYTqpQqlWBuCB7Th0e0PA,1
UCh5ESQvtzyHDhCA7XyekCFA,UC3E9mAgP7VoAE5mZoAexl5g,1
UCh5ESQvtzyHDhCA7XyekCFA,UCB5p8a5gklc80jJItP6xTHg,1
UCh5ESQvtzyHDhCA7XyekCFA,UCcfdg8crmMJwEuLUsAhV7yg,1
UCh5ESQvtzyHDhCA7XyekCFA,UCQtICyzWmhC5woCtbNgaSmg,1
UCh5ESQvtzyHDhCA7XyekCFA,UCLFdHr9BEbXHkoJopbEPLZw,1
UCh5ESQvtzyHDhCA7XyekCFA,UCQtSFINs1h6GHkpg9o5kMvg,1
UCh5ESQvtzyHDhCA7XyekCFA,UCfM3nrxtTQMY5jFx1v1J4Gg,1
UCh5ESQvtzyHDhCA7XyekCFA,UCV0iizTBoOfdAFX_thfI9BA,1
UCh5ESQvtzyHDhCA7XyekCFA,UCN6qbfPSzFtjhqUDZ3Cv3CQ,1
UCh5ESQvtzyHDhCA7XyekCFA,UCFoIAE8k82D6AV-8gjjKaNg,1
UCh5ESQvtzyHDhCA7XyekCFA,UCkd9W714-947dEE6ZOEBATA,1
UCh5ESQvtzyHDhCA7XyekCFA,UCA93ym2TXs_Ibyxb4Vcn-6Q,1
UCh5ESQvtzyHDhCA7XyekCFA,UCHhHUjaMAZ8SiXdCUCj9DkQ,1
UCh5ESQvtzyHDhCA7XyekCFA,UCFxE8GbokBrBsPEKM1xrOjQ,1
UCh5ESQvtzyHDhCA7XyekCFA,UC8F2V63KZ4ZEay6opX2hAQw,1
UCh5ESQvtzyHDhCA7XyekCFA,UC8G5cJONY8L9voMyBW8Eoug,1
UCh5ESQvtzyHDhCA7XyekCFA,UC3XTwHxygNCgjndsg-UiCQA,1
UCh5ESQvtzyHDhCA7XyekCFA,UCTD6q1nyIe3Y7HhqjaMj72w,1
UCh5ESQvtzyHDhCA7XyekCFA,UC72gBAtyb_VXQlYDcFrh6oQ,1
UCh5ESQvtzyHDhCA7XyekCFA,UC2Y_EHWQKevubk4vOEBBFxw,1
UCh5ESQvtzyHDhCA7XyekCFA,UCZLG9qH0tUjNhEGFIUt0CYw,1
UCh5ESQvtzyHDhCA7XyekCFA,UChgkn5Jt5tWKYMoEOuCjz3Q,1
UCh5ESQvtzyHDhCA7XyekCFA,UCZ51R_9Q9C0c8I3pAWhtmjQ,1
UCh5ESQvtzyHDhCA7XyekCFA,UCxff05WuyvwELNITi7bj7UA,1
UCh5ESQvtzyHDhCA7XyekCFA,UCTP3O0rMnc8z8v8jaDQwL0w,1
UCh5ESQvtzyHDhCA7XyekCFA,UCzoL2l5H5eVlorWGH8AZfAg,1
UCh5ESQvtzyHDhCA7XyekCFA,UCAmtbUiIrUIhikru0ZoTFig,1
UCh5ESQvtzyHDhCA7XyekCFA,UCRlCV9zSn7avAWh-9_XFWqQ,1
UCh5ESQvtzyHDhCA7XyekCFA,UCpl8rF8uv_8uui-QRvuJaRA,1
UCh5ESQvtzyHDhCA7XyekCFA,UCsUCN0Yq_UyTvKjOJLmNrnQ,1
UCh5ESQvtzyHDhCA7XyekCFA,UCjSKM9j0Q7HLDr1hD6D-TUw,1
UCh5ESQvtzyHDhCA7XyekCFA,UChep9kVb5gQmpodEEl10Xlg,1
UCh5ESQvtzyHDhCA7XyekCFA,UC-pNP6RMFuLg_-x7Ah_0kEA,1
UCh5ESQvtzyHDhCA7XyekCFA,UCDftMWXQoJ6nONfY7GVOVjg,1
UCh5ESQvtzyHDhCA7XyekCFA,UCEgEQmRbtL5fwr9_DqAC--g,1
UCh5ESQvtzyHDhCA7XyekCFA,UCDQaQv0hr2SS_PO-CMEwVHg,1
UCh5ESQvtzyHDhCA7XyekCFA,UCtNfIBnc5S5DbbQj_yxgJTw,1
UCh5ESQvtzyHDhCA7XyekCFA,UCvApqeCbLod-wejtT4CcVuA,1
UCh5ESQvtzyHDhCA7XyekCFA,UCrJn_rbo_ENAdeqneS-RmRw,1
UCh5ESQvtzyHDhCA7XyekCFA,UCTylKrsqkrBKIqubMu_5N0Q,1
UCh5ESQvtzyHDhCA7XyekCFA,UCFjudnPLoaSL1BaRuLahyHg,1
UCh5ESQvtzyHDhCA7XyekCFA,UCThW2XNsAaBKme5PUt7n-Zg,1
UCh5ESQvtzyHDhCA7XyekCFA,UCmjppp6ujz3SAnULvP3sZMw,1
UCh5ESQvtzyHDhCA7XyekCFA,UCjmPuazZJzscrwvk0QR9RVw,1
UCh5ESQvtzyHDhCA7XyekCFA,UCr1emrogPKkKTs_WTtx71xg,1
UCh5ESQvtzyHDhCA7XyekCFA,UCzSfZlOVxBSs5ObD25ywxDQ,1
UCh5ESQvtzyHDhCA7XyekCFA,UCujPF2nBgsTD62nWE3lcpIg,1
UCh5ESQvtzyHDhCA7XyekCFA,UC4cXueR2bKGFJV0Fk76gwmA,1
UCh5ESQvtzyHDhCA7XyekCFA,UCL1MT278vSaQ83ZDkVWn1gw,1
UCh5ESQvtzyHDhCA7XyekCFA,UCRETAiYdh2dL5ZxB0_N1zDA,1
UCh5ESQvtzyHDhCA7XyekCFA,UCtUR3_CAiE7fCoZHM6cMfyQ,1
UCh5ESQvtzyHDhCA7XyekCFA,UCylqlpsh8ENNM1LqgQ1KbxA,1
UCh5ESQvtzyHDhCA7XyekCFA,UC6YSZqL0vEcI-niPKIMUGfw,1
UCh5ESQvtzyHDhCA7XyekCFA,UC3NMzdMYryaw82kPTnsaljg,1
UCh5ESQvtzyHDhCA7XyekCFA,UCsjs5Hp_r86x1xbK6FAeqaA,1
UCh5ESQvtzyHDhCA7XyekCFA,UCp4iw5_5SmV9VGTFSNVGOmQ,1
UCh5ESQvtzyHDhCA7XyekCFA,UCKDR0f2fu2UzWL8mBv5-BHw,1
UCh5ESQvtzyHDhCA7XyekCFA,UC6PvO1_k5lHKGdAPo5_C6TA,1
UCh5ESQvtzyHDhCA7XyekCFA,UCFUuDARXdmmIrLppEqf-rFg,1
UCh5ESQvtzyHDhCA7XyekCFA,UC5bG9nc_JV3FsNP2KseQiYw,1
UCh5ESQvtzyHDhCA7XyekCFA,UC1vr9aaMI2crB0NvwFHUeoQ,1
UCh5ESQvtzyHDhCA7XyekCFA,UCLggDc_a5HriXv7I1h02sOA,1
UCh5ESQvtzyHDhCA7XyekCFA,UCDUffaruH6dyUnUGwsTKpgg,1
UCh5ESQvtzyHDhCA7XyekCFA,UCDlr1VadSucIZgZ171pRBjQ,1
UCh5ESQvtzyHDhCA7XyekCFA,UCySYJU5kUh7X8gVt9la2ISA,1
UCh5ESQvtzyHDhCA7XyekCFA,UCHTGCgY2l-DQJIvlA_cpa_Q,1
UCh5ESQvtzyHDhCA7XyekCFA,UCut6b9S98nv84cVX89PmKzA,1
UCh5ESQvtzyHDhCA7XyekCFA,UCNkcuy42zEwddwEcOd_HpnA,1
UCh5ESQvtzyHDhCA7XyekCFA,UC2weSE8rpqkGMOp6StYtVfg,1
UCh5ESQvtzyHDhCA7XyekCFA,UCpsKOkt5iWTbenzeuq7dsmQ,1
UCh5ESQvtzyHDhCA7XyekCFA,UCgvw7xIdGFupzpt1Y_BFkEA,1
UCh5ESQvtzyHDhCA7XyekCFA,UC650pRT-OYzny3GwOH8Cgfw,1
UCh5ESQvtzyHDhCA7XyekCFA,UCl0ekS9Tt0jJGtOEM18S63w,1
UCh5ESQvtzyHDhCA7XyekCFA,UCXSkL3ejZ8qWYyF_M7s_QKA,1
UCh5ESQvtzyHDhCA7XyekCFA,UCiMythXHsw7eQEMykCdmMUA,1
UCh5ESQvtzyHDhCA7XyekCFA,UCljDbleJul41G1TzOjOZAVA,1
UCh5ESQvtzyHDhCA7XyekCFA,UCAlzM_N6xBlMYmM8EBzX86Q,1
UCh5ESQvtzyHDhCA7XyekCFA,UCWIZUtKJ636y-4TYrNvok0g,1
UCh5ESQvtzyHDhCA7XyekCFA,UChZknRmJkeGeQk0-mQuhDOg,1
UCh5ESQvtzyHDhCA7XyekCFA,UCmvOgzmmXbjUthHy-WJ52hQ,1
UCh5ESQvtzyHDhCA7XyekCFA,UCNBnKqWf4d-rS4HwJRQljmQ,1
UCh5ESQvtzyHDhCA7XyekCFA,UCOh6DaZC_x9HASnlRylEMfw,1
UCh5ESQvtzyHDhCA7XyekCFA,UC-jS_kA9w-OmpupXDx156Rg,1
UCh5ESQvtzyHDhCA7XyekCFA,UCCaYwkkbQGcvFoUmothVdQQ,1
UCh5ESQvtzyHDhCA7XyekCFA,UCXgr7vXlRrsaskPdo097kGA,1
UCWIZUtKJ636y-4TYrNvok0g,UCQqetiwzzmRNTM5OWuXarGQ,1
UCWIZUtKJ636y-4TYrNvok0g,UCQ_-LPP8JAbfkc-b1Q6NvWw,1
UCWIZUtKJ636y-4TYrNvok0g,UC9xr9QvIcDvoZNUX5f-jaZw,1
UCWIZUtKJ636y-4TYrNvok0g,UC-hfX8J5JPJ-dfuakzegMLA,1
UCWIZUtKJ636y-4TYrNvok0g,UCpIdtvoFHVLGASGB5ySqIEA,1
UCWIZUtKJ636y-4TYrNvok0g,UCipetjeiWj4CZB6EbyYziZg,1
UCWIZUtKJ636y-4TYrNvok0g,UCiGRBf2RNF0WRKhRVT7zFoA,1
UCWIZUtKJ636y-4TYrNvok0g,UCYwpX26TrCxq8TvbKGRYLXA,1
UCWIZUtKJ636y-4TYrNvok0g,UChs3tU2BcKOT0CezykvAsGw,1
UCWIZUtKJ636y-4TYrNvok0g,UCDPWkUX3sNNaCx-m1dV4glA,1
UCWIZUtKJ636y-4TYrNvok0g,UC3qn1yJA5PeW9rkGPatQxiw,1
UCWIZUtKJ636y-4TYrNvok0g,UCOLGv5Pf6BF2wFcwUzgcvHg,1
UCWIZUtKJ636y-4TYrNvok0g,UCz3gu01bmjNv0DpRq-K3XYg,1
UCWIZUtKJ636y-4TYrNvok0g,UCXr8_5WtGeipe4haOoQDgyQ,1
UCWIZUtKJ636y-4TYrNvok0g,UC8r11yOugM2NuRfitQOxLLg,1
UCWIZUtKJ636y-4TYrNvok0g,UC4wq3DcbfaG6dtCqn8Oyu3w,1
UCWIZUtKJ636y-4TYrNvok0g,UCwha8rxULYMVtNwZWeSkE1A,1
UCWIZUtKJ636y-4TYrNvok0g,UCwO2SXr0ggzwg6QWWrr01nQ,1
UCWIZUtKJ636y-4TYrNvok0g,UCL13XhnRzbGokEkCkEOb0-g,1
UCWIZUtKJ636y-4TYrNvok0g,UCUIIIPTVDVHAXqhC_5V6lPA,1
UCWIZUtKJ636y-4TYrNvok0g,UCXXh7yg5KUFIWylTiKVEFKQ,1
UCWIZUtKJ636y-4TYrNvok0g,UC9vMq1YF-e7C-VO0SHkbUTA,1
UCWIZUtKJ636y-4TYrNvok0g,UCErZPJpHmLCsXs8ZWkAUupQ,1
UCWIZUtKJ636y-4TYrNvok0g,UCQgYjVngJRfPHDLGB5X6ZjA,1
UCWIZUtKJ636y-4TYrNvok0g,UCTwSut16JyAg3mX6LVUNGqA,1
UCWIZUtKJ636y-4TYrNvok0g,UCj-LL25XJnjxepPKCc3NGog,1
UCWIZUtKJ636y-4TYrNvok0g,UCYN4wSQ1Sx4_LurxLlW7MPg,1
UCWIZUtKJ636y-4TYrNvok0g,UCsSXdJct-nsS8DsABoEsaYA,1
UCWIZUtKJ636y-4TYrNvok0g,UCOS8ViEkccrTZx2w2ccxotA,1
UCWIZUtKJ636y-4TYrNvok0g,UCwW2OFy95P7ZBkOPxWkpvYg,1
UCWIZUtKJ636y-4TYrNvok0g,UCi1b_TRQfgO1Z9O2gNGGWNA,1
UCWIZUtKJ636y-4TYrNvok0g,UC7VUuJr9cGh845CmTvf7TlQ,1
UCWIZUtKJ636y-4TYrNvok0g,UCplrIQtaPj6au60_f2-mOYw,1
UCWIZUtKJ636y-4TYrNvok0g,UCSou6a2OuYGSvPjm5psquyA,1
UCWIZUtKJ636y-4TYrNvok0g,UCsJJAvrVGupdmhOqgtDp8dg,1
UCWIZUtKJ636y-4TYrNvok0g,UCFhxtoeARHPnXXPcDrOU3Xg,1
UCWIZUtKJ636y-4TYrNvok0g,UC5H8ASmMC9WrURmzeB4ySog,1
UCWIZUtKJ636y-4TYrNvok0g,UCGzXwyCzMzGmjmCbH3Hg01Q,1
UCWIZUtKJ636y-4TYrNvok0g,UCueV9cTyTDwgQSec1x2dYgA,1
UCWIZUtKJ636y-4TYrNvok0g,UC3MYTqpQqlWBuCB7Th0e0PA,1
UCWIZUtKJ636y-4TYrNvok0g,UC3E9mAgP7VoAE5mZoAexl5g,1
UCWIZUtKJ636y-4TYrNvok0g,UCB5p8a5gklc80jJItP6xTHg,1
UCWIZUtKJ636y-4TYrNvok0g,UCcfdg8crmMJwEuLUsAhV7yg,1
UCWIZUtKJ636y-4TYrNvok0g,UCQtICyzWmhC5woCtbNgaSmg,1
UCWIZUtKJ636y-4TYrNvok0g,UCLFdHr9BEbXHkoJopbEPLZw,1
UCWIZUtKJ636y-4TYrNvok0g,UCQtSFINs1h6GHkpg9o5kMvg,1
UCWIZUtKJ636y-4TYrNvok0g,UCfM3nrxtTQMY5jFx1v1J4Gg,1
UCWIZUtKJ636y-4TYrNvok0g,UCV0iizTBoOfdAFX_thfI9BA,1
UCWIZUtKJ636y-4TYrNvok0g,UCN6qbfPSzFtjhqUDZ3Cv3CQ,1
UCWIZUtKJ636y-4TYrNvok0g,UCFoIAE8k82D6AV-8gjjKaNg,1
UCWIZUtKJ636y-4TYrNvok0g,UCkd9W714-947dEE6ZOEBATA,1
UCWIZUtKJ636y-4TYrNvok0g,UCA93ym2TXs_Ibyxb4Vcn-6Q,1
UCWIZUtKJ636y-4TYrNvok0g,UCHhHUjaMAZ8SiXdCUCj9DkQ,1
UCWIZUtKJ636y-4TYrNvok0g,UCFxE8GbokBrBsPEKM1xrOjQ,1
UCWIZUtKJ636y-4TYrNvok0g,UC8F2V63KZ4ZEay6opX2hAQw,1
UCWIZUtKJ636y-4TYrNvok0g,UC8G5cJONY8L9voMyBW8Eoug,1
UCWIZUtKJ636y-4TYrNvok0g,UC3XTwHxygNCgjndsg-UiCQA,1
UCWIZUtKJ636y-4TYrNvok0g,UCTD6q1nyIe3Y7HhqjaMj72w,1
UCWIZUtKJ636y-4TYrNvok0g,UC72gBAtyb_VXQlYDcFrh6oQ,1
UCWIZUtKJ636y-4TYrNvok0g,UC2Y_EHWQKevubk4vOEBBFxw,1
UCWIZUtKJ636y-4TYrNvok0g,UCZLG9qH0tUjNhEGFIUt0CYw,1
UCWIZUtKJ636y-4TYrNvok0g,UChgkn5Jt5tWKYMoEOuCjz3Q,1
UCWIZUtKJ636y-4TYrNvok0g,UCZ51R_9Q9C0c8I3pAWhtmjQ,1
UCWIZUtKJ636y-4TYrNvok0g,UCxff05WuyvwELNITi7bj7UA,1
UCWIZUtKJ636y-4TYrNvok0g,UCTP3O0rMnc8z8v8jaDQwL0w,1
UCWIZUtKJ636y-4TYrNvok0g,UCzoL2l5H5eVlorWGH8AZfAg,1
UCWIZUtKJ636y-4TYrNvok0g,UCAmtbUiIrUIhikru0ZoTFig,1
UCWIZUtKJ636y-4TYrNvok0g,UCRlCV9zSn7avAWh-9_XFWqQ,1
UCWIZUtKJ636y-4TYrNvok0g,UCpl8rF8uv_8uui-QRvuJaRA,1
UCWIZUtKJ636y-4TYrNvok0g,UCsUCN0Yq_UyTvKjOJLmNrnQ,1
UCWIZUtKJ636y-4TYrNvok0g,UCjSKM9j0Q7HLDr1hD6D-TUw,1
UCWIZUtKJ636y-4TYrNvok0g,UChep9kVb5gQmpodEEl10Xlg,1
UCWIZUtKJ636y-4TYrNvok0g,UC-pNP6RMFuLg_-x7Ah_0kEA,1
UCWIZUtKJ636y-4TYrNvok0g,UCDftMWXQoJ6nONfY7GVOVjg,1
UCWIZUtKJ636y-4TYrNvok0g,UCEgEQmRbtL5fwr9_DqAC--g,1
UCWIZUtKJ636y-4TYrNvok0g,UCDQaQv0hr2SS_PO-CMEwVHg,1
UCWIZUtKJ636y-4TYrNvok0g,UCtNfIBnc5S5DbbQj_yxgJTw,1
UCWIZUtKJ636y-4TYrNvok0g,UCvApqeCbLod-wejtT4CcVuA,1
UCWIZUtKJ636y-4TYrNvok0g,UCrJn_rbo_ENAdeqneS-RmRw,1
UCWIZUtKJ636y-4TYrNvok0g,UCTylKrsqkrBKIqubMu_5N0Q,1
UCWIZUtKJ636y-4TYrNvok0g,UCFjudnPLoaSL1BaRuLahyHg,1
UCWIZUtKJ636y-4TYrNvok0g,UCThW2XNsAaBKme5PUt7n-Zg,1
UCWIZUtKJ636y-4TYrNvok0g,UCmjppp6ujz3SAnULvP3sZMw,1
UCWIZUtKJ636y-4TYrNvok0g,UCjmPuazZJzscrwvk0QR9RVw,1
UCWIZUtKJ636y-4TYrNvok0g,UCr1emrogPKkKTs_WTtx71xg,1
UCWIZUtKJ636y-4TYrNvok0g,UCzSfZlOVxBSs5ObD25ywxDQ,1
UCWIZUtKJ636y-4TYrNvok0g,UCujPF2nBgsTD62nWE3lcpIg,1
UCWIZUtKJ636y-4TYrNvok0g,UC4cXueR2bKGFJV0Fk76gwmA,1
UCWIZUtKJ636y-4TYrNvok0g,UCL1MT278vSaQ83ZDkVWn1gw,1
UCWIZUtKJ636y-4TYrNvok0g,UCRETAiYdh2dL5ZxB0_N1zDA,1
UCWIZUtKJ636y-4TYrNvok0g,UCtUR3_CAiE7fCoZHM6cMfyQ,1
UCWIZUtKJ636y-4TYrNvok0g,UCylqlpsh8ENNM1LqgQ1KbxA,1
UCWIZUtKJ636y-4TYrNvok0g,UC6YSZqL0vEcI-niPKIMUGfw,1
UCWIZUtKJ636y-4TYrNvok0g,UC3NMzdMYryaw82kPTnsaljg,1
UCWIZUtKJ636y-4TYrNvok0g,UCsjs5Hp_r86x1xbK6FAeqaA,1
UCWIZUtKJ636y-4TYrNvok0g,UCp4iw5_5SmV9VGTFSNVGOmQ,1
UCWIZUtKJ636y-4TYrNvok0g,UCKDR0f2fu2UzWL8mBv5-BHw,1
UCWIZUtKJ636y-4TYrNvok0g,UC6PvO1_k5lHKGdAPo5_C6TA,1
UCWIZUtKJ636y-4TYrNvok0g,UCFUuDARXdmmIrLppEqf-rFg,1
UCWIZUtKJ636y-4TYrNvok0g,UC5bG9nc_JV3FsNP2KseQiYw,1
UCWIZUtKJ636y-4TYrNvok0g,UC1vr9aaMI2crB0NvwFHUeoQ,1
UCWIZUtKJ636y-4TYrNvok0g,UCLggDc_a5HriXv7I1h02sOA,1
UCWIZUtKJ636y-4TYrNvok0g,UCDUffaruH6dyUnUGwsTKpgg,1
UCWIZUtKJ636y-4TYrNvok0g,UCDlr1VadSucIZgZ171pRBjQ,1
UCWIZUtKJ636y-4TYrNvok0g,UCySYJU5kUh7X8gVt9la2ISA,1
UCWIZUtKJ636y-4TYrNvok0g,UCHTGCgY2l-DQJIvlA_cpa_Q,1
UCWIZUtKJ636y-4TYrNvok0g,UCut6b9S98nv84cVX89PmKzA,1
UCWIZUtKJ636y-4TYrNvok0g,UCNkcuy42zEwddwEcOd_HpnA,1
UCWIZUtKJ636y-4TYrNvok0g,UC2weSE8rpqkGMOp6StYtVfg,1
UCWIZUtKJ636y-4TYrNvok0g,UCpsKOkt5iWTbenzeuq7dsmQ,1
UCWIZUtKJ636y-4TYrNvok0g,UCgvw7xIdGFupzpt1Y_BFkEA,1
UCWIZUtKJ636y-4TYrNvok0g,UC650pRT-OYzny3GwOH8Cgfw,1
UCWIZUtKJ636y-4TYrNvok0g,UCl0ekS9Tt0jJGtOEM18S63w,1
UCWIZUtKJ636y-4TYrNvok0g,UCXSkL3ejZ8qWYyF_M7s_QKA,1
UCWIZUtKJ636y-4TYrNvok0g,UCiMythXHsw7eQEMykCdmMUA,1
UCWIZUtKJ636y-4TYrNvok0g,UCljDbleJul41G1TzOjOZAVA,1
UCWIZUtKJ636y-4TYrNvok0g,UCAlzM_N6xBlMYmM8EBzX86Q,1
UCWIZUtKJ636y-4TYrNvok0g,UChZknRmJkeGeQk0-mQuhDOg,1
UCWIZUtKJ636y-4TYrNvok0g,UCmvOgzmmXbjUthHy-WJ52hQ,1
UCWIZUtKJ636y-4TYrNvok0g,UCNBnKqWf4d-rS4HwJRQljmQ,1
UCWIZUtKJ636y-4TYrNvok0g,UCOh6DaZC_x9HASnlRylEMfw,1
UCWIZUtKJ636y-4TYrNvok0g,UC-jS_kA9w-OmpupXDx156Rg,1
UCWIZUtKJ636y-4TYrNvok0g,UCCaYwkkbQGcvFoUmothVdQQ,1
UCWIZUtKJ636y-4TYrNvok0g,UCXgr7vXlRrsaskPdo097kGA,1
UCzoL2l5H5eVlorWGH8AZfAg,UCQqetiwzzmRNTM5OWuXarGQ,1
UCzoL2l5H5eVlorWGH8AZfAg,UCQ_-LPP8JAbfkc-b1Q6NvWw,1
UCzoL2l5H5eVlorWGH8AZfAg,UC9xr9QvIcDvoZNUX5f-jaZw,1
UCzoL2l5H5eVlorWGH8AZfAg,UC-hfX8J5JPJ-dfuakzegMLA,1
UCzoL2l5H5eVlorWGH8AZfAg,UCpIdtvoFHVLGASGB5ySqIEA,1
UCzoL2l5H5eVlorWGH8AZfAg,UCipetjeiWj4CZB6EbyYziZg,1
UCzoL2l5H5eVlorWGH8AZfAg,UCiGRBf2RNF0WRKhRVT7zFoA,1
UCzoL2l5H5eVlorWGH8AZfAg,UCYwpX26TrCxq8TvbKGRYLXA,1
UCzoL2l5H5eVlorWGH8AZfAg,UChs3tU2BcKOT0CezykvAsGw,1
UCzoL2l5H5eVlorWGH8AZfAg,UCDPWkUX3sNNaCx-m1dV4glA,1
UCzoL2l5H5eVlorWGH8AZfAg,UC3qn1yJA5PeW9rkGPatQxiw,1
UCzoL2l5H5eVlorWGH8AZfAg,UCOLGv5Pf6BF2wFcwUzgcvHg,1
UCzoL2l5H5eVlorWGH8AZfAg,UCz3gu01bmjNv0DpRq-K3XYg,1
UCzoL2l5H5eVlorWGH8AZfAg,UCXr8_5WtGeipe4haOoQDgyQ,1
UCzoL2l5H5eVlorWGH8AZfAg,UC8r11yOugM2NuRfitQOxLLg,1
UCzoL2l5H5eVlorWGH8AZfAg,UC4wq3DcbfaG6dtCqn8Oyu3w,1
UCzoL2l5H5eVlorWGH8AZfAg,UCwha8rxULYMVtNwZWeSkE1A,1
UCzoL2l5H5eVlorWGH8AZfAg,UCwO2SXr0ggzwg6QWWrr01nQ,1
UCzoL2l5H5eVlorWGH8AZfAg,UCL13XhnRzbGokEkCkEOb0-g,1
UCzoL2l5H5eVlorWGH8AZfAg,UCUIIIPTVDVHAXqhC_5V6lPA,1
UCzoL2l5H5eVlorWGH8AZfAg,UCXXh7yg5KUFIWylTiKVEFKQ,1
UCzoL2l5H5eVlorWGH8AZfAg,UC9vMq1YF-e7C-VO0SHkbUTA,1
UCzoL2l5H5eVlorWGH8AZfAg,UCErZPJpHmLCsXs8ZWkAUupQ,1
UCzoL2l5H5eVlorWGH8AZfAg,UCQgYjVngJRfPHDLGB5X6ZjA,1
UCzoL2l5H5eVlorWGH8AZfAg,UCTwSut16JyAg3mX6LVUNGqA,1
UCzoL2l5H5eVlorWGH8AZfAg,UCj-LL25XJnjxepPKCc3NGog,1
UCzoL2l5H5eVlorWGH8AZfAg,UCYN4wSQ1Sx4_LurxLlW7MPg,1
UCzoL2l5H5eVlorWGH8AZfAg,UCsSXdJct-nsS8DsABoEsaYA,1
UCzoL2l5H5eVlorWGH8AZfAg,UCOS8ViEkccrTZx2w2ccxotA,1
UCzoL2l5H5eVlorWGH8AZfAg,UCwW2OFy95P7ZBkOPxWkpvYg,1
UCzoL2l5H5eVlorWGH8AZfAg,UCi1b_TRQfgO1Z9O2gNGGWNA,1
UCzoL2l5H5eVlorWGH8AZfAg,UC7VUuJr9cGh845CmTvf7TlQ,1
UCzoL2l5H5eVlorWGH8AZfAg,UCplrIQtaPj6au60_f2-mOYw,1
UCzoL2l5H5eVlorWGH8AZfAg,UCSou6a2OuYGSvPjm5psquyA,1
UCzoL2l5H5eVlorWGH8AZfAg,UCsJJAvrVGupdmhOqgtDp8dg,1
UCzoL2l5H5eVlorWGH8AZfAg,UCFhxtoeARHPnXXPcDrOU3Xg,1
UCzoL2l5H5eVlorWGH8AZfAg,UC5H8ASmMC9WrURmzeB4ySog,1
UCzoL2l5H5eVlorWGH8AZfAg,UCGzXwyCzMzGmjmCbH3Hg01Q,1
UCzoL2l5H5eVlorWGH8AZfAg,UCueV9cTyTDwgQSec1x2dYgA,1
UCzoL2l5H5eVlorWGH8AZfAg,UC3MYTqpQqlWBuCB7Th0e0PA,1
UCzoL2l5H5eVlorWGH8AZfAg,UC3E9mAgP7VoAE5mZoAexl5g,1
UCzoL2l5H5eVlorWGH8AZfAg,UCB5p8a5gklc80jJItP6xTHg,1
UCzoL2l5H5eVlorWGH8AZfAg,UCcfdg8crmMJwEuLUsAhV7yg,1
UCzoL2l5H5eVlorWGH8AZfAg,UCQtICyzWmhC5woCtbNgaSmg,1
UCzoL2l5H5eVlorWGH8AZfAg,UCLFdHr9BEbXHkoJopbEPLZw,1
UCzoL2l5H5eVlorWGH8AZfAg,UCQtSFINs1h6GHkpg9o5kMvg,1
UCzoL2l5H5eVlorWGH8AZfAg,UCfM3nrxtTQMY5jFx1v1J4Gg,1
UCzoL2l5H5eVlorWGH8AZfAg,UCV0iizTBoOfdAFX_thfI9BA,1
UCzoL2l5H5eVlorWGH8AZfAg,UCN6qbfPSzFtjhqUDZ3Cv3CQ,1
UCzoL2l5H5eVlorWGH8AZfAg,UCFoIAE8k82D6AV-8gjjKaNg,1
UCzoL2l5H5eVlorWGH8AZfAg,UCkd9W714-947dEE6ZOEBATA,1
UCzoL2l5H5eVlorWGH8AZfAg,UCA93ym2TXs_Ibyxb4Vcn-6Q,1
UCzoL2l5H5eVlorWGH8AZfAg,UCHhHUjaMAZ8SiXdCUCj9DkQ,1
UCzoL2l5H5eVlorWGH8AZfAg,UCFxE8GbokBrBsPEKM1xrOjQ,1
UCzoL2l5H5eVlorWGH8AZfAg,UC8F2V63KZ4ZEay6opX2hAQw,1
UCzoL2l5H5eVlorWGH8AZfAg,UC8G5cJONY8L9voMyBW8Eoug,1
UCzoL2l5H5eVlorWGH8AZfAg,UC3XTwHxygNCgjndsg-UiCQA,1
UCzoL2l5H5eVlorWGH8AZfAg,UCTD6q1nyIe3Y7HhqjaMj72w,1
UCzoL2l5H5eVlorWGH8AZfAg,UC72gBAtyb_VXQlYDcFrh6oQ,1
UCzoL2l5H5eVlorWGH8AZfAg,UC2Y_EHWQKevubk4vOEBBFxw,1
UCzoL2l5H5eVlorWGH8AZfAg,UCZLG9qH0tUjNhEGFIUt0CYw,1
UCzoL2l5H5eVlorWGH8AZfAg,UChgkn5Jt5tWKYMoEOuCjz3Q,1
UCzoL2l5H5eVlorWGH8AZfAg,UCZ51R_9Q9C0c8I3pAWhtmjQ,1
UCzoL2l5H5eVlorWGH8AZfAg,UCxff05WuyvwELNITi7bj7UA,1
UCzoL2l5H5eVlorWGH8AZfAg,UCTP3O0rMnc8z8v8jaDQwL0w,1
UCzoL2l5H5eVlorWGH8AZfAg,UCAmtbUiIrUIhikru0ZoTFig,1
UCzoL2l5H5eVlorWGH8AZfAg,UCRlCV9zSn7avAWh-9_XFWqQ,1
UCzoL2l5H5eVlorWGH8AZfAg,UCpl8rF8uv_8uui-QRvuJaRA,1
UCzoL2l5H5eVlorWGH8AZfAg,UCsUCN0Yq_UyTvKjOJLmNrnQ,1
UCzoL2l5H5eVlorWGH8AZfAg,UCjSKM9j0Q7HLDr1hD6D-TUw,1
UCzoL2l5H5eVlorWGH8AZfAg,UChep9kVb5gQmpodEEl10Xlg,1
UCzoL2l5H5eVlorWGH8AZfAg,UC-pNP6RMFuLg_-x7Ah_0kEA,1
UCzoL2l5H5eVlorWGH8AZfAg,UCDftMWXQoJ6nONfY7GVOVjg,1
UCzoL2l5H5eVlorWGH8AZfAg,UCEgEQmRbtL5fwr9_DqAC--g,1
UCzoL2l5H5eVlorWGH8AZfAg,UCDQaQv0hr2SS_PO-CMEwVHg,1
UCzoL2l5H5eVlorWGH8AZfAg,UCtNfIBnc5S5DbbQj_yxgJTw,1
UCzoL2l5H5eVlorWGH8AZfAg,UCvApqeCbLod-wejtT4CcVuA,1
UCzoL2l5H5eVlorWGH8AZfAg,UCrJn_rbo_ENAdeqneS-RmRw,1
UCzoL2l5H5eVlorWGH8AZfAg,UCTylKrsqkrBKIqubMu_5N0Q,1
UCzoL2l5H5eVlorWGH8AZfAg,UCFjudnPLoaSL1BaRuLahyHg,1
UCzoL2l5H5eVlorWGH8AZfAg,UCThW2XNsAaBKme5PUt7n-Zg,1
UCzoL2l5H5eVlorWGH8AZfAg,UCmjppp6ujz3SAnULvP3sZMw,1
UCzoL2l5H5eVlorWGH8AZfAg,UCjmPuazZJzscrwvk0QR9RVw,1
UCzoL2l5H5eVlorWGH8AZfAg,UCr1emrogPKkKTs_WTtx71xg,1
UCzoL2l5H5eVlorWGH8AZfAg,UCzSfZlOVxBSs5ObD25ywxDQ,1
UCzoL2l5H5eVlorWGH8AZfAg,UCujPF2nBgsTD62nWE3lcpIg,1
UCzoL2l5H5eVlorWGH8AZfAg,UC4cXueR2bKGFJV0Fk76gwmA,1
UCzoL2l5H5eVlorWGH8AZfAg,UCL1MT278vSaQ83ZDkVWn1gw,1
UCzoL2l5H5eVlorWGH8AZfAg,UCRETAiYdh2dL5ZxB0_N1zDA,1
UCzoL2l5H5eVlorWGH8AZfAg,UCtUR3_CAiE7fCoZHM6cMfyQ,1
UCzoL2l5H5eVlorWGH8AZfAg,UCylqlpsh8ENNM1LqgQ1KbxA,1
UCzoL2l5H5eVlorWGH8AZfAg,UC6YSZqL0vEcI-niPKIMUGfw,1
UCzoL2l5H5eVlorWGH8AZfAg,UC3NMzdMYryaw82kPTnsaljg,1
UCzoL2l5H5eVlorWGH8AZfAg,UCsjs5Hp_r86x1xbK6FAeqaA,1
UCzoL2l5H5eVlorWGH8AZfAg,UCp4iw5_5SmV9VGTFSNVGOmQ,1
UCzoL2l5H5eVlorWGH8AZfAg,UCKDR0f2fu2UzWL8mBv5-BHw,1
UCzoL2l5H5eVlorWGH8AZfAg,UC6PvO1_k5lHKGdAPo5_C6TA,1
UCzoL2l5H5eVlorWGH8AZfAg,UCFUuDARXdmmIrLppEqf-rFg,1
UCzoL2l5H5eVlorWGH8AZfAg,UC5bG9nc_JV3FsNP2KseQiYw,1
UCzoL2l5H5eVlorWGH8AZfAg,UC1vr9aaMI2crB0NvwFHUeoQ,1
UCzoL2l5H5eVlorWGH8AZfAg,UCLggDc_a5HriXv7I1h02sOA,1
UCzoL2l5H5eVlorWGH8AZfAg,UCDUffaruH6dyUnUGwsTKpgg,1
UCzoL2l5H5eVlorWGH8AZfAg,UCDlr1VadSucIZgZ171pRBjQ,1
UCzoL2l5H5eVlorWGH8AZfAg,UCySYJU5kUh7X8gVt9la2ISA,1
UCzoL2l5H5eVlorWGH8AZfAg,UCHTGCgY2l-DQJIvlA_cpa_Q,1
UCzoL2l5H5eVlorWGH8AZfAg,UCut6b9S98nv84cVX89PmKzA,1
UCzoL2l5H5eVlorWGH8AZfAg,UCNkcuy42zEwddwEcOd_HpnA,1
UCzoL2l5H5eVlorWGH8AZfAg,UC2weSE8rpqkGMOp6StYtVfg,1
UCzoL2l5H5eVlorWGH8AZfAg,UCpsKOkt5iWTbenzeuq7dsmQ,1
UCzoL2l5H5eVlorWGH8AZfAg,UCgvw7xIdGFupzpt1Y_BFkEA,1
UCzoL2l5H5eVlorWGH8AZfAg,UC650pRT-OYzny3GwOH8Cgfw,1
UCzoL2l5H5eVlorWGH8AZfAg,UCl0ekS9Tt0jJGtOEM18S63w,1
UCzoL2l5H5eVlorWGH8AZfAg,UCXSkL3ejZ8qWYyF_M7s_QKA,1
UCzoL2l5H5eVlorWGH8AZfAg,UCiMythXHsw7eQEMykCdmMUA,1
UCzoL2l5H5eVlorWGH8AZfAg,UCljDbleJul41G1TzOjOZAVA,1
UCzoL2l5H5eVlorWGH8AZfAg,UCAlzM_N6xBlMYmM8EBzX86Q,1
UCzoL2l5H5eVlorWGH8AZfAg,UChZknRmJkeGeQk0-mQuhDOg,1
UCzoL2l5H5eVlorWGH8AZfAg,UCmvOgzmmXbjUthHy-WJ52hQ,1
UCzoL2l5H5eVlorWGH8AZfAg,UCNBnKqWf4d-rS4HwJRQljmQ,1
UCzoL2l5H5eVlorWGH8AZfAg,UCOh6DaZC_x9HASnlRylEMfw,1
UCzoL2l5H5eVlorWGH8AZfAg,UC-jS_kA9w-OmpupXDx156Rg,1
UCzoL2l5H5eVlorWGH8AZfAg,UCCaYwkkbQGcvFoUmothVdQQ,1
UCzoL2l5H5eVlorWGH8AZfAg,UCXgr7vXlRrsaskPdo097kGA,1
UCKVzDUqbtdSMBcexaEtMmzQ,UCld2stqxaVSk0QdGncM224A,1
UCKVzDUqbtdSMBcexaEtMmzQ,UCNiMNUJvaRJb0_QLClqwVnA,1
UCKVzDUqbtdSMBcexaEtMmzQ,UCtowGNY2lnlg6O2CkwDgkLg,1
UCNpt5CQlTzNjlAKY6CJtClQ,UCpe5jW3MIqkgTJ-PgkzvM6Q,1
UCNpt5CQlTzNjlAKY6CJtClQ,UCqCrvuoJpC-aVb0f4logQRQ,1
UCNpt5CQlTzNjlAKY6CJtClQ,UCDrmf9y9nLgFY5wnA2hTuGA,1
UCNpt5CQlTzNjlAKY6CJtClQ,UCaKAjTW9MVub_clgr4DRYjQ,1
UCNpt5CQlTzNjlAKY6CJtClQ,UC-fiZBS5Gp1eCJd9ucgWnCg,1
UCNpt5CQlTzNjlAKY6CJtClQ,UCeDNEtI8_a42bZ47wJiJMwQ,1
UCNpt5CQlTzNjlAKY6CJtClQ,UCZeIIQrGAedW8tCbKWmGY-A,1
UCNpt5CQlTzNjlAKY6CJtClQ,UCwgCc9Jd_gG-uLE_SY-FfPg,1
UCNpt5CQlTzNjlAKY6CJtClQ,UCCBYcToQ2dwkd6TJh0FSyDg,1
UCNpt5CQlTzNjlAKY6CJtClQ,UCQqlPPUGqAfWjd-FSh_qn7Q,1
UCNpt5CQlTzNjlAKY6CJtClQ,UCUoYsrx1oZnCZ0usbBJn4fA,1
UCNpt5CQlTzNjlAKY6CJtClQ,UC_LYoGs5C3mbZKZuKuqYCvw,1
UCNpt5CQlTzNjlAKY6CJtClQ,UColMq7LmaoY3MT6aIDGrGvA,1
UCNpt5CQlTzNjlAKY6CJtClQ,UCRvPToDkkumha7WJAfCDk1A,1
UCNpt5CQlTzNjlAKY6CJtClQ,UCu8_3-Wg-YzNyvHYQDEscfw,1
UCNpt5CQlTzNjlAKY6CJtClQ,UCylqlpsh8ENNM1LqgQ1KbxA,1
UCNpt5CQlTzNjlAKY6CJtClQ,UC32oozucwCF3q8d4m8fyOUg,1
UCNpt5CQlTzNjlAKY6CJtClQ,UCQyOePccUP-fIJYzchAgZYw,1
UCNpt5CQlTzNjlAKY6CJtClQ,UCV0lM03g5fg5pbPj97-sAtA,1
UCNpt5CQlTzNjlAKY6CJtClQ,UCW-JC6lebVmf2P1dmY_L94g,1
UCNpt5CQlTzNjlAKY6CJtClQ,UCAKuKvcbfnBD3kF5njNu-IA,1
UCNpt5CQlTzNjlAKY6CJtClQ,UC3UVO7pTbeYvZ3ILEyRDskQ,1
UCNpt5CQlTzNjlAKY6CJtClQ,UC816IGbFCZinfYS1LRDaaHg,1
UCNpt5CQlTzNjlAKY6CJtClQ,UC4Avya4kmR4Q0FrfFdBozSQ,1
UCNpt5CQlTzNjlAKY6CJtClQ,UCgJNFj5dnxXpcMvmuhZDPxA,1
UCNpt5CQlTzNjlAKY6CJtClQ,UCkVtmkK07b2zaVVNssX4lOg,1
UCNpt5CQlTzNjlAKY6CJtClQ,UC1DpqK6vaPEkBOMNvypsKYg,1
UCNpt5CQlTzNjlAKY6CJtClQ,UCiC-Jn7wdgyQV4_Urk0DkWQ,1
UCNpt5CQlTzNjlAKY6CJtClQ,UCpsKOkt5iWTbenzeuq7dsmQ,1
UCNpt5CQlTzNjlAKY6CJtClQ,UCWoAVGVqCn4xtINCMOTM4jg,1
UCNpt5CQlTzNjlAKY6CJtClQ,UClqA491Xa5fQcXcJJa-vTWw,1
UCNpt5CQlTzNjlAKY6CJtClQ,UCe8JZoYkX5oKUZyivHYdXhw,1
UCNpt5CQlTzNjlAKY6CJtClQ,UClhMWQ7XKWywYvbRnuf8QsA,1
UCNpt5CQlTzNjlAKY6CJtClQ,UC5hvEnRUzI4Kfvwnyi4QxqQ,1
UCNpt5CQlTzNjlAKY6CJtClQ,UCGGHbtfbbe0o68etrOf0qxw,1
UCNpt5CQlTzNjlAKY6CJtClQ,UCgQw_Sbq3ugruDUKsq1e0-A,1
UCNpt5CQlTzNjlAKY6CJtClQ,UC6Uj1FT5JjDSF8vudvDxPAA,1
UCNpt5CQlTzNjlAKY6CJtClQ,UC7dadZG7kkGYnsNu6td0FbA,1
UCNpt5CQlTzNjlAKY6CJtClQ,UCsGoJEvb-cFPZ2rWoJcXzEQ,1
UCNpt5CQlTzNjlAKY6CJtClQ,UC95PSMouTx2N5CbSq0hIyrQ,1
UCNpt5CQlTzNjlAKY6CJtClQ,UCOcUI5XkTYNMSFhZNMIPpGg,1
UCNpt5CQlTzNjlAKY6CJtClQ,UCuXmOjxC-htcprLgeVXz6Tg,1
UCNpt5CQlTzNjlAKY6CJtClQ,UCHbwIx9pmQuf7i-4_xO2EpA,1
UCNpt5CQlTzNjlAKY6CJtClQ,UCwjUvRseNtJoItylIyIez7Q,1
UCNpt5CQlTzNjlAKY6CJtClQ,UCW80DaMjQlEUibC98Cot-Dg,1
UCut6b9S98nv84cVX89PmKzA,UCQqetiwzzmRNTM5OWuXarGQ,1
UCut6b9S98nv84cVX89PmKzA,UCQ_-LPP8JAbfkc-b1Q6NvWw,1
UCut6b9S98nv84cVX89PmKzA,UC9xr9QvIcDvoZNUX5f-jaZw,1
UCut6b9S98nv84cVX89PmKzA,UC-hfX8J5JPJ-dfuakzegMLA,1
UCut6b9S98nv84cVX89PmKzA,UCpIdtvoFHVLGASGB5ySqIEA,1
UCut6b9S98nv84cVX89PmKzA,UCipetjeiWj4CZB6EbyYziZg,1
UCut6b9S98nv84cVX89PmKzA,UCiGRBf2RNF0WRKhRVT7zFoA,1
UCut6b9S98nv84cVX89PmKzA,UCYwpX26TrCxq8TvbKGRYLXA,1
UCut6b9S98nv84cVX89PmKzA,UChs3tU2BcKOT0CezykvAsGw,1
UCut6b9S98nv84cVX89PmKzA,UCDPWkUX3sNNaCx-m1dV4glA,1
UCut6b9S98nv84cVX89PmKzA,UC3qn1yJA5PeW9rkGPatQxiw,1
UCut6b9S98nv84cVX89PmKzA,UCOLGv5Pf6BF2wFcwUzgcvHg,1
UCut6b9S98nv84cVX89PmKzA,UCz3gu01bmjNv0DpRq-K3XYg,1
UCut6b9S98nv84cVX89PmKzA,UCXr8_5WtGeipe4haOoQDgyQ,1
UCut6b9S98nv84cVX89PmKzA,UC8r11yOugM2NuRfitQOxLLg,1
UCut6b9S98nv84cVX89PmKzA,UC4wq3DcbfaG6dtCqn8Oyu3w,1
UCut6b9S98nv84cVX89PmKzA,UCwha8rxULYMVtNwZWeSkE1A,1
UCut6b9S98nv84cVX89PmKzA,UCwO2SXr0ggzwg6QWWrr01nQ,1
UCut6b9S98nv84cVX89PmKzA,UCL13XhnRzbGokEkCkEOb0-g,1
UCut6b9S98nv84cVX89PmKzA,UCUIIIPTVDVHAXqhC_5V6lPA,1
UCut6b9S98nv84cVX89PmKzA,UCXXh7yg5KUFIWylTiKVEFKQ,1
UCut6b9S98nv84cVX89PmKzA,UC9vMq1YF-e7C-VO0SHkbUTA,1
UCut6b9S98nv84cVX89PmKzA,UCErZPJpHmLCsXs8ZWkAUupQ,1
UCut6b9S98nv84cVX89PmKzA,UCQgYjVngJRfPHDLGB5X6ZjA,1
UCut6b9S98nv84cVX89PmKzA,UCTwSut16JyAg3mX6LVUNGqA,1
UCut6b9S98nv84cVX89PmKzA,UCj-LL25XJnjxepPKCc3NGog,1
UCut6b9S98nv84cVX89PmKzA,UCYN4wSQ1Sx4_LurxLlW7MPg,1
UCut6b9S98nv84cVX89PmKzA,UCsSXdJct-nsS8DsABoEsaYA,1
UCut6b9S98nv84cVX89PmKzA,UCOS8ViEkccrTZx2w2ccxotA,1
UCut6b9S98nv84cVX89PmKzA,UCwW2OFy95P7ZBkOPxWkpvYg,1
UCut6b9S98nv84cVX89PmKzA,UCi1b_TRQfgO1Z9O2gNGGWNA,1
UCut6b9S98nv84cVX89PmKzA,UC7VUuJr9cGh845CmTvf7TlQ,1
UCut6b9S98nv84cVX89PmKzA,UCplrIQtaPj6au60_f2-mOYw,1
UCut6b9S98nv84cVX89PmKzA,UCSou6a2OuYGSvPjm5psquyA,1
UCut6b9S98nv84cVX89PmKzA,UCsJJAvrVGupdmhOqgtDp8dg,1
UCut6b9S98nv84cVX89PmKzA,UCFhxtoeARHPnXXPcDrOU3Xg,1
UCut6b9S98nv84cVX89PmKzA,UC5H8ASmMC9WrURmzeB4ySog,1
UCut6b9S98nv84cVX89PmKzA,UCGzXwyCzMzGmjmCbH3Hg01Q,1
UCut6b9S98nv84cVX89PmKzA,UCueV9cTyTDwgQSec1x2dYgA,1
UCut6b9S98nv84cVX89PmKzA,UC3MYTqpQqlWBuCB7Th0e0PA,1
UCut6b9S98nv84cVX89PmKzA,UC3E9mAgP7VoAE5mZoAexl5g,1
UCut6b9S98nv84cVX89PmKzA,UCB5p8a5gklc80jJItP6xTHg,1
UCut6b9S98nv84cVX89PmKzA,UCcfdg8crmMJwEuLUsAhV7yg,1
UCut6b9S98nv84cVX89PmKzA,UCQtICyzWmhC5woCtbNgaSmg,1
UCut6b9S98nv84cVX89PmKzA,UCLFdHr9BEbXHkoJopbEPLZw,1
UCut6b9S98nv84cVX89PmKzA,UCQtSFINs1h6GHkpg9o5kMvg,1
UCut6b9S98nv84cVX89PmKzA,UCfM3nrxtTQMY5jFx1v1J4Gg,1
UCut6b9S98nv84cVX89PmKzA,UCV0iizTBoOfdAFX_thfI9BA,1
UCut6b9S98nv84cVX89PmKzA,UCN6qbfPSzFtjhqUDZ3Cv3CQ,1
UCut6b9S98nv84cVX89PmKzA,UCFoIAE8k82D6AV-8gjjKaNg,1
UCut6b9S98nv84cVX89PmKzA,UCkd9W714-947dEE6ZOEBATA,1
UCut6b9S98nv84cVX89PmKzA,UCA93ym2TXs_Ibyxb4Vcn-6Q,1
UCut6b9S98nv84cVX89PmKzA,UCHhHUjaMAZ8SiXdCUCj9DkQ,1
UCut6b9S98nv84cVX89PmKzA,UCFxE8GbokBrBsPEKM1xrOjQ,1
UCut6b9S98nv84cVX89PmKzA,UC8F2V63KZ4ZEay6opX2hAQw,1
UCut6b9S98nv84cVX89PmKzA,UC8G5cJONY8L9voMyBW8Eoug,1
UCut6b9S98nv84cVX89PmKzA,UC3XTwHxygNCgjndsg-UiCQA,1
UCut6b9S98nv84cVX89PmKzA,UCTD6q1nyIe3Y7HhqjaMj72w,1
UCut6b9S98nv84cVX89PmKzA,UC72gBAtyb_VXQlYDcFrh6oQ,1
UCut6b9S98nv84cVX89PmKzA,UC2Y_EHWQKevubk4vOEBBFxw,1
UCut6b9S98nv84cVX89PmKzA,UCZLG9qH0tUjNhEGFIUt0CYw,1
UCut6b9S98nv84cVX89PmKzA,UChgkn5Jt5tWKYMoEOuCjz3Q,1
UCut6b9S98nv84cVX89PmKzA,UCZ51R_9Q9C0c8I3pAWhtmjQ,1
UCut6b9S98nv84cVX89PmKzA,UCxff05WuyvwELNITi7bj7UA,1
UCut6b9S98nv84cVX89PmKzA,UCTP3O0rMnc8z8v8jaDQwL0w,1
UCut6b9S98nv84cVX89PmKzA,UCAmtbUiIrUIhikru0ZoTFig,1
UCut6b9S98nv84cVX89PmKzA,UCRlCV9zSn7avAWh-9_XFWqQ,1
UCut6b9S98nv84cVX89PmKzA,UCpl8rF8uv_8uui-QRvuJaRA,1
UCut6b9S98nv84cVX89PmKzA,UCsUCN0Yq_UyTvKjOJLmNrnQ,1
UCut6b9S98nv84cVX89PmKzA,UCjSKM9j0Q7HLDr1hD6D-TUw,1
UCut6b9S98nv84cVX89PmKzA,UChep9kVb5gQmpodEEl10Xlg,1
UCut6b9S98nv84cVX89PmKzA,UC-pNP6RMFuLg_-x7Ah_0kEA,1
UCut6b9S98nv84cVX89PmKzA,UCDftMWXQoJ6nONfY7GVOVjg,1
UCut6b9S98nv84cVX89PmKzA,UCEgEQmRbtL5fwr9_DqAC--g,1
UCut6b9S98nv84cVX89PmKzA,UCDQaQv0hr2SS_PO-CMEwVHg,1
UCut6b9S98nv84cVX89PmKzA,UCtNfIBnc5S5DbbQj_yxgJTw,1
UCut6b9S98nv84cVX89PmKzA,UCvApqeCbLod-wejtT4CcVuA,1
UCut6b9S98nv84cVX89PmKzA,UCrJn_rbo_ENAdeqneS-RmRw,1
UCut6b9S98nv84cVX89PmKzA,UCTylKrsqkrBKIqubMu_5N0Q,1
UCut6b9S98nv84cVX89PmKzA,UCFjudnPLoaSL1BaRuLahyHg,1
UCut6b9S98nv84cVX89PmKzA,UCThW2XNsAaBKme5PUt7n-Zg,1
UCut6b9S98nv84cVX89PmKzA,UCmjppp6ujz3SAnULvP3sZMw,1
UCut6b9S98nv84cVX89PmKzA,UCjmPuazZJzscrwvk0QR9RVw,1
UCut6b9S98nv84cVX89PmKzA,UCr1emrogPKkKTs_WTtx71xg,1
UCut6b9S98nv84cVX89PmKzA,UCzSfZlOVxBSs5ObD25ywxDQ,1
UCut6b9S98nv84cVX89PmKzA,UCujPF2nBgsTD62nWE3lcpIg,1
UCut6b9S98nv84cVX89PmKzA,UC4cXueR2bKGFJV0Fk76gwmA,1
UCut6b9S98nv84cVX89PmKzA,UCL1MT278vSaQ83ZDkVWn1gw,1
UCut6b9S98nv84cVX89PmKzA,UCRETAiYdh2dL5ZxB0_N1zDA,1
UCut6b9S98nv84cVX89PmKzA,UCtUR3_CAiE7fCoZHM6cMfyQ,1
UCut6b9S98nv84cVX89PmKzA,UCylqlpsh8ENNM1LqgQ1KbxA,1
UCut6b9S98nv84cVX89PmKzA,UC6YSZqL0vEcI-niPKIMUGfw,1
UCut6b9S98nv84cVX89PmKzA,UC3NMzdMYryaw82kPTnsaljg,1
UCut6b9S98nv84cVX89PmKzA,UCsjs5Hp_r86x1xbK6FAeqaA,1
UCut6b9S98nv84cVX89PmKzA,UCp4iw5_5SmV9VGTFSNVGOmQ,1
UCut6b9S98nv84cVX89PmKzA,UCKDR0f2fu2UzWL8mBv5-BHw,1
UCut6b9S98nv84cVX89PmKzA,UC6PvO1_k5lHKGdAPo5_C6TA,1
UCut6b9S98nv84cVX89PmKzA,UCFUuDARXdmmIrLppEqf-rFg,1
UCut6b9S98nv84cVX89PmKzA,UC5bG9nc_JV3FsNP2KseQiYw,1
UCut6b9S98nv84cVX89PmKzA,UC1vr9aaMI2crB0NvwFHUeoQ,1
UCut6b9S98nv84cVX89PmKzA,UCLggDc_a5HriXv7I1h02sOA,1
UCut6b9S98nv84cVX89PmKzA,UCDUffaruH6dyUnUGwsTKpgg,1
UCut6b9S98nv84cVX89PmKzA,UCDlr1VadSucIZgZ171pRBjQ,1
UCut6b9S98nv84cVX89PmKzA,UCySYJU5kUh7X8gVt9la2ISA,1
UCut6b9S98nv84cVX89PmKzA,UCHTGCgY2l-DQJIvlA_cpa_Q,1
UCut6b9S98nv84cVX89PmKzA,UCNkcuy42zEwddwEcOd_HpnA,1
UCut6b9S98nv84cVX89PmKzA,UC2weSE8rpqkGMOp6StYtVfg,1
UCut6b9S98nv84cVX89PmKzA,UCpsKOkt5iWTbenzeuq7dsmQ,1
UCut6b9S98nv84cVX89PmKzA,UCgvw7xIdGFupzpt1Y_BFkEA,1
UCut6b9S98nv84cVX89PmKzA,UC650pRT-OYzny3GwOH8Cgfw,1
UCut6b9S98nv84cVX89PmKzA,UCl0ekS9Tt0jJGtOEM18S63w,1
UCut6b9S98nv84cVX89PmKzA,UCXSkL3ejZ8qWYyF_M7s_QKA,1
UCut6b9S98nv84cVX89PmKzA,UCiMythXHsw7eQEMykCdmMUA,1
UCut6b9S98nv84cVX89PmKzA,UCljDbleJul41G1TzOjOZAVA,1
UCut6b9S98nv84cVX89PmKzA,UCAlzM_N6xBlMYmM8EBzX86Q,1
UCut6b9S98nv84cVX89PmKzA,UChZknRmJkeGeQk0-mQuhDOg,1
UCut6b9S98nv84cVX89PmKzA,UCmvOgzmmXbjUthHy-WJ52hQ,1
UCut6b9S98nv84cVX89PmKzA,UCNBnKqWf4d-rS4HwJRQljmQ,1
UCut6b9S98nv84cVX89PmKzA,UCOh6DaZC_x9HASnlRylEMfw,1
UCut6b9S98nv84cVX89PmKzA,UC-jS_kA9w-OmpupXDx156Rg,1
UCut6b9S98nv84cVX89PmKzA,UCCaYwkkbQGcvFoUmothVdQQ,1
UCut6b9S98nv84cVX89PmKzA,UCXgr7vXlRrsaskPdo097kGA,1
UCQyOePccUP-fIJYzchAgZYw,UCpe5jW3MIqkgTJ-PgkzvM6Q,1
UCQyOePccUP-fIJYzchAgZYw,UCqCrvuoJpC-aVb0f4logQRQ,1
UCQyOePccUP-fIJYzchAgZYw,UCDrmf9y9nLgFY5wnA2hTuGA,1
UCQyOePccUP-fIJYzchAgZYw,UCaKAjTW9MVub_clgr4DRYjQ,1
UCQyOePccUP-fIJYzchAgZYw,UC-fiZBS5Gp1eCJd9ucgWnCg,1
UCQyOePccUP-fIJYzchAgZYw,UCeDNEtI8_a42bZ47wJiJMwQ,1
UCQyOePccUP-fIJYzchAgZYw,UCZeIIQrGAedW8tCbKWmGY-A,1
UCQyOePccUP-fIJYzchAgZYw,UCwgCc9Jd_gG-uLE_SY-FfPg,1
UCQyOePccUP-fIJYzchAgZYw,UCCBYcToQ2dwkd6TJh0FSyDg,1
UCQyOePccUP-fIJYzchAgZYw,UCQqlPPUGqAfWjd-FSh_qn7Q,1
UCQyOePccUP-fIJYzchAgZYw,UCUoYsrx1oZnCZ0usbBJn4fA,1
UCQyOePccUP-fIJYzchAgZYw,UC_LYoGs5C3mbZKZuKuqYCvw,1
UCQyOePccUP-fIJYzchAgZYw,UColMq7LmaoY3MT6aIDGrGvA,1
UCQyOePccUP-fIJYzchAgZYw,UCRvPToDkkumha7WJAfCDk1A,1
UCQyOePccUP-fIJYzchAgZYw,UCu8_3-Wg-YzNyvHYQDEscfw,1
UCQyOePccUP-fIJYzchAgZYw,UCylqlpsh8ENNM1LqgQ1KbxA,1
UCQyOePccUP-fIJYzchAgZYw,UC32oozucwCF3q8d4m8fyOUg,1
UCQyOePccUP-fIJYzchAgZYw,UCV0lM03g5fg5pbPj97-sAtA,1
UCQyOePccUP-fIJYzchAgZYw,UCW-JC6lebVmf2P1dmY_L94g,1
UCQyOePccUP-fIJYzchAgZYw,UCAKuKvcbfnBD3kF5njNu-IA,1
UCQyOePccUP-fIJYzchAgZYw,UC3UVO7pTbeYvZ3ILEyRDskQ,1
UCQyOePccUP-fIJYzchAgZYw,UC816IGbFCZinfYS1LRDaaHg,1
UCQyOePccUP-fIJYzchAgZYw,UC4Avya4kmR4Q0FrfFdBozSQ,1
UCQyOePccUP-fIJYzchAgZYw,UCgJNFj5dnxXpcMvmuhZDPxA,1
UCQyOePccUP-fIJYzchAgZYw,UCkVtmkK07b2zaVVNssX4lOg,1
UCQyOePccUP-fIJYzchAgZYw,UC1DpqK6vaPEkBOMNvypsKYg,1
UCQyOePccUP-fIJYzchAgZYw,UCiC-Jn7wdgyQV4_Urk0DkWQ,1
UCQyOePccUP-fIJYzchAgZYw,UCpsKOkt5iWTbenzeuq7dsmQ,1
UCQyOePccUP-fIJYzchAgZYw,UCWoAVGVqCn4xtINCMOTM4jg,1
UCQyOePccUP-fIJYzchAgZYw,UClqA491Xa5fQcXcJJa-vTWw,1
UCQyOePccUP-fIJYzchAgZYw,UCe8JZoYkX5oKUZyivHYdXhw,1
UCQyOePccUP-fIJYzchAgZYw,UClhMWQ7XKWywYvbRnuf8QsA,1
UCQyOePccUP-fIJYzchAgZYw,UC5hvEnRUzI4Kfvwnyi4QxqQ,1
UCQyOePccUP-fIJYzchAgZYw,UCGGHbtfbbe0o68etrOf0qxw,1
UCQyOePccUP-fIJYzchAgZYw,UCgQw_Sbq3ugruDUKsq1e0-A,1
UCQyOePccUP-fIJYzchAgZYw,UC6Uj1FT5JjDSF8vudvDxPAA,1
UCQyOePccUP-fIJYzchAgZYw,UC7dadZG7kkGYnsNu6td0FbA,1
UCQyOePccUP-fIJYzchAgZYw,UCsGoJEvb-cFPZ2rWoJcXzEQ,1
UCQyOePccUP-fIJYzchAgZYw,UC95PSMouTx2N5CbSq0hIyrQ,1
UCQyOePccUP-fIJYzchAgZYw,UCOcUI5XkTYNMSFhZNMIPpGg,1
UCQyOePccUP-fIJYzchAgZYw,UCuXmOjxC-htcprLgeVXz6Tg,1
UCQyOePccUP-fIJYzchAgZYw,UCHbwIx9pmQuf7i-4_xO2EpA,1
UCQyOePccUP-fIJYzchAgZYw,UCwjUvRseNtJoItylIyIez7Q,1
UCQyOePccUP-fIJYzchAgZYw,UCW80DaMjQlEUibC98Cot-Dg,1
UCOLGv5Pf6BF2wFcwUzgcvHg,UCQqetiwzzmRNTM5OWuXarGQ,1
UCOLGv5Pf6BF2wFcwUzgcvHg,UCQ_-LPP8JAbfkc-b1Q6NvWw,1
UCOLGv5Pf6BF2wFcwUzgcvHg,UC9xr9QvIcDvoZNUX5f-jaZw,1
UCOLGv5Pf6BF2wFcwUzgcvHg,UC-hfX8J5JPJ-dfuakzegMLA,1
UCOLGv5Pf6BF2wFcwUzgcvHg,UCpIdtvoFHVLGASGB5ySqIEA,1
UCOLGv5Pf6BF2wFcwUzgcvHg,UCipetjeiWj4CZB6EbyYziZg,1
UCOLGv5Pf6BF2wFcwUzgcvHg,UCiGRBf2RNF0WRKhRVT7zFoA,1
UCOLGv5Pf6BF2wFcwUzgcvHg,UCYwpX26TrCxq8TvbKGRYLXA,1
UCOLGv5Pf6BF2wFcwUzgcvHg,UChs3tU2BcKOT0CezykvAsGw,1
UCOLGv5Pf6BF2wFcwUzgcvHg,UCDPWkUX3sNNaCx-m1dV4glA,1
UCOLGv5Pf6BF2wFcwUzgcvHg,UC3qn1yJA5PeW9rkGPatQxiw,1
UCOLGv5Pf6BF2wFcwUzgcvHg,UCz3gu01bmjNv0DpRq-K3XYg,1
UCOLGv5Pf6BF2wFcwUzgcvHg,UCXr8_5WtGeipe4haOoQDgyQ,1
UCOLGv5Pf6BF2wFcwUzgcvHg,UC8r11yOugM2NuRfitQOxLLg,1
UCOLGv5Pf6BF2wFcwUzgcvHg,UC4wq3DcbfaG6dtCqn8Oyu3w,1
UCOLGv5Pf6BF2wFcwUzgcvHg,UCwha8rxULYMVtNwZWeSkE1A,1
UCOLGv5Pf6BF2wFcwUzgcvHg,UCwO2SXr0ggzwg6QWWrr01nQ,1
UCOLGv5Pf6BF2wFcwUzgcvHg,UCL13XhnRzbGokEkCkEOb0-g,1
UCOLGv5Pf6BF2wFcwUzgcvHg,UCUIIIPTVDVHAXqhC_5V6lPA,1
UCOLGv5Pf6BF2wFcwUzgcvHg,UCXXh7yg5KUFIWylTiKVEFKQ,1
UCOLGv5Pf6BF2wFcwUzgcvHg,UC9vMq1YF-e7C-VO0SHkbUTA,1
UCOLGv5Pf6BF2wFcwUzgcvHg,UCErZPJpHmLCsXs8ZWkAUupQ,1
UCOLGv5Pf6BF2wFcwUzgcvHg,UCQgYjVngJRfPHDLGB5X6ZjA,1
UCOLGv5Pf6BF2wFcwUzgcvHg,UCTwSut16JyAg3mX6LVUNGqA,1
UCOLGv5Pf6BF2wFcwUzgcvHg,UCj-LL25XJnjxepPKCc3NGog,1
UCOLGv5Pf6BF2wFcwUzgcvHg,UCYN4wSQ1Sx4_LurxLlW7MPg,1
UCOLGv5Pf6BF2wFcwUzgcvHg,UCsSXdJct-nsS8DsABoEsaYA,1
UCOLGv5Pf6BF2wFcwUzgcvHg,UCOS8ViEkccrTZx2w2ccxotA,1
UCOLGv5Pf6BF2wFcwUzgcvHg,UCwW2OFy95P7ZBkOPxWkpvYg,1
UCOLGv5Pf6BF2wFcwUzgcvHg,UCi1b_TRQfgO1Z9O2gNGGWNA,1
UCOLGv5Pf6BF2wFcwUzgcvHg,UC7VUuJr9cGh845CmTvf7TlQ,1
UCOLGv5Pf6BF2wFcwUzgcvHg,UCplrIQtaPj6au60_f2-mOYw,1
UCOLGv5Pf6BF2wFcwUzgcvHg,UCSou6a2OuYGSvPjm5psquyA,1
UCOLGv5Pf6BF2wFcwUzgcvHg,UCsJJAvrVGupdmhOqgtDp8dg,1
UCOLGv5Pf6BF2wFcwUzgcvHg,UCFhxtoeARHPnXXPcDrOU3Xg,1
UCOLGv5Pf6BF2wFcwUzgcvHg,UC5H8ASmMC9WrURmzeB4ySog,1
UCOLGv5Pf6BF2wFcwUzgcvHg,UCGzXwyCzMzGmjmCbH3Hg01Q,1
UCOLGv5Pf6BF2wFcwUzgcvHg,UCueV9cTyTDwgQSec1x2dYgA,1
UCOLGv5Pf6BF2wFcwUzgcvHg,UC3MYTqpQqlWBuCB7Th0e0PA,1
UCOLGv5Pf6BF2wFcwUzgcvHg,UC3E9mAgP7VoAE5mZoAexl5g,1
UCOLGv5Pf6BF2wFcwUzgcvHg,UCB5p8a5gklc80jJItP6xTHg,1
UCOLGv5Pf6BF2wFcwUzgcvHg,UCcfdg8crmMJwEuLUsAhV7yg,1
UCOLGv5Pf6BF2wFcwUzgcvHg,UCQtICyzWmhC5woCtbNgaSmg,1
UCOLGv5Pf6BF2wFcwUzgcvHg,UCLFdHr9BEbXHkoJopbEPLZw,1
UCOLGv5Pf6BF2wFcwUzgcvHg,UCQtSFINs1h6GHkpg9o5kMvg,1
UCOLGv5Pf6BF2wFcwUzgcvHg,UCfM3nrxtTQMY5jFx1v1J4Gg,1
UCOLGv5Pf6BF2wFcwUzgcvHg,UCV0iizTBoOfdAFX_thfI9BA,1
UCOLGv5Pf6BF2wFcwUzgcvHg,UCN6qbfPSzFtjhqUDZ3Cv3CQ,1
UCOLGv5Pf6BF2wFcwUzgcvHg,UCFoIAE8k82D6AV-8gjjKaNg,1
UCOLGv5Pf6BF2wFcwUzgcvHg,UCkd9W714-947dEE6ZOEBATA,1
UCOLGv5Pf6BF2wFcwUzgcvHg,UCA93ym2TXs_Ibyxb4Vcn-6Q,1
UCOLGv5Pf6BF2wFcwUzgcvHg,UCHhHUjaMAZ8SiXdCUCj9DkQ,1
UCOLGv5Pf6BF2wFcwUzgcvHg,UCFxE8GbokBrBsPEKM1xrOjQ,1
UCOLGv5Pf6BF2wFcwUzgcvHg,UC8F2V63KZ4ZEay6opX2hAQw,1
UCOLGv5Pf6BF2wFcwUzgcvHg,UC8G5cJONY8L9voMyBW8Eoug,1
UCOLGv5Pf6BF2wFcwUzgcvHg,UC3XTwHxygNCgjndsg-UiCQA,1
UCOLGv5Pf6BF2wFcwUzgcvHg,UCTD6q1nyIe3Y7HhqjaMj72w,1
UCOLGv5Pf6BF2wFcwUzgcvHg,UC72gBAtyb_VXQlYDcFrh6oQ,1
UCOLGv5Pf6BF2wFcwUzgcvHg,UC2Y_EHWQKevubk4vOEBBFxw,1
UCOLGv5Pf6BF2wFcwUzgcvHg,UCZLG9qH0tUjNhEGFIUt0CYw,1
UCOLGv5Pf6BF2wFcwUzgcvHg,UChgkn5Jt5tWKYMoEOuCjz3Q,1
UCOLGv5Pf6BF2wFcwUzgcvHg,UCZ51R_9Q9C0c8I3pAWhtmjQ,1
UCOLGv5Pf6BF2wFcwUzgcvHg,UCxff05WuyvwELNITi7bj7UA,1
UCOLGv5Pf6BF2wFcwUzgcvHg,UCTP3O0rMnc8z8v8jaDQwL0w,1
UCOLGv5Pf6BF2wFcwUzgcvHg,UCAmtbUiIrUIhikru0ZoTFig,1
UCOLGv5Pf6BF2wFcwUzgcvHg,UCRlCV9zSn7avAWh-9_XFWqQ,1
UCOLGv5Pf6BF2wFcwUzgcvHg,UCpl8rF8uv_8uui-QRvuJaRA,1
UCOLGv5Pf6BF2wFcwUzgcvHg,UCsUCN0Yq_UyTvKjOJLmNrnQ,1
UCOLGv5Pf6BF2wFcwUzgcvHg,UCjSKM9j0Q7HLDr1hD6D-TUw,1
UCOLGv5Pf6BF2wFcwUzgcvHg,UChep9kVb5gQmpodEEl10Xlg,1
UCOLGv5Pf6BF2wFcwUzgcvHg,UC-pNP6RMFuLg_-x7Ah_0kEA,1
UCOLGv5Pf6BF2wFcwUzgcvHg,UCDftMWXQoJ6nONfY7GVOVjg,1
UCOLGv5Pf6BF2wFcwUzgcvHg,UCEgEQmRbtL5fwr9_DqAC--g,1
UCOLGv5Pf6BF2wFcwUzgcvHg,UCDQaQv0hr2SS_PO-CMEwVHg,1
UCOLGv5Pf6BF2wFcwUzgcvHg,UCtNfIBnc5S5DbbQj_yxgJTw,1
UCOLGv5Pf6BF2wFcwUzgcvHg,UCvApqeCbLod-wejtT4CcVuA,1
UCOLGv5Pf6BF2wFcwUzgcvHg,UCrJn_rbo_ENAdeqneS-RmRw,1
UCOLGv5Pf6BF2wFcwUzgcvHg,UCTylKrsqkrBKIqubMu_5N0Q,1
UCOLGv5Pf6BF2wFcwUzgcvHg,UCFjudnPLoaSL1BaRuLahyHg,1
UCOLGv5Pf6BF2wFcwUzgcvHg,UCThW2XNsAaBKme5PUt7n-Zg,1
UCOLGv5Pf6BF2wFcwUzgcvHg,UCmjppp6ujz3SAnULvP3sZMw,1
UCOLGv5Pf6BF2wFcwUzgcvHg,UCjmPuazZJzscrwvk0QR9RVw,1
UCOLGv5Pf6BF2wFcwUzgcvHg,UCr1emrogPKkKTs_WTtx71xg,1
UCOLGv5Pf6BF2wFcwUzgcvHg,UCzSfZlOVxBSs5ObD25ywxDQ,1
UCOLGv5Pf6BF2wFcwUzgcvHg,UCujPF2nBgsTD62nWE3lcpIg,1
UCOLGv5Pf6BF2wFcwUzgcvHg,UC4cXueR2bKGFJV0Fk76gwmA,1
UCOLGv5Pf6BF2wFcwUzgcvHg,UCL1MT278vSaQ83ZDkVWn1gw,1
UCOLGv5Pf6BF2wFcwUzgcvHg,UCRETAiYdh2dL5ZxB0_N1zDA,1
UCOLGv5Pf6BF2wFcwUzgcvHg,UCtUR3_CAiE7fCoZHM6cMfyQ,1
UCOLGv5Pf6BF2wFcwUzgcvHg,UCylqlpsh8ENNM1LqgQ1KbxA,1
UCOLGv5Pf6BF2wFcwUzgcvHg,UC6YSZqL0vEcI-niPKIMUGfw,1
UCOLGv5Pf6BF2wFcwUzgcvHg,UC3NMzdMYryaw82kPTnsaljg,1
UCOLGv5Pf6BF2wFcwUzgcvHg,UCsjs5Hp_r86x1xbK6FAeqaA,1
UCOLGv5Pf6BF2wFcwUzgcvHg,UCp4iw5_5SmV9VGTFSNVGOmQ,1
UCOLGv5Pf6BF2wFcwUzgcvHg,UCKDR0f2fu2UzWL8mBv5-BHw,1
UCOLGv5Pf6BF2wFcwUzgcvHg,UC6PvO1_k5lHKGdAPo5_C6TA,1
UCOLGv5Pf6BF2wFcwUzgcvHg,UCFUuDARXdmmIrLppEqf-rFg,1
UCOLGv5Pf6BF2wFcwUzgcvHg,UC5bG9nc_JV3FsNP2KseQiYw,1
UCOLGv5Pf6BF2wFcwUzgcvHg,UC1vr9aaMI2crB0NvwFHUeoQ,1
UCOLGv5Pf6BF2wFcwUzgcvHg,UCLggDc_a5HriXv7I1h02sOA,1
UCOLGv5Pf6BF2wFcwUzgcvHg,UCDUffaruH6dyUnUGwsTKpgg,1
UCOLGv5Pf6BF2wFcwUzgcvHg,UCDlr1VadSucIZgZ171pRBjQ,1
UCOLGv5Pf6BF2wFcwUzgcvHg,UCySYJU5kUh7X8gVt9la2ISA,1
UCOLGv5Pf6BF2wFcwUzgcvHg,UCHTGCgY2l-DQJIvlA_cpa_Q,1
UCOLGv5Pf6BF2wFcwUzgcvHg,UCNkcuy42zEwddwEcOd_HpnA,1
UCOLGv5Pf6BF2wFcwUzgcvHg,UC2weSE8rpqkGMOp6StYtVfg,1
UCOLGv5Pf6BF2wFcwUzgcvHg,UCpsKOkt5iWTbenzeuq7dsmQ,1
UCOLGv5Pf6BF2wFcwUzgcvHg,UCgvw7xIdGFupzpt1Y_BFkEA,1
UCOLGv5Pf6BF2wFcwUzgcvHg,UC650pRT-OYzny3GwOH8Cgfw,1
UCOLGv5Pf6BF2wFcwUzgcvHg,UCl0ekS9Tt0jJGtOEM18S63w,1
UCOLGv5Pf6BF2wFcwUzgcvHg,UCXSkL3ejZ8qWYyF_M7s_QKA,1
UCOLGv5Pf6BF2wFcwUzgcvHg,UCiMythXHsw7eQEMykCdmMUA,1
UCOLGv5Pf6BF2wFcwUzgcvHg,UCljDbleJul41G1TzOjOZAVA,1
UCOLGv5Pf6BF2wFcwUzgcvHg,UCAlzM_N6xBlMYmM8EBzX86Q,1
UCOLGv5Pf6BF2wFcwUzgcvHg,UChZknRmJkeGeQk0-mQuhDOg,1
UCOLGv5Pf6BF2wFcwUzgcvHg,UCmvOgzmmXbjUthHy-WJ52hQ,1
UCOLGv5Pf6BF2wFcwUzgcvHg,UCNBnKqWf4d-rS4HwJRQljmQ,1
UCOLGv5Pf6BF2wFcwUzgcvHg,UCOh6DaZC_x9HASnlRylEMfw,1
UCOLGv5Pf6BF2wFcwUzgcvHg,UC-jS_kA9w-OmpupXDx156Rg,1
UCOLGv5Pf6BF2wFcwUzgcvHg,UCCaYwkkbQGcvFoUmothVdQQ,1
UCOLGv5Pf6BF2wFcwUzgcvHg,UCXgr7vXlRrsaskPdo097kGA,1
UCAxvOOHQk7dYPOajzFEVtbA,UCjZgFEowMBrsjodqfovzdKw,1
UCAxvOOHQk7dYPOajzFEVtbA,UCIXLDYqR_syskKRJy_x9W9Q,1
UCAxvOOHQk7dYPOajzFEVtbA,UC_3xuTXvMIWU5MYP9HkJ3vQ,1
UCAxvOOHQk7dYPOajzFEVtbA,UC2ngpd8UBQu4gcUYy0goAtg,1
UCAxvOOHQk7dYPOajzFEVtbA,UCfXykdbSU97rj987LDUGfvg,1
UCAxvOOHQk7dYPOajzFEVtbA,UCLXYp1Cvc5DLtq5UQL5D9vw,1
UCAxvOOHQk7dYPOajzFEVtbA,UCO0zwwLWGyDgQmWPJ5Qrr1w,1
UCAxvOOHQk7dYPOajzFEVtbA,UCXN2s7DwTJm33xO-pNkAdaA,1
UCAxvOOHQk7dYPOajzFEVtbA,UCq3mDTTRZnUybct5M9OSXbg,1
UCAxvOOHQk7dYPOajzFEVtbA,UCfjhejO7LZy4doXURa7LZCQ,1
UCAxvOOHQk7dYPOajzFEVtbA,UCwCfs-2zbD5k0lG-UVg_JBw,1
UCQ_-LPP8JAbfkc-b1Q6NvWw,UCQqetiwzzmRNTM5OWuXarGQ,1
UCQ_-LPP8JAbfkc-b1Q6NvWw,UC9xr9QvIcDvoZNUX5f-jaZw,1
UCQ_-LPP8JAbfkc-b1Q6NvWw,UC-hfX8J5JPJ-dfuakzegMLA,1
UCQ_-LPP8JAbfkc-b1Q6NvWw,UCpIdtvoFHVLGASGB5ySqIEA,1
UCQ_-LPP8JAbfkc-b1Q6NvWw,UCipetjeiWj4CZB6EbyYziZg,1
UCQ_-LPP8JAbfkc-b1Q6NvWw,UCiGRBf2RNF0WRKhRVT7zFoA,1
UCQ_-LPP8JAbfkc-b1Q6NvWw,UCYwpX26TrCxq8TvbKGRYLXA,1
UCQ_-LPP8JAbfkc-b1Q6NvWw,UChs3tU2BcKOT0CezykvAsGw,1
UCQ_-LPP8JAbfkc-b1Q6NvWw,UCDPWkUX3sNNaCx-m1dV4glA,1
UCQ_-LPP8JAbfkc-b1Q6NvWw,UC3qn1yJA5PeW9rkGPatQxiw,1
UCQ_-LPP8JAbfkc-b1Q6NvWw,UCz3gu01bmjNv0DpRq-K3XYg,1
UCQ_-LPP8JAbfkc-b1Q6NvWw,UCXr8_5WtGeipe4haOoQDgyQ,1
UCQ_-LPP8JAbfkc-b1Q6NvWw,UC8r11yOugM2NuRfitQOxLLg,1
UCQ_-LPP8JAbfkc-b1Q6NvWw,UC4wq3DcbfaG6dtCqn8Oyu3w,1
UCQ_-LPP8JAbfkc-b1Q6NvWw,UCwha8rxULYMVtNwZWeSkE1A,1
UCQ_-LPP8JAbfkc-b1Q6NvWw,UCwO2SXr0ggzwg6QWWrr01nQ,1
UCQ_-LPP8JAbfkc-b1Q6NvWw,UCL13XhnRzbGokEkCkEOb0-g,1
UCQ_-LPP8JAbfkc-b1Q6NvWw,UCUIIIPTVDVHAXqhC_5V6lPA,1
UCQ_-LPP8JAbfkc-b1Q6NvWw,UCXXh7yg5KUFIWylTiKVEFKQ,1
UCQ_-LPP8JAbfkc-b1Q6NvWw,UC9vMq1YF-e7C-VO0SHkbUTA,1
UCQ_-LPP8JAbfkc-b1Q6NvWw,UCErZPJpHmLCsXs8ZWkAUupQ,1
UCQ_-LPP8JAbfkc-b1Q6NvWw,UCQgYjVngJRfPHDLGB5X6ZjA,1
UCQ_-LPP8JAbfkc-b1Q6NvWw,UCTwSut16JyAg3mX6LVUNGqA,1
UCQ_-LPP8JAbfkc-b1Q6NvWw,UCj-LL25XJnjxepPKCc3NGog,1
UCQ_-LPP8JAbfkc-b1Q6NvWw,UCYN4wSQ1Sx4_LurxLlW7MPg,1
UCQ_-LPP8JAbfkc-b1Q6NvWw,UCsSXdJct-nsS8DsABoEsaYA,1
UCQ_-LPP8JAbfkc-b1Q6NvWw,UCOS8ViEkccrTZx2w2ccxotA,1
UCQ_-LPP8JAbfkc-b1Q6NvWw,UCwW2OFy95P7ZBkOPxWkpvYg,1
UCQ_-LPP8JAbfkc-b1Q6NvWw,UCi1b_TRQfgO1Z9O2gNGGWNA,1
UCQ_-LPP8JAbfkc-b1Q6NvWw,UC7VUuJr9cGh845CmTvf7TlQ,1
UCQ_-LPP8JAbfkc-b1Q6NvWw,UCplrIQtaPj6au60_f2-mOYw,1
UCQ_-LPP8JAbfkc-b1Q6NvWw,UCSou6a2OuYGSvPjm5psquyA,1
UCQ_-LPP8JAbfkc-b1Q6NvWw,UCsJJAvrVGupdmhOqgtDp8dg,1
UCQ_-LPP8JAbfkc-b1Q6NvWw,UCFhxtoeARHPnXXPcDrOU3Xg,1
UCQ_-LPP8JAbfkc-b1Q6NvWw,UC5H8ASmMC9WrURmzeB4ySog,1
UCQ_-LPP8JAbfkc-b1Q6NvWw,UCGzXwyCzMzGmjmCbH3Hg01Q,1
UCQ_-LPP8JAbfkc-b1Q6NvWw,UCueV9cTyTDwgQSec1x2dYgA,1
UCQ_-LPP8JAbfkc-b1Q6NvWw,UC3MYTqpQqlWBuCB7Th0e0PA,1
UCQ_-LPP8JAbfkc-b1Q6NvWw,UC3E9mAgP7VoAE5mZoAexl5g,1
UCQ_-LPP8JAbfkc-b1Q6NvWw,UCB5p8a5gklc80jJItP6xTHg,1
UCQ_-LPP8JAbfkc-b1Q6NvWw,UCcfdg8crmMJwEuLUsAhV7yg,1
UCQ_-LPP8JAbfkc-b1Q6NvWw,UCQtICyzWmhC5woCtbNgaSmg,1
UCQ_-LPP8JAbfkc-b1Q6NvWw,UCLFdHr9BEbXHkoJopbEPLZw,1
UCQ_-LPP8JAbfkc-b1Q6NvWw,UCQtSFINs1h6GHkpg9o5kMvg,1
UCQ_-LPP8JAbfkc-b1Q6NvWw,UCfM3nrxtTQMY5jFx1v1J4Gg,1
UCQ_-LPP8JAbfkc-b1Q6NvWw,UCV0iizTBoOfdAFX_thfI9BA,1
UCQ_-LPP8JAbfkc-b1Q6NvWw,UCN6qbfPSzFtjhqUDZ3Cv3CQ,1
UCQ_-LPP8JAbfkc-b1Q6NvWw,UCFoIAE8k82D6AV-8gjjKaNg,1
UCQ_-LPP8JAbfkc-b1Q6NvWw,UCkd9W714-947dEE6ZOEBATA,1
UCQ_-LPP8JAbfkc-b1Q6NvWw,UCA93ym2TXs_Ibyxb4Vcn-6Q,1
UCQ_-LPP8JAbfkc-b1Q6NvWw,UCHhHUjaMAZ8SiXdCUCj9DkQ,1
UCQ_-LPP8JAbfkc-b1Q6NvWw,UCFxE8GbokBrBsPEKM1xrOjQ,1
UCQ_-LPP8JAbfkc-b1Q6NvWw,UC8F2V63KZ4ZEay6opX2hAQw,1
UCQ_-LPP8JAbfkc-b1Q6NvWw,UC8G5cJONY8L9voMyBW8Eoug,1
UCQ_-LPP8JAbfkc-b1Q6NvWw,UC3XTwHxygNCgjndsg-UiCQA,1
UCQ_-LPP8JAbfkc-b1Q6NvWw,UCTD6q1nyIe3Y7HhqjaMj72w,1
UCQ_-LPP8JAbfkc-b1Q6NvWw,UC72gBAtyb_VXQlYDcFrh6oQ,1
UCQ_-LPP8JAbfkc-b1Q6NvWw,UC2Y_EHWQKevubk4vOEBBFxw,1
UCQ_-LPP8JAbfkc-b1Q6NvWw,UCZLG9qH0tUjNhEGFIUt0CYw,1
UCQ_-LPP8JAbfkc-b1Q6NvWw,UChgkn5Jt5tWKYMoEOuCjz3Q,1
UCQ_-LPP8JAbfkc-b1Q6NvWw,UCZ51R_9Q9C0c8I3pAWhtmjQ,1
UCQ_-LPP8JAbfkc-b1Q6NvWw,UCxff05WuyvwELNITi7bj7UA,1
UCQ_-LPP8JAbfkc-b1Q6NvWw,UCTP3O0rMnc8z8v8jaDQwL0w,1
UCQ_-LPP8JAbfkc-b1Q6NvWw,UCAmtbUiIrUIhikru0ZoTFig,1
UCQ_-LPP8JAbfkc-b1Q6NvWw,UCRlCV9zSn7avAWh-9_XFWqQ,1
UCQ_-LPP8JAbfkc-b1Q6NvWw,UCpl8rF8uv_8uui-QRvuJaRA,1
UCQ_-LPP8JAbfkc-b1Q6NvWw,UCsUCN0Yq_UyTvKjOJLmNrnQ,1
UCQ_-LPP8JAbfkc-b1Q6NvWw,UCjSKM9j0Q7HLDr1hD6D-TUw,1
UCQ_-LPP8JAbfkc-b1Q6NvWw,UChep9kVb5gQmpodEEl10Xlg,1
UCQ_-LPP8JAbfkc-b1Q6NvWw,UC-pNP6RMFuLg_-x7Ah_0kEA,1
UCQ_-LPP8JAbfkc-b1Q6NvWw,UCDftMWXQoJ6nONfY7GVOVjg,1
UCQ_-LPP8JAbfkc-b1Q6NvWw,UCEgEQmRbtL5fwr9_DqAC--g,1
UCQ_-LPP8JAbfkc-b1Q6NvWw,UCDQaQv0hr2SS_PO-CMEwVHg,1
UCQ_-LPP8JAbfkc-b1Q6NvWw,UCtNfIBnc5S5DbbQj_yxgJTw,1
UCQ_-LPP8JAbfkc-b1Q6NvWw,UCvApqeCbLod-wejtT4CcVuA,1
UCQ_-LPP8JAbfkc-b1Q6NvWw,UCrJn_rbo_ENAdeqneS-RmRw,1
UCQ_-LPP8JAbfkc-b1Q6NvWw,UCTylKrsqkrBKIqubMu_5N0Q,1
UCQ_-LPP8JAbfkc-b1Q6NvWw,UCFjudnPLoaSL1BaRuLahyHg,1
UCQ_-LPP8JAbfkc-b1Q6NvWw,UCThW2XNsAaBKme5PUt7n-Zg,1
UCQ_-LPP8JAbfkc-b1Q6NvWw,UCmjppp6ujz3SAnULvP3sZMw,1
UCQ_-LPP8JAbfkc-b1Q6NvWw,UCjmPuazZJzscrwvk0QR9RVw,1
UCQ_-LPP8JAbfkc-b1Q6NvWw,UCr1emrogPKkKTs_WTtx71xg,1
UCQ_-LPP8JAbfkc-b1Q6NvWw,UCzSfZlOVxBSs5ObD25ywxDQ,1
UCQ_-LPP8JAbfkc-b1Q6NvWw,UCujPF2nBgsTD62nWE3lcpIg,1
UCQ_-LPP8JAbfkc-b1Q6NvWw,UC4cXueR2bKGFJV0Fk76gwmA,1
UCQ_-LPP8JAbfkc-b1Q6NvWw,UCL1MT278vSaQ83ZDkVWn1gw,1
UCQ_-LPP8JAbfkc-b1Q6NvWw,UCRETAiYdh2dL5ZxB0_N1zDA,1
UCQ_-LPP8JAbfkc-b1Q6NvWw,UCtUR3_CAiE7fCoZHM6cMfyQ,1
UCQ_-LPP8JAbfkc-b1Q6NvWw,UCylqlpsh8ENNM1LqgQ1KbxA,1
UCQ_-LPP8JAbfkc-b1Q6NvWw,UC6YSZqL0vEcI-niPKIMUGfw,1
UCQ_-LPP8JAbfkc-b1Q6NvWw,UC3NMzdMYryaw82kPTnsaljg,1
UCQ_-LPP8JAbfkc-b1Q6NvWw,UCsjs5Hp_r86x1xbK6FAeqaA,1
UCQ_-LPP8JAbfkc-b1Q6NvWw,UCp4iw5_5SmV9VGTFSNVGOmQ,1
UCQ_-LPP8JAbfkc-b1Q6NvWw,UCKDR0f2fu2UzWL8mBv5-BHw,1
UCQ_-LPP8JAbfkc-b1Q6NvWw,UC6PvO1_k5lHKGdAPo5_C6TA,1
UCQ_-LPP8JAbfkc-b1Q6NvWw,UCFUuDARXdmmIrLppEqf-rFg,1
UCQ_-LPP8JAbfkc-b1Q6NvWw,UC5bG9nc_JV3FsNP2KseQiYw,1
UCQ_-LPP8JAbfkc-b1Q6NvWw,UC1vr9aaMI2crB0NvwFHUeoQ,1
UCQ_-LPP8JAbfkc-b1Q6NvWw,UCLggDc_a5HriXv7I1h02sOA,1
UCQ_-LPP8JAbfkc-b1Q6NvWw,UCDUffaruH6dyUnUGwsTKpgg,1
UCQ_-LPP8JAbfkc-b1Q6NvWw,UCDlr1VadSucIZgZ171pRBjQ,1
UCQ_-LPP8JAbfkc-b1Q6NvWw,UCySYJU5kUh7X8gVt9la2ISA,1
UCQ_-LPP8JAbfkc-b1Q6NvWw,UCHTGCgY2l-DQJIvlA_cpa_Q,1
UCQ_-LPP8JAbfkc-b1Q6NvWw,UCNkcuy42zEwddwEcOd_HpnA,1
UCQ_-LPP8JAbfkc-b1Q6NvWw,UC2weSE8rpqkGMOp6StYtVfg,1
UCQ_-LPP8JAbfkc-b1Q6NvWw,UCpsKOkt5iWTbenzeuq7dsmQ,1
UCQ_-LPP8JAbfkc-b1Q6NvWw,UCgvw7xIdGFupzpt1Y_BFkEA,1
UCQ_-LPP8JAbfkc-b1Q6NvWw,UC650pRT-OYzny3GwOH8Cgfw,1
UCQ_-LPP8JAbfkc-b1Q6NvWw,UCl0ekS9Tt0jJGtOEM18S63w,1
UCQ_-LPP8JAbfkc-b1Q6NvWw,UCXSkL3ejZ8qWYyF_M7s_QKA,1
UCQ_-LPP8JAbfkc-b1Q6NvWw,UCiMythXHsw7eQEMykCdmMUA,1
UCQ_-LPP8JAbfkc-b1Q6NvWw,UCljDbleJul41G1TzOjOZAVA,1
UCQ_-LPP8JAbfkc-b1Q6NvWw,UCAlzM_N6xBlMYmM8EBzX86Q,1
UCQ_-LPP8JAbfkc-b1Q6NvWw,UChZknRmJkeGeQk0-mQuhDOg,1
UCQ_-LPP8JAbfkc-b1Q6NvWw,UCmvOgzmmXbjUthHy-WJ52hQ,1
UCQ_-LPP8JAbfkc-b1Q6NvWw,UCNBnKqWf4d-rS4HwJRQljmQ,1
UCQ_-LPP8JAbfkc-b1Q6NvWw,UCOh6DaZC_x9HASnlRylEMfw,1
UCQ_-LPP8JAbfkc-b1Q6NvWw,UC-jS_kA9w-OmpupXDx156Rg,1
UCQ_-LPP8JAbfkc-b1Q6NvWw,UCCaYwkkbQGcvFoUmothVdQQ,1
UCQ_-LPP8JAbfkc-b1Q6NvWw,UCXgr7vXlRrsaskPdo097kGA,1
UCXmrpc6Li0spcKxtS0Q_ptg,UCHMQ_lDhibZ-XZ_3fo6oxwg,1
UCXmrpc6Li0spcKxtS0Q_ptg,UCFOxCyF926Y9eHhMeVoWLzw,1
UCXmrpc6Li0spcKxtS0Q_ptg,UCaT6M2zp7X6r6Whd8Vv3kHQ,1
UCXmrpc6Li0spcKxtS0Q_ptg,UC0RpuMwkDKJYqgKHtsJRuWQ,1
UCXmrpc6Li0spcKxtS0Q_ptg,UC5fvhAfm89JH8eDFdvc0xYw,1
UCXmrpc6Li0spcKxtS0Q_ptg,UCqilIa8r7iek5sGYg_q6ofA,1
UCXmrpc6Li0spcKxtS0Q_ptg,UC0aEyakBPqcBkVJiErfSupQ,1
UCXmrpc6Li0spcKxtS0Q_ptg,UCi-vPdnpQreC7BkFs40mJGA,1
UCXmrpc6Li0spcKxtS0Q_ptg,UCRznz9-N3Qc1w-qNdLSIY2Q,1
UCXmrpc6Li0spcKxtS0Q_ptg,UC_ljZ1hZXR9pzexFz87P5ZA,1
UCXmrpc6Li0spcKxtS0Q_ptg,UC5PyGvSfFM--OVKmQ3COu6g,1
UCXmrpc6Li0spcKxtS0Q_ptg,UCIp19h9igblA2YKfSLPDAug,1
UCXmrpc6Li0spcKxtS0Q_ptg,UCRcSR3Lvn9DZAmJpVPANfZQ,1
UCXmrpc6Li0spcKxtS0Q_ptg,UCGqKxQS-z3NZzZF-2w338AA,1
UCXmrpc6Li0spcKxtS0Q_ptg,UCSTAUWVc1_82DHYeqOsqEFA,1
UCXmrpc6Li0spcKxtS0Q_ptg,UCs_5qeqdku9tGAq22y3OcuQ,1
UCXmrpc6Li0spcKxtS0Q_ptg,UCIUhbSCy3-SGRe5UtqM4fzQ,1
UCXmrpc6Li0spcKxtS0Q_ptg,UCwUAv3_LpWVtTIi7lkmTL7A,1
UCXmrpc6Li0spcKxtS0Q_ptg,UCyzf29IYjNw67gGIfsjgtxA,1
UCXmrpc6Li0spcKxtS0Q_ptg,UCgLrWFdYitoP-b7-PxtUr-w,1
UCXmrpc6Li0spcKxtS0Q_ptg,UCY7Hq7F9Lnucf-Yr6JkHZNw,1
UCXmrpc6Li0spcKxtS0Q_ptg,UCxKR3RA8T-kxMgq_2WWhRcQ,1
UCXmrpc6Li0spcKxtS0Q_ptg,UCtMBF_1O2jY2INlb_luuB_A,1
UCZ51R_9Q9C0c8I3pAWhtmjQ,UCQqetiwzzmRNTM5OWuXarGQ,1
UCZ51R_9Q9C0c8I3pAWhtmjQ,UC9xr9QvIcDvoZNUX5f-jaZw,1
UCZ51R_9Q9C0c8I3pAWhtmjQ,UC-hfX8J5JPJ-dfuakzegMLA,1
UCZ51R_9Q9C0c8I3pAWhtmjQ,UCpIdtvoFHVLGASGB5ySqIEA,1
UCZ51R_9Q9C0c8I3pAWhtmjQ,UCipetjeiWj4CZB6EbyYziZg,1
UCZ51R_9Q9C0c8I3pAWhtmjQ,UCiGRBf2RNF0WRKhRVT7zFoA,1
UCZ51R_9Q9C0c8I3pAWhtmjQ,UCYwpX26TrCxq8TvbKGRYLXA,1
UCZ51R_9Q9C0c8I3pAWhtmjQ,UChs3tU2BcKOT0CezykvAsGw,1
UCZ51R_9Q9C0c8I3pAWhtmjQ,UCDPWkUX3sNNaCx-m1dV4glA,1
UCZ51R_9Q9C0c8I3pAWhtmjQ,UC3qn1yJA5PeW9rkGPatQxiw,1
UCZ51R_9Q9C0c8I3pAWhtmjQ,UCz3gu01bmjNv0DpRq-K3XYg,1
UCZ51R_9Q9C0c8I3pAWhtmjQ,UCXr8_5WtGeipe4haOoQDgyQ,1
UCZ51R_9Q9C0c8I3pAWhtmjQ,UC8r11yOugM2NuRfitQOxLLg,1
UCZ51R_9Q9C0c8I3pAWhtmjQ,UC4wq3DcbfaG6dtCqn8Oyu3w,1
UCZ51R_9Q9C0c8I3pAWhtmjQ,UCwha8rxULYMVtNwZWeSkE1A,1
UCZ51R_9Q9C0c8I3pAWhtmjQ,UCwO2SXr0ggzwg6QWWrr01nQ,1
UCZ51R_9Q9C0c8I3pAWhtmjQ,UCL13XhnRzbGokEkCkEOb0-g,1
UCZ51R_9Q9C0c8I3pAWhtmjQ,UCUIIIPTVDVHAXqhC_5V6lPA,1
UCZ51R_9Q9C0c8I3pAWhtmjQ,UCXXh7yg5KUFIWylTiKVEFKQ,1
UCZ51R_9Q9C0c8I3pAWhtmjQ,UC9vMq1YF-e7C-VO0SHkbUTA,1
UCZ51R_9Q9C0c8I3pAWhtmjQ,UCErZPJpHmLCsXs8ZWkAUupQ,1
UCZ51R_9Q9C0c8I3pAWhtmjQ,UCQgYjVngJRfPHDLGB5X6ZjA,1
UCZ51R_9Q9C0c8I3pAWhtmjQ,UCTwSut16JyAg3mX6LVUNGqA,1
UCZ51R_9Q9C0c8I3pAWhtmjQ,UCj-LL25XJnjxepPKCc3NGog,1
UCZ51R_9Q9C0c8I3pAWhtmjQ,UCYN4wSQ1Sx4_LurxLlW7MPg,1
UCZ51R_9Q9C0c8I3pAWhtmjQ,UCsSXdJct-nsS8DsABoEsaYA,1
UCZ51R_9Q9C0c8I3pAWhtmjQ,UCOS8ViEkccrTZx2w2ccxotA,1
UCZ51R_9Q9C0c8I3pAWhtmjQ,UCwW2OFy95P7ZBkOPxWkpvYg,1
UCZ51R_9Q9C0c8I3pAWhtmjQ,UCi1b_TRQfgO1Z9O2gNGGWNA,1
UCZ51R_9Q9C0c8I3pAWhtmjQ,UC7VUuJr9cGh845CmTvf7TlQ,1
UCZ51R_9Q9C0c8I3pAWhtmjQ,UCplrIQtaPj6au60_f2-mOYw,1
UCZ51R_9Q9C0c8I3pAWhtmjQ,UCSou6a2OuYGSvPjm5psquyA,1
UCZ51R_9Q9C0c8I3pAWhtmjQ,UCsJJAvrVGupdmhOqgtDp8dg,1
UCZ51R_9Q9C0c8I3pAWhtmjQ,UCFhxtoeARHPnXXPcDrOU3Xg,1
UCZ51R_9Q9C0c8I3pAWhtmjQ,UC5H8ASmMC9WrURmzeB4ySog,1
UCZ51R_9Q9C0c8I3pAWhtmjQ,UCGzXwyCzMzGmjmCbH3Hg01Q,1
UCZ51R_9Q9C0c8I3pAWhtmjQ,UCueV9cTyTDwgQSec1x2dYgA,1
UCZ51R_9Q9C0c8I3pAWhtmjQ,UC3MYTqpQqlWBuCB7Th0e0PA,1
UCZ51R_9Q9C0c8I3pAWhtmjQ,UC3E9mAgP7VoAE5mZoAexl5g,1
UCZ51R_9Q9C0c8I3pAWhtmjQ,UCB5p8a5gklc80jJItP6xTHg,1
UCZ51R_9Q9C0c8I3pAWhtmjQ,UCcfdg8crmMJwEuLUsAhV7yg,1
UCZ51R_9Q9C0c8I3pAWhtmjQ,UCQtICyzWmhC5woCtbNgaSmg,1
UCZ51R_9Q9C0c8I3pAWhtmjQ,UCLFdHr9BEbXHkoJopbEPLZw,1
UCZ51R_9Q9C0c8I3pAWhtmjQ,UCQtSFINs1h6GHkpg9o5kMvg,1
UCZ51R_9Q9C0c8I3pAWhtmjQ,UCfM3nrxtTQMY5jFx1v1J4Gg,1
UCZ51R_9Q9C0c8I3pAWhtmjQ,UCV0iizTBoOfdAFX_thfI9BA,1
UCZ51R_9Q9C0c8I3pAWhtmjQ,UCN6qbfPSzFtjhqUDZ3Cv3CQ,1
UCZ51R_9Q9C0c8I3pAWhtmjQ,UCFoIAE8k82D6AV-8gjjKaNg,1
UCZ51R_9Q9C0c8I3pAWhtmjQ,UCkd9W714-947dEE6ZOEBATA,1
UCZ51R_9Q9C0c8I3pAWhtmjQ,UCA93ym2TXs_Ibyxb4Vcn-6Q,1
UCZ51R_9Q9C0c8I3pAWhtmjQ,UCHhHUjaMAZ8SiXdCUCj9DkQ,1
UCZ51R_9Q9C0c8I3pAWhtmjQ,UCFxE8GbokBrBsPEKM1xrOjQ,1
UCZ51R_9Q9C0c8I3pAWhtmjQ,UC8F2V63KZ4ZEay6opX2hAQw,1
UCZ51R_9Q9C0c8I3pAWhtmjQ,UC8G5cJONY8L9voMyBW8Eoug,1
UCZ51R_9Q9C0c8I3pAWhtmjQ,UC3XTwHxygNCgjndsg-UiCQA,1
UCZ51R_9Q9C0c8I3pAWhtmjQ,UCTD6q1nyIe3Y7HhqjaMj72w,1
UCZ51R_9Q9C0c8I3pAWhtmjQ,UC72gBAtyb_VXQlYDcFrh6oQ,1
UCZ51R_9Q9C0c8I3pAWhtmjQ,UC2Y_EHWQKevubk4vOEBBFxw,1
UCZ51R_9Q9C0c8I3pAWhtmjQ,UCZLG9qH0tUjNhEGFIUt0CYw,1
UCZ51R_9Q9C0c8I3pAWhtmjQ,UChgkn5Jt5tWKYMoEOuCjz3Q,1
UCZ51R_9Q9C0c8I3pAWhtmjQ,UCxff05WuyvwELNITi7bj7UA,1
UCZ51R_9Q9C0c8I3pAWhtmjQ,UCTP3O0rMnc8z8v8jaDQwL0w,1
UCZ51R_9Q9C0c8I3pAWhtmjQ,UCAmtbUiIrUIhikru0ZoTFig,1
UCZ51R_9Q9C0c8I3pAWhtmjQ,UCRlCV9zSn7avAWh-9_XFWqQ,1
UCZ51R_9Q9C0c8I3pAWhtmjQ,UCpl8rF8uv_8uui-QRvuJaRA,1
UCZ51R_9Q9C0c8I3pAWhtmjQ,UCsUCN0Yq_UyTvKjOJLmNrnQ,1
UCZ51R_9Q9C0c8I3pAWhtmjQ,UCjSKM9j0Q7HLDr1hD6D-TUw,1
UCZ51R_9Q9C0c8I3pAWhtmjQ,UChep9kVb5gQmpodEEl10Xlg,1
UCZ51R_9Q9C0c8I3pAWhtmjQ,UC-pNP6RMFuLg_-x7Ah_0kEA,1
UCZ51R_9Q9C0c8I3pAWhtmjQ,UCDftMWXQoJ6nONfY7GVOVjg,1
UCZ51R_9Q9C0c8I3pAWhtmjQ,UCEgEQmRbtL5fwr9_DqAC--g,1
UCZ51R_9Q9C0c8I3pAWhtmjQ,UCDQaQv0hr2SS_PO-CMEwVHg,1
UCZ51R_9Q9C0c8I3pAWhtmjQ,UCtNfIBnc5S5DbbQj_yxgJTw,1
UCZ51R_9Q9C0c8I3pAWhtmjQ,UCvApqeCbLod-wejtT4CcVuA,1
UCZ51R_9Q9C0c8I3pAWhtmjQ,UCrJn_rbo_ENAdeqneS-RmRw,1
UCZ51R_9Q9C0c8I3pAWhtmjQ,UCTylKrsqkrBKIqubMu_5N0Q,1
UCZ51R_9Q9C0c8I3pAWhtmjQ,UCFjudnPLoaSL1BaRuLahyHg,1
UCZ51R_9Q9C0c8I3pAWhtmjQ,UCThW2XNsAaBKme5PUt7n-Zg,1
UCZ51R_9Q9C0c8I3pAWhtmjQ,UCmjppp6ujz3SAnULvP3sZMw,1
UCZ51R_9Q9C0c8I3pAWhtmjQ,UCjmPuazZJzscrwvk0QR9RVw,1
UCZ51R_9Q9C0c8I3pAWhtmjQ,UCr1emrogPKkKTs_WTtx71xg,1
UCZ51R_9Q9C0c8I3pAWhtmjQ,UCzSfZlOVxBSs5ObD25ywxDQ,1
UCZ51R_9Q9C0c8I3pAWhtmjQ,UCujPF2nBgsTD62nWE3lcpIg,1
UCZ51R_9Q9C0c8I3pAWhtmjQ,UC4cXueR2bKGFJV0Fk76gwmA,1
UCZ51R_9Q9C0c8I3pAWhtmjQ,UCL1MT278vSaQ83ZDkVWn1gw,1
UCZ51R_9Q9C0c8I3pAWhtmjQ,UCRETAiYdh2dL5ZxB0_N1zDA,1
UCZ51R_9Q9C0c8I3pAWhtmjQ,UCtUR3_CAiE7fCoZHM6cMfyQ,1
UCZ51R_9Q9C0c8I3pAWhtmjQ,UCylqlpsh8ENNM1LqgQ1KbxA,1
UCZ51R_9Q9C0c8I3pAWhtmjQ,UC6YSZqL0vEcI-niPKIMUGfw,1
UCZ51R_9Q9C0c8I3pAWhtmjQ,UC3NMzdMYryaw82kPTnsaljg,1
UCZ51R_9Q9C0c8I3pAWhtmjQ,UCsjs5Hp_r86x1xbK6FAeqaA,1
UCZ51R_9Q9C0c8I3pAWhtmjQ,UCp4iw5_5SmV9VGTFSNVGOmQ,1
UCZ51R_9Q9C0c8I3pAWhtmjQ,UCKDR0f2fu2UzWL8mBv5-BHw,1
UCZ51R_9Q9C0c8I3pAWhtmjQ,UC6PvO1_k5lHKGdAPo5_C6TA,1
UCZ51R_9Q9C0c8I3pAWhtmjQ,UCFUuDARXdmmIrLppEqf-rFg,1
UCZ51R_9Q9C0c8I3pAWhtmjQ,UC5bG9nc_JV3FsNP2KseQiYw,1
UCZ51R_9Q9C0c8I3pAWhtmjQ,UC1vr9aaMI2crB0NvwFHUeoQ,1
UCZ51R_9Q9C0c8I3pAWhtmjQ,UCLggDc_a5HriXv7I1h02sOA,1
UCZ51R_9Q9C0c8I3pAWhtmjQ,UCDUffaruH6dyUnUGwsTKpgg,1
UCZ51R_9Q9C0c8I3pAWhtmjQ,UCDlr1VadSucIZgZ171pRBjQ,1
UCZ51R_9Q9C0c8I3pAWhtmjQ,UCySYJU5kUh7X8gVt9la2ISA,1
UCZ51R_9Q9C0c8I3pAWhtmjQ,UCHTGCgY2l-DQJIvlA_cpa_Q,1
UCZ51R_9Q9C0c8I3pAWhtmjQ,UCNkcuy42zEwddwEcOd_HpnA,1
UCZ51R_9Q9C0c8I3pAWhtmjQ,UC2weSE8rpqkGMOp6StYtVfg,1
UCZ51R_9Q9C0c8I3pAWhtmjQ,UCpsKOkt5iWTbenzeuq7dsmQ,1
UCZ51R_9Q9C0c8I3pAWhtmjQ,UCgvw7xIdGFupzpt1Y_BFkEA,1
UCZ51R_9Q9C0c8I3pAWhtmjQ,UC650pRT-OYzny3GwOH8Cgfw,1
UCZ51R_9Q9C0c8I3pAWhtmjQ,UCl0ekS9Tt0jJGtOEM18S63w,1
UCZ51R_9Q9C0c8I3pAWhtmjQ,UCXSkL3ejZ8qWYyF_M7s_QKA,1
UCZ51R_9Q9C0c8I3pAWhtmjQ,UCiMythXHsw7eQEMykCdmMUA,1
UCZ51R_9Q9C0c8I3pAWhtmjQ,UCljDbleJul41G1TzOjOZAVA,1
UCZ51R_9Q9C0c8I3pAWhtmjQ,UCAlzM_N6xBlMYmM8EBzX86Q,1
UCZ51R_9Q9C0c8I3pAWhtmjQ,UChZknRmJkeGeQk0-mQuhDOg,1
UCZ51R_9Q9C0c8I3pAWhtmjQ,UCmvOgzmmXbjUthHy-WJ52hQ,1
UCZ51R_9Q9C0c8I3pAWhtmjQ,UCNBnKqWf4d-rS4HwJRQljmQ,1
UCZ51R_9Q9C0c8I3pAWhtmjQ,UCOh6DaZC_x9HASnlRylEMfw,1
UCZ51R_9Q9C0c8I3pAWhtmjQ,UC-jS_kA9w-OmpupXDx156Rg,1
UCZ51R_9Q9C0c8I3pAWhtmjQ,UCCaYwkkbQGcvFoUmothVdQQ,1
UCZ51R_9Q9C0c8I3pAWhtmjQ,UCXgr7vXlRrsaskPdo097kGA,1
UCxhtlxPV8AYWaNNyU6S9H8Q,UCIgoiXdIKJyUGmUoH2Lxdzg,1
UCxhtlxPV8AYWaNNyU6S9H8Q,UCbNanjFI51cwGqMAb2rOrBw,1
UCxhtlxPV8AYWaNNyU6S9H8Q,UCtiHFjFu7d5v2XxHnKFUYig,1
UCxhtlxPV8AYWaNNyU6S9H8Q,UCZjm6U576nX8WOiLhmMR3bw,1
UCxhtlxPV8AYWaNNyU6S9H8Q,UCat2qkYvqmtDNEmo2PVuhXw,1
UCxhtlxPV8AYWaNNyU6S9H8Q,UC1WlJfQmaIskYhP4gmWoamw,1
UCxhtlxPV8AYWaNNyU6S9H8Q,UCBlm80VQ4YoV3bUJR_XhkaQ,1
UCxhtlxPV8AYWaNNyU6S9H8Q,UC-QOpE7GOxlXcHZ8b7HbQKA,1
UCxhtlxPV8AYWaNNyU6S9H8Q,UCVdjCrh4tQoX3haNAZv-n5A,1
UCxhtlxPV8AYWaNNyU6S9H8Q,UCPNXmbOBVeC4HS-xemvcPtQ,1
UCxhtlxPV8AYWaNNyU6S9H8Q,UCozFYHN0e_-vlQbX3wQGOug,1
UCxhtlxPV8AYWaNNyU6S9H8Q,UCQMMuADgqWUOcJpLwHOzC-g,1
UCxhtlxPV8AYWaNNyU6S9H8Q,UCrqXyRsg-_hTosURZ-uvoKg,1
UCxhtlxPV8AYWaNNyU6S9H8Q,UCGZMgmM92E3njyXNe9-kjAQ,1
UCxhtlxPV8AYWaNNyU6S9H8Q,UCp_dAUfv8i3LW3zWc24dLaQ,1
UCvcu1kR8xMYy_I1Ty-2mV2Q,UCTTILH6QCIxbTnEWxwRqs1g,1
UCvcu1kR8xMYy_I1Ty-2mV2Q,UCVhif9eV0f8plICen2DnpKA,1
UCvcu1kR8xMYy_I1Ty-2mV2Q,UCOY3XpD9qMCRSA8AA8c4CAw,1
UCvcu1kR8xMYy_I1Ty-2mV2Q,UCc_F88PzGWtA1OPNUEASulA,1
UCvcu1kR8xMYy_I1Ty-2mV2Q,UCkxdJ_yGN2gghOMo2ybQtXQ,1
UCvcu1kR8xMYy_I1Ty-2mV2Q,UCZIQnb1fkwe39Iw2TAu-bGA,1
UCvcu1kR8xMYy_I1Ty-2mV2Q,UCGj2v6Gl5bN8NSrzJMXS-CA,1
UCvcu1kR8xMYy_I1Ty-2mV2Q,UCcFIBN-rtC3d3hXeuN5TfWw,1
UCvcu1kR8xMYy_I1Ty-2mV2Q,UCJp3OrVYcBorC94sKwdch_A,1
UCvcu1kR8xMYy_I1Ty-2mV2Q,UCXVLc8CmAO813ubM-fLvCDw,1
UCvcu1kR8xMYy_I1Ty-2mV2Q,UCjJf-AJKRFFWtiN-CSwkDmA,1
UCvcu1kR8xMYy_I1Ty-2mV2Q,UCXO1BBohNWXkK9SBDAG2ySg,1
UCvcu1kR8xMYy_I1Ty-2mV2Q,UCpsKOkt5iWTbenzeuq7dsmQ,1
UCvcu1kR8xMYy_I1Ty-2mV2Q,UCxcoDvP-g2_KTZDmVZtvb3w,1
UCvcu1kR8xMYy_I1Ty-2mV2Q,UCefAH1MbvADWUjE9WVcB9EQ,1
UCvcu1kR8xMYy_I1Ty-2mV2Q,UCwEe1RKlEv1UpNWmWYfSh4w,1
UCvcu1kR8xMYy_I1Ty-2mV2Q,UCbrtvygfRT6QXqWDNrOf-cA,2
UCvcu1kR8xMYy_I1Ty-2mV2Q,UC5wuDq3U3vRAhOQI3D7gNdw,1
UCvcu1kR8xMYy_I1Ty-2mV2Q,UCyW68EGZey4ao_Vf2cR5Ztg,1
UCvcu1kR8xMYy_I1Ty-2mV2Q,UCOARn3hnfkB7-_Rwa8Hoqcw,1
UCvcu1kR8xMYy_I1Ty-2mV2Q,UCdQAuWwyC99MB7Y02Umj26Q,1
UCvcu1kR8xMYy_I1Ty-2mV2Q,UChT7pzGytNd92Nmvi-zuWog,1
UCvcu1kR8xMYy_I1Ty-2mV2Q,UCVC2QugcI1G4RvlCiUqd1aQ,1
UCvcu1kR8xMYy_I1Ty-2mV2Q,UC_6KbBY1bsYXz9fwFS0eQRg,1
UCvcu1kR8xMYy_I1Ty-2mV2Q,UCCUmP4PlbwgikVFpYwbtRTg,1
UCvcu1kR8xMYy_I1Ty-2mV2Q,UCnU8wO1OurAmGstDw6VGjgQ,1
UCaKAjTW9MVub_clgr4DRYjQ,UCpe5jW3MIqkgTJ-PgkzvM6Q,1
UCaKAjTW9MVub_clgr4DRYjQ,UCqCrvuoJpC-aVb0f4logQRQ,1
UCaKAjTW9MVub_clgr4DRYjQ,UCDrmf9y9nLgFY5wnA2hTuGA,1
UCaKAjTW9MVub_clgr4DRYjQ,UC-fiZBS5Gp1eCJd9ucgWnCg,1
UCaKAjTW9MVub_clgr4DRYjQ,UCeDNEtI8_a42bZ47wJiJMwQ,1
UCaKAjTW9MVub_clgr4DRYjQ,UCZeIIQrGAedW8tCbKWmGY-A,1
UCaKAjTW9MVub_clgr4DRYjQ,UCwgCc9Jd_gG-uLE_SY-FfPg,1
UCaKAjTW9MVub_clgr4DRYjQ,UCCBYcToQ2dwkd6TJh0FSyDg,1
UCaKAjTW9MVub_clgr4DRYjQ,UCQqlPPUGqAfWjd-FSh_qn7Q,1
UCaKAjTW9MVub_clgr4DRYjQ,UCUoYsrx1oZnCZ0usbBJn4fA,1
UCaKAjTW9MVub_clgr4DRYjQ,UC_LYoGs5C3mbZKZuKuqYCvw,1
UCaKAjTW9MVub_clgr4DRYjQ,UColMq7LmaoY3MT6aIDGrGvA,1
UCaKAjTW9MVub_clgr4DRYjQ,UCRvPToDkkumha7WJAfCDk1A,1
UCaKAjTW9MVub_clgr4DRYjQ,UCu8_3-Wg-YzNyvHYQDEscfw,1
UCaKAjTW9MVub_clgr4DRYjQ,UCylqlpsh8ENNM1LqgQ1KbxA,1
UCaKAjTW9MVub_clgr4DRYjQ,UC32oozucwCF3q8d4m8fyOUg,1
UCaKAjTW9MVub_clgr4DRYjQ,UCV0lM03g5fg5pbPj97-sAtA,1
UCaKAjTW9MVub_clgr4DRYjQ,UCW-JC6lebVmf2P1dmY_L94g,1
UCaKAjTW9MVub_clgr4DRYjQ,UCAKuKvcbfnBD3kF5njNu-IA,1
UCaKAjTW9MVub_clgr4DRYjQ,UC3UVO7pTbeYvZ3ILEyRDskQ,1
UCaKAjTW9MVub_clgr4DRYjQ,UC816IGbFCZinfYS1LRDaaHg,1
UCaKAjTW9MVub_clgr4DRYjQ,UC4Avya4kmR4Q0FrfFdBozSQ,1
UCaKAjTW9MVub_clgr4DRYjQ,UCgJNFj5dnxXpcMvmuhZDPxA,1
UCaKAjTW9MVub_clgr4DRYjQ,UCkVtmkK07b2zaVVNssX4lOg,1
UCaKAjTW9MVub_clgr4DRYjQ,UC1DpqK6vaPEkBOMNvypsKYg,1
UCaKAjTW9MVub_clgr4DRYjQ,UCiC-Jn7wdgyQV4_Urk0DkWQ,1
UCaKAjTW9MVub_clgr4DRYjQ,UCpsKOkt5iWTbenzeuq7dsmQ,1
UCaKAjTW9MVub_clgr4DRYjQ,UCWoAVGVqCn4xtINCMOTM4jg,1
UCaKAjTW9MVub_clgr4DRYjQ,UClqA491Xa5fQcXcJJa-vTWw,1
UCaKAjTW9MVub_clgr4DRYjQ,UCe8JZoYkX5oKUZyivHYdXhw,1
UCaKAjTW9MVub_clgr4DRYjQ,UClhMWQ7XKWywYvbRnuf8QsA,1
UCaKAjTW9MVub_clgr4DRYjQ,UC5hvEnRUzI4Kfvwnyi4QxqQ,1
UCaKAjTW9MVub_clgr4DRYjQ,UCGGHbtfbbe0o68etrOf0qxw,1
UCaKAjTW9MVub_clgr4DRYjQ,UCgQw_Sbq3ugruDUKsq1e0-A,1
UCaKAjTW9MVub_clgr4DRYjQ,UC6Uj1FT5JjDSF8vudvDxPAA,1
UCaKAjTW9MVub_clgr4DRYjQ,UC7dadZG7kkGYnsNu6td0FbA,1
UCaKAjTW9MVub_clgr4DRYjQ,UCsGoJEvb-cFPZ2rWoJcXzEQ,1
UCaKAjTW9MVub_clgr4DRYjQ,UC95PSMouTx2N5CbSq0hIyrQ,1
UCaKAjTW9MVub_clgr4DRYjQ,UCOcUI5XkTYNMSFhZNMIPpGg,1
UCaKAjTW9MVub_clgr4DRYjQ,UCuXmOjxC-htcprLgeVXz6Tg,1
UCaKAjTW9MVub_clgr4DRYjQ,UCHbwIx9pmQuf7i-4_xO2EpA,1
UCaKAjTW9MVub_clgr4DRYjQ,UCwjUvRseNtJoItylIyIez7Q,1
UCaKAjTW9MVub_clgr4DRYjQ,UCW80DaMjQlEUibC98Cot-Dg,1
UCxff05WuyvwELNITi7bj7UA,UCQqetiwzzmRNTM5OWuXarGQ,1
UCxff05WuyvwELNITi7bj7UA,UC9xr9QvIcDvoZNUX5f-jaZw,1
UCxff05WuyvwELNITi7bj7UA,UC-hfX8J5JPJ-dfuakzegMLA,1
UCxff05WuyvwELNITi7bj7UA,UCpIdtvoFHVLGASGB5ySqIEA,1
UCxff05WuyvwELNITi7bj7UA,UCipetjeiWj4CZB6EbyYziZg,1
UCxff05WuyvwELNITi7bj7UA,UCiGRBf2RNF0WRKhRVT7zFoA,1
UCxff05WuyvwELNITi7bj7UA,UCYwpX26TrCxq8TvbKGRYLXA,1
UCxff05WuyvwELNITi7bj7UA,UChs3tU2BcKOT0CezykvAsGw,1
UCxff05WuyvwELNITi7bj7UA,UCDPWkUX3sNNaCx-m1dV4glA,1
UCxff05WuyvwELNITi7bj7UA,UC3qn1yJA5PeW9rkGPatQxiw,1
UCxff05WuyvwELNITi7bj7UA,UCz3gu01bmjNv0DpRq-K3XYg,1
UCxff05WuyvwELNITi7bj7UA,UCXr8_5WtGeipe4haOoQDgyQ,1
UCxff05WuyvwELNITi7bj7UA,UC8r11yOugM2NuRfitQOxLLg,1
UCxff05WuyvwELNITi7bj7UA,UC4wq3DcbfaG6dtCqn8Oyu3w,1
UCxff05WuyvwELNITi7bj7UA,UCwha8rxULYMVtNwZWeSkE1A,1
UCxff05WuyvwELNITi7bj7UA,UCwO2SXr0ggzwg6QWWrr01nQ,1
UCxff05WuyvwELNITi7bj7UA,UCL13XhnRzbGokEkCkEOb0-g,1
UCxff05WuyvwELNITi7bj7UA,UCUIIIPTVDVHAXqhC_5V6lPA,1
UCxff05WuyvwELNITi7bj7UA,UCXXh7yg5KUFIWylTiKVEFKQ,1
UCxff05WuyvwELNITi7bj7UA,UC9vMq1YF-e7C-VO0SHkbUTA,1
UCxff05WuyvwELNITi7bj7UA,UCErZPJpHmLCsXs8ZWkAUupQ,1
UCxff05WuyvwELNITi7bj7UA,UCQgYjVngJRfPHDLGB5X6ZjA,1
UCxff05WuyvwELNITi7bj7UA,UCTwSut16JyAg3mX6LVUNGqA,1
UCxff05WuyvwELNITi7bj7UA,UCj-LL25XJnjxepPKCc3NGog,1
UCxff05WuyvwELNITi7bj7UA,UCYN4wSQ1Sx4_LurxLlW7MPg,1
UCxff05WuyvwELNITi7bj7UA,UCsSXdJct-nsS8DsABoEsaYA,1
UCxff05WuyvwELNITi7bj7UA,UCOS8ViEkccrTZx2w2ccxotA,1
UCxff05WuyvwELNITi7bj7UA,UCwW2OFy95P7ZBkOPxWkpvYg,1
UCxff05WuyvwELNITi7bj7UA,UCi1b_TRQfgO1Z9O2gNGGWNA,1
UCxff05WuyvwELNITi7bj7UA,UC7VUuJr9cGh845CmTvf7TlQ,1
UCxff05WuyvwELNITi7bj7UA,UCplrIQtaPj6au60_f2-mOYw,1
UCxff05WuyvwELNITi7bj7UA,UCSou6a2OuYGSvPjm5psquyA,1
UCxff05WuyvwELNITi7bj7UA,UCsJJAvrVGupdmhOqgtDp8dg,1
UCxff05WuyvwELNITi7bj7UA,UCFhxtoeARHPnXXPcDrOU3Xg,1
UCxff05WuyvwELNITi7bj7UA,UC5H8ASmMC9WrURmzeB4ySog,1
UCxff05WuyvwELNITi7bj7UA,UCGzXwyCzMzGmjmCbH3Hg01Q,1
UCxff05WuyvwELNITi7bj7UA,UCueV9cTyTDwgQSec1x2dYgA,1
UCxff05WuyvwELNITi7bj7UA,UC3MYTqpQqlWBuCB7Th0e0PA,1
UCxff05WuyvwELNITi7bj7UA,UC3E9mAgP7VoAE5mZoAexl5g,1
UCxff05WuyvwELNITi7bj7UA,UCB5p8a5gklc80jJItP6xTHg,1
UCxff05WuyvwELNITi7bj7UA,UCcfdg8crmMJwEuLUsAhV7yg,1
UCxff05WuyvwELNITi7bj7UA,UCQtICyzWmhC5woCtbNgaSmg,1
UCxff05WuyvwELNITi7bj7UA,UCLFdHr9BEbXHkoJopbEPLZw,1
UCxff05WuyvwELNITi7bj7UA,UCQtSFINs1h6GHkpg9o5kMvg,1
UCxff05WuyvwELNITi7bj7UA,UCfM3nrxtTQMY5jFx1v1J4Gg,1
UCxff05WuyvwELNITi7bj7UA,UCV0iizTBoOfdAFX_thfI9BA,1
UCxff05WuyvwELNITi7bj7UA,UCN6qbfPSzFtjhqUDZ3Cv3CQ,1
UCxff05WuyvwELNITi7bj7UA,UCFoIAE8k82D6AV-8gjjKaNg,1
UCxff05WuyvwELNITi7bj7UA,UCkd9W714-947dEE6ZOEBATA,1
UCxff05WuyvwELNITi7bj7UA,UCA93ym2TXs_Ibyxb4Vcn-6Q,1
UCxff05WuyvwELNITi7bj7UA,UCHhHUjaMAZ8SiXdCUCj9DkQ,1
UCxff05WuyvwELNITi7bj7UA,UCFxE8GbokBrBsPEKM1xrOjQ,1
UCxff05WuyvwELNITi7bj7UA,UC8F2V63KZ4ZEay6opX2hAQw,1
UCxff05WuyvwELNITi7bj7UA,UC8G5cJONY8L9voMyBW8Eoug,1
UCxff05WuyvwELNITi7bj7UA,UC3XTwHxygNCgjndsg-UiCQA,1
UCxff05WuyvwELNITi7bj7UA,UCTD6q1nyIe3Y7HhqjaMj72w,1
UCxff05WuyvwELNITi7bj7UA,UC72gBAtyb_VXQlYDcFrh6oQ,1
UCxff05WuyvwELNITi7bj7UA,UC2Y_EHWQKevubk4vOEBBFxw,1
UCxff05WuyvwELNITi7bj7UA,UCZLG9qH0tUjNhEGFIUt0CYw,1
UCxff05WuyvwELNITi7bj7UA,UChgkn5Jt5tWKYMoEOuCjz3Q,1
UCxff05WuyvwELNITi7bj7UA,UCTP3O0rMnc8z8v8jaDQwL0w,1
UCxff05WuyvwELNITi7bj7UA,UCAmtbUiIrUIhikru0ZoTFig,1
UCxff05WuyvwELNITi7bj7UA,UCRlCV9zSn7avAWh-9_XFWqQ,1
UCxff05WuyvwELNITi7bj7UA,UCpl8rF8uv_8uui-QRvuJaRA,1
UCxff05WuyvwELNITi7bj7UA,UCsUCN0Yq_UyTvKjOJLmNrnQ,1
UCxff05WuyvwELNITi7bj7UA,UCjSKM9j0Q7HLDr1hD6D-TUw,1
UCxff05WuyvwELNITi7bj7UA,UChep9kVb5gQmpodEEl10Xlg,1
UCxff05WuyvwELNITi7bj7UA,UC-pNP6RMFuLg_-x7Ah_0kEA,1
UCxff05WuyvwELNITi7bj7UA,UCDftMWXQoJ6nONfY7GVOVjg,1
UCxff05WuyvwELNITi7bj7UA,UCEgEQmRbtL5fwr9_DqAC--g,1
UCxff05WuyvwELNITi7bj7UA,UCDQaQv0hr2SS_PO-CMEwVHg,1
UCxff05WuyvwELNITi7bj7UA,UCtNfIBnc5S5DbbQj_yxgJTw,1
UCxff05WuyvwELNITi7bj7UA,UCvApqeCbLod-wejtT4CcVuA,1
UCxff05WuyvwELNITi7bj7UA,UCrJn_rbo_ENAdeqneS-RmRw,1
UCxff05WuyvwELNITi7bj7UA,UCTylKrsqkrBKIqubMu_5N0Q,1
UCxff05WuyvwELNITi7bj7UA,UCFjudnPLoaSL1BaRuLahyHg,1
UCxff05WuyvwELNITi7bj7UA,UCThW2XNsAaBKme5PUt7n-Zg,1
UCxff05WuyvwELNITi7bj7UA,UCmjppp6ujz3SAnULvP3sZMw,1
UCxff05WuyvwELNITi7bj7UA,UCjmPuazZJzscrwvk0QR9RVw,1
UCxff05WuyvwELNITi7bj7UA,UCr1emrogPKkKTs_WTtx71xg,1
UCxff05WuyvwELNITi7bj7UA,UCzSfZlOVxBSs5ObD25ywxDQ,1
UCxff05WuyvwELNITi7bj7UA,UCujPF2nBgsTD62nWE3lcpIg,1
UCxff05WuyvwELNITi7bj7UA,UC4cXueR2bKGFJV0Fk76gwmA,1
UCxff05WuyvwELNITi7bj7UA,UCL1MT278vSaQ83ZDkVWn1gw,1
UCxff05WuyvwELNITi7bj7UA,UCRETAiYdh2dL5ZxB0_N1zDA,1
UCxff05WuyvwELNITi7bj7UA,UCtUR3_CAiE7fCoZHM6cMfyQ,1
UCxff05WuyvwELNITi7bj7UA,UCylqlpsh8ENNM1LqgQ1KbxA,1
UCxff05WuyvwELNITi7bj7UA,UC6YSZqL0vEcI-niPKIMUGfw,1
UCxff05WuyvwELNITi7bj7UA,UC3NMzdMYryaw82kPTnsaljg,1
UCxff05WuyvwELNITi7bj7UA,UCsjs5Hp_r86x1xbK6FAeqaA,1
UCxff05WuyvwELNITi7bj7UA,UCp4iw5_5SmV9VGTFSNVGOmQ,1
UCxff05WuyvwELNITi7bj7UA,UCKDR0f2fu2UzWL8mBv5-BHw,1
UCxff05WuyvwELNITi7bj7UA,UC6PvO1_k5lHKGdAPo5_C6TA,1
UCxff05WuyvwELNITi7bj7UA,UCFUuDARXdmmIrLppEqf-rFg,1
UCxff05WuyvwELNITi7bj7UA,UC5bG9nc_JV3FsNP2KseQiYw,1
UCxff05WuyvwELNITi7bj7UA,UC1vr9aaMI2crB0NvwFHUeoQ,1
UCxff05WuyvwELNITi7bj7UA,UCLggDc_a5HriXv7I1h02sOA,1
UCxff05WuyvwELNITi7bj7UA,UCDUffaruH6dyUnUGwsTKpgg,1
UCxff05WuyvwELNITi7bj7UA,UCDlr1VadSucIZgZ171pRBjQ,1
UCxff05WuyvwELNITi7bj7UA,UCySYJU5kUh7X8gVt9la2ISA,1
UCxff05WuyvwELNITi7bj7UA,UCHTGCgY2l-DQJIvlA_cpa_Q,1
UCxff05WuyvwELNITi7bj7UA,UCNkcuy42zEwddwEcOd_HpnA,1
UCxff05WuyvwELNITi7bj7UA,UC2weSE8rpqkGMOp6StYtVfg,1
UCxff05WuyvwELNITi7bj7UA,UCpsKOkt5iWTbenzeuq7dsmQ,1
UCxff05WuyvwELNITi7bj7UA,UCgvw7xIdGFupzpt1Y_BFkEA,1
UCxff05WuyvwELNITi7bj7UA,UC650pRT-OYzny3GwOH8Cgfw,1
UCxff05WuyvwELNITi7bj7UA,UCl0ekS9Tt0jJGtOEM18S63w,1
UCxff05WuyvwELNITi7bj7UA,UCXSkL3ejZ8qWYyF_M7s_QKA,1
UCxff05WuyvwELNITi7bj7UA,UCiMythXHsw7eQEMykCdmMUA,1
UCxff05WuyvwELNITi7bj7UA,UCljDbleJul41G1TzOjOZAVA,1
UCxff05WuyvwELNITi7bj7UA,UCAlzM_N6xBlMYmM8EBzX86Q,1
UCxff05WuyvwELNITi7bj7UA,UChZknRmJkeGeQk0-mQuhDOg,1
UCxff05WuyvwELNITi7bj7UA,UCmvOgzmmXbjUthHy-WJ52hQ,1
UCxff05WuyvwELNITi7bj7UA,UCNBnKqWf4d-rS4HwJRQljmQ,1
UCxff05WuyvwELNITi7bj7UA,UCOh6DaZC_x9HASnlRylEMfw,1
UCxff05WuyvwELNITi7bj7UA,UC-jS_kA9w-OmpupXDx156Rg,1
UCxff05WuyvwELNITi7bj7UA,UCCaYwkkbQGcvFoUmothVdQQ,1
UCxff05WuyvwELNITi7bj7UA,UCXgr7vXlRrsaskPdo097kGA,1
UCZLG9qH0tUjNhEGFIUt0CYw,UCQqetiwzzmRNTM5OWuXarGQ,1
UCZLG9qH0tUjNhEGFIUt0CYw,UC9xr9QvIcDvoZNUX5f-jaZw,1
UCZLG9qH0tUjNhEGFIUt0CYw,UC-hfX8J5JPJ-dfuakzegMLA,1
UCZLG9qH0tUjNhEGFIUt0CYw,UCpIdtvoFHVLGASGB5ySqIEA,1
UCZLG9qH0tUjNhEGFIUt0CYw,UCipetjeiWj4CZB6EbyYziZg,1
UCZLG9qH0tUjNhEGFIUt0CYw,UCiGRBf2RNF0WRKhRVT7zFoA,1
UCZLG9qH0tUjNhEGFIUt0CYw,UCYwpX26TrCxq8TvbKGRYLXA,1
UCZLG9qH0tUjNhEGFIUt0CYw,UChs3tU2BcKOT0CezykvAsGw,1
UCZLG9qH0tUjNhEGFIUt0CYw,UCDPWkUX3sNNaCx-m1dV4glA,1
UCZLG9qH0tUjNhEGFIUt0CYw,UC3qn1yJA5PeW9rkGPatQxiw,1
UCZLG9qH0tUjNhEGFIUt0CYw,UCz3gu01bmjNv0DpRq-K3XYg,1
UCZLG9qH0tUjNhEGFIUt0CYw,UCXr8_5WtGeipe4haOoQDgyQ,1
UCZLG9qH0tUjNhEGFIUt0CYw,UC8r11yOugM2NuRfitQOxLLg,1
UCZLG9qH0tUjNhEGFIUt0CYw,UC4wq3DcbfaG6dtCqn8Oyu3w,1
UCZLG9qH0tUjNhEGFIUt0CYw,UCwha8rxULYMVtNwZWeSkE1A,1
UCZLG9qH0tUjNhEGFIUt0CYw,UCwO2SXr0ggzwg6QWWrr01nQ,1
UCZLG9qH0tUjNhEGFIUt0CYw,UCL13XhnRzbGokEkCkEOb0-g,1
UCZLG9qH0tUjNhEGFIUt0CYw,UCUIIIPTVDVHAXqhC_5V6lPA,1
UCZLG9qH0tUjNhEGFIUt0CYw,UCXXh7yg5KUFIWylTiKVEFKQ,1
UCZLG9qH0tUjNhEGFIUt0CYw,UC9vMq1YF-e7C-VO0SHkbUTA,1
UCZLG9qH0tUjNhEGFIUt0CYw,UCErZPJpHmLCsXs8ZWkAUupQ,1
UCZLG9qH0tUjNhEGFIUt0CYw,UCQgYjVngJRfPHDLGB5X6ZjA,1
UCZLG9qH0tUjNhEGFIUt0CYw,UCTwSut16JyAg3mX6LVUNGqA,1
UCZLG9qH0tUjNhEGFIUt0CYw,UCj-LL25XJnjxepPKCc3NGog,1
UCZLG9qH0tUjNhEGFIUt0CYw,UCYN4wSQ1Sx4_LurxLlW7MPg,1
UCZLG9qH0tUjNhEGFIUt0CYw,UCsSXdJct-nsS8DsABoEsaYA,1
UCZLG9qH0tUjNhEGFIUt0CYw,UCOS8ViEkccrTZx2w2ccxotA,1
UCZLG9qH0tUjNhEGFIUt0CYw,UCwW2OFy95P7ZBkOPxWkpvYg,1
UCZLG9qH0tUjNhEGFIUt0CYw,UCi1b_TRQfgO1Z9O2gNGGWNA,1
UCZLG9qH0tUjNhEGFIUt0CYw,UC7VUuJr9cGh845CmTvf7TlQ,1
UCZLG9qH0tUjNhEGFIUt0CYw,UCplrIQtaPj6au60_f2-mOYw,1
UCZLG9qH0tUjNhEGFIUt0CYw,UCSou6a2OuYGSvPjm5psquyA,1
UCZLG9qH0tUjNhEGFIUt0CYw,UCsJJAvrVGupdmhOqgtDp8dg,1
UCZLG9qH0tUjNhEGFIUt0CYw,UCFhxtoeARHPnXXPcDrOU3Xg,1
UCZLG9qH0tUjNhEGFIUt0CYw,UC5H8ASmMC9WrURmzeB4ySog,1
UCZLG9qH0tUjNhEGFIUt0CYw,UCGzXwyCzMzGmjmCbH3Hg01Q,1
UCZLG9qH0tUjNhEGFIUt0CYw,UCueV9cTyTDwgQSec1x2dYgA,1
UCZLG9qH0tUjNhEGFIUt0CYw,UC3MYTqpQqlWBuCB7Th0e0PA,1
UCZLG9qH0tUjNhEGFIUt0CYw,UC3E9mAgP7VoAE5mZoAexl5g,1
UCZLG9qH0tUjNhEGFIUt0CYw,UCB5p8a5gklc80jJItP6xTHg,1
UCZLG9qH0tUjNhEGFIUt0CYw,UCcfdg8crmMJwEuLUsAhV7yg,1
UCZLG9qH0tUjNhEGFIUt0CYw,UCQtICyzWmhC5woCtbNgaSmg,1
UCZLG9qH0tUjNhEGFIUt0CYw,UCLFdHr9BEbXHkoJopbEPLZw,1
UCZLG9qH0tUjNhEGFIUt0CYw,UCQtSFINs1h6GHkpg9o5kMvg,1
UCZLG9qH0tUjNhEGFIUt0CYw,UCfM3nrxtTQMY5jFx1v1J4Gg,1
UCZLG9qH0tUjNhEGFIUt0CYw,UCV0iizTBoOfdAFX_thfI9BA,1
UCZLG9qH0tUjNhEGFIUt0CYw,UCN6qbfPSzFtjhqUDZ3Cv3CQ,1
UCZLG9qH0tUjNhEGFIUt0CYw,UCFoIAE8k82D6AV-8gjjKaNg,1
UCZLG9qH0tUjNhEGFIUt0CYw,UCkd9W714-947dEE6ZOEBATA,1
UCZLG9qH0tUjNhEGFIUt0CYw,UCA93ym2TXs_Ibyxb4Vcn-6Q,1
UCZLG9qH0tUjNhEGFIUt0CYw,UCHhHUjaMAZ8SiXdCUCj9DkQ,1
UCZLG9qH0tUjNhEGFIUt0CYw,UCFxE8GbokBrBsPEKM1xrOjQ,1
UCZLG9qH0tUjNhEGFIUt0CYw,UC8F2V63KZ4ZEay6opX2hAQw,1
UCZLG9qH0tUjNhEGFIUt0CYw,UC8G5cJONY8L9voMyBW8Eoug,1
UCZLG9qH0tUjNhEGFIUt0CYw,UC3XTwHxygNCgjndsg-UiCQA,1
UCZLG9qH0tUjNhEGFIUt0CYw,UCTD6q1nyIe3Y7HhqjaMj72w,1
UCZLG9qH0tUjNhEGFIUt0CYw,UC72gBAtyb_VXQlYDcFrh6oQ,1
UCZLG9qH0tUjNhEGFIUt0CYw,UC2Y_EHWQKevubk4vOEBBFxw,1
UCZLG9qH0tUjNhEGFIUt0CYw,UChgkn5Jt5tWKYMoEOuCjz3Q,1
UCZLG9qH0tUjNhEGFIUt0CYw,UCTP3O0rMnc8z8v8jaDQwL0w,1
UCZLG9qH0tUjNhEGFIUt0CYw,UCAmtbUiIrUIhikru0ZoTFig,1
UCZLG9qH0tUjNhEGFIUt0CYw,UCRlCV9zSn7avAWh-9_XFWqQ,1
UCZLG9qH0tUjNhEGFIUt0CYw,UCpl8rF8uv_8uui-QRvuJaRA,1
UCZLG9qH0tUjNhEGFIUt0CYw,UCsUCN0Yq_UyTvKjOJLmNrnQ,1
UCZLG9qH0tUjNhEGFIUt0CYw,UCjSKM9j0Q7HLDr1hD6D-TUw,1
UCZLG9qH0tUjNhEGFIUt0CYw,UChep9kVb5gQmpodEEl10Xlg,1
UCZLG9qH0tUjNhEGFIUt0CYw,UC-pNP6RMFuLg_-x7Ah_0kEA,1
UCZLG9qH0tUjNhEGFIUt0CYw,UCDftMWXQoJ6nONfY7GVOVjg,1
UCZLG9qH0tUjNhEGFIUt0CYw,UCEgEQmRbtL5fwr9_DqAC--g,1
UCZLG9qH0tUjNhEGFIUt0CYw,UCDQaQv0hr2SS_PO-CMEwVHg,1
UCZLG9qH0tUjNhEGFIUt0CYw,UCtNfIBnc5S5DbbQj_yxgJTw,1
UCZLG9qH0tUjNhEGFIUt0CYw,UCvApqeCbLod-wejtT4CcVuA,1
UCZLG9qH0tUjNhEGFIUt0CYw,UCrJn_rbo_ENAdeqneS-RmRw,1
UCZLG9qH0tUjNhEGFIUt0CYw,UCTylKrsqkrBKIqubMu_5N0Q,1
UCZLG9qH0tUjNhEGFIUt0CYw,UCFjudnPLoaSL1BaRuLahyHg,1
UCZLG9qH0tUjNhEGFIUt0CYw,UCThW2XNsAaBKme5PUt7n-Zg,1
UCZLG9qH0tUjNhEGFIUt0CYw,UCmjppp6ujz3SAnULvP3sZMw,1
UCZLG9qH0tUjNhEGFIUt0CYw,UCjmPuazZJzscrwvk0QR9RVw,1
UCZLG9qH0tUjNhEGFIUt0CYw,UCr1emrogPKkKTs_WTtx71xg,1
UCZLG9qH0tUjNhEGFIUt0CYw,UCzSfZlOVxBSs5ObD25ywxDQ,1
UCZLG9qH0tUjNhEGFIUt0CYw,UCujPF2nBgsTD62nWE3lcpIg,1
UCZLG9qH0tUjNhEGFIUt0CYw,UC4cXueR2bKGFJV0Fk76gwmA,1
UCZLG9qH0tUjNhEGFIUt0CYw,UCL1MT278vSaQ83ZDkVWn1gw,1
UCZLG9qH0tUjNhEGFIUt0CYw,UCRETAiYdh2dL5ZxB0_N1zDA,1
UCZLG9qH0tUjNhEGFIUt0CYw,UCtUR3_CAiE7fCoZHM6cMfyQ,1
UCZLG9qH0tUjNhEGFIUt0CYw,UCylqlpsh8ENNM1LqgQ1KbxA,1
UCZLG9qH0tUjNhEGFIUt0CYw,UC6YSZqL0vEcI-niPKIMUGfw,1
UCZLG9qH0tUjNhEGFIUt0CYw,UC3NMzdMYryaw82kPTnsaljg,1
UCZLG9qH0tUjNhEGFIUt0CYw,UCsjs5Hp_r86x1xbK6FAeqaA,1
UCZLG9qH0tUjNhEGFIUt0CYw,UCp4iw5_5SmV9VGTFSNVGOmQ,1
UCZLG9qH0tUjNhEGFIUt0CYw,UCKDR0f2fu2UzWL8mBv5-BHw,1
UCZLG9qH0tUjNhEGFIUt0CYw,UC6PvO1_k5lHKGdAPo5_C6TA,1
UCZLG9qH0tUjNhEGFIUt0CYw,UCFUuDARXdmmIrLppEqf-rFg,1
UCZLG9qH0tUjNhEGFIUt0CYw,UC5bG9nc_JV3FsNP2KseQiYw,1
UCZLG9qH0tUjNhEGFIUt0CYw,UC1vr9aaMI2crB0NvwFHUeoQ,1
UCZLG9qH0tUjNhEGFIUt0CYw,UCLggDc_a5HriXv7I1h02sOA,1
UCZLG9qH0tUjNhEGFIUt0CYw,UCDUffaruH6dyUnUGwsTKpgg,1
UCZLG9qH0tUjNhEGFIUt0CYw,UCDlr1VadSucIZgZ171pRBjQ,1
UCZLG9qH0tUjNhEGFIUt0CYw,UCySYJU5kUh7X8gVt9la2ISA,1
UCZLG9qH0tUjNhEGFIUt0CYw,UCHTGCgY2l-DQJIvlA_cpa_Q,1
UCZLG9qH0tUjNhEGFIUt0CYw,UCNkcuy42zEwddwEcOd_HpnA,1
UCZLG9qH0tUjNhEGFIUt0CYw,UC2weSE8rpqkGMOp6StYtVfg,1
UCZLG9qH0tUjNhEGFIUt0CYw,UCpsKOkt5iWTbenzeuq7dsmQ,1
UCZLG9qH0tUjNhEGFIUt0CYw,UCgvw7xIdGFupzpt1Y_BFkEA,1
UCZLG9qH0tUjNhEGFIUt0CYw,UC650pRT-OYzny3GwOH8Cgfw,1
UCZLG9qH0tUjNhEGFIUt0CYw,UCl0ekS9Tt0jJGtOEM18S63w,1
UCZLG9qH0tUjNhEGFIUt0CYw,UCXSkL3ejZ8qWYyF_M7s_QKA,1
UCZLG9qH0tUjNhEGFIUt0CYw,UCiMythXHsw7eQEMykCdmMUA,1
UCZLG9qH0tUjNhEGFIUt0CYw,UCljDbleJul41G1TzOjOZAVA,1
UCZLG9qH0tUjNhEGFIUt0CYw,UCAlzM_N6xBlMYmM8EBzX86Q,1
UCZLG9qH0tUjNhEGFIUt0CYw,UChZknRmJkeGeQk0-mQuhDOg,1
UCZLG9qH0tUjNhEGFIUt0CYw,UCmvOgzmmXbjUthHy-WJ52hQ,1
UCZLG9qH0tUjNhEGFIUt0CYw,UCNBnKqWf4d-rS4HwJRQljmQ,1
UCZLG9qH0tUjNhEGFIUt0CYw,UCOh6DaZC_x9HASnlRylEMfw,1
UCZLG9qH0tUjNhEGFIUt0CYw,UC-jS_kA9w-OmpupXDx156Rg,1
UCZLG9qH0tUjNhEGFIUt0CYw,UCCaYwkkbQGcvFoUmothVdQQ,1
UCZLG9qH0tUjNhEGFIUt0CYw,UCXgr7vXlRrsaskPdo097kGA,1
UCwgCc9Jd_gG-uLE_SY-FfPg,UCpe5jW3MIqkgTJ-PgkzvM6Q,1
UCwgCc9Jd_gG-uLE_SY-FfPg,UCqCrvuoJpC-aVb0f4logQRQ,1
UCwgCc9Jd_gG-uLE_SY-FfPg,UCDrmf9y9nLgFY5wnA2hTuGA,1
UCwgCc9Jd_gG-uLE_SY-FfPg,UC-fiZBS5Gp1eCJd9ucgWnCg,1
UCwgCc9Jd_gG-uLE_SY-FfPg,UCeDNEtI8_a42bZ47wJiJMwQ,1
UCwgCc9Jd_gG-uLE_SY-FfPg,UCZeIIQrGAedW8tCbKWmGY-A,1
UCwgCc9Jd_gG-uLE_SY-FfPg,UCCBYcToQ2dwkd6TJh0FSyDg,1
UCwgCc9Jd_gG-uLE_SY-FfPg,UCQqlPPUGqAfWjd-FSh_qn7Q,1
UCwgCc9Jd_gG-uLE_SY-FfPg,UCUoYsrx1oZnCZ0usbBJn4fA,1
UCwgCc9Jd_gG-uLE_SY-FfPg,UC_LYoGs5C3mbZKZuKuqYCvw,1
UCwgCc9Jd_gG-uLE_SY-FfPg,UColMq7LmaoY3MT6aIDGrGvA,1
UCwgCc9Jd_gG-uLE_SY-FfPg,UCRvPToDkkumha7WJAfCDk1A,1
UCwgCc9Jd_gG-uLE_SY-FfPg,UCu8_3-Wg-YzNyvHYQDEscfw,1
UCwgCc9Jd_gG-uLE_SY-FfPg,UCylqlpsh8ENNM1LqgQ1KbxA,1
UCwgCc9Jd_gG-uLE_SY-FfPg,UC32oozucwCF3q8d4m8fyOUg,1
UCwgCc9Jd_gG-uLE_SY-FfPg,UCV0lM03g5fg5pbPj97-sAtA,1
UCwgCc9Jd_gG-uLE_SY-FfPg,UCW-JC6lebVmf2P1dmY_L94g,1
UCwgCc9Jd_gG-uLE_SY-FfPg,UCAKuKvcbfnBD3kF5njNu-IA,1
UCwgCc9Jd_gG-uLE_SY-FfPg,UC3UVO7pTbeYvZ3ILEyRDskQ,1
UCwgCc9Jd_gG-uLE_SY-FfPg,UC816IGbFCZinfYS1LRDaaHg,1
UCwgCc9Jd_gG-uLE_SY-FfPg,UC4Avya4kmR4Q0FrfFdBozSQ,1
UCwgCc9Jd_gG-uLE_SY-FfPg,UCgJNFj5dnxXpcMvmuhZDPxA,1
UCwgCc9Jd_gG-uLE_SY-FfPg,UCkVtmkK07b2zaVVNssX4lOg,1
UCwgCc9Jd_gG-uLE_SY-FfPg,UC1DpqK6vaPEkBOMNvypsKYg,1
UCwgCc9Jd_gG-uLE_SY-FfPg,UCiC-Jn7wdgyQV4_Urk0DkWQ,1
UCwgCc9Jd_gG-uLE_SY-FfPg,UCpsKOkt5iWTbenzeuq7dsmQ,1
UCwgCc9Jd_gG-uLE_SY-FfPg,UCWoAVGVqCn4xtINCMOTM4jg,1
UCwgCc9Jd_gG-uLE_SY-FfPg,UClqA491Xa5fQcXcJJa-vTWw,1
UCwgCc9Jd_gG-uLE_SY-FfPg,UCe8JZoYkX5oKUZyivHYdXhw,1
UCwgCc9Jd_gG-uLE_SY-FfPg,UClhMWQ7XKWywYvbRnuf8QsA,1
UCwgCc9Jd_gG-uLE_SY-FfPg,UC5hvEnRUzI4Kfvwnyi4QxqQ,1
UCwgCc9Jd_gG-uLE_SY-FfPg,UCGGHbtfbbe0o68etrOf0qxw,1
UCwgCc9Jd_gG-uLE_SY-FfPg,UCgQw_Sbq3ugruDUKsq1e0-A,1
UCwgCc9Jd_gG-uLE_SY-FfPg,UC6Uj1FT5JjDSF8vudvDxPAA,1
UCwgCc9Jd_gG-uLE_SY-FfPg,UC7dadZG7kkGYnsNu6td0FbA,1
UCwgCc9Jd_gG-uLE_SY-FfPg,UCsGoJEvb-cFPZ2rWoJcXzEQ,1
UCwgCc9Jd_gG-uLE_SY-FfPg,UC95PSMouTx2N5CbSq0hIyrQ,1
UCwgCc9Jd_gG-uLE_SY-FfPg,UCOcUI5XkTYNMSFhZNMIPpGg,1
UCwgCc9Jd_gG-uLE_SY-FfPg,UCuXmOjxC-htcprLgeVXz6Tg,1
UCwgCc9Jd_gG-uLE_SY-FfPg,UCHbwIx9pmQuf7i-4_xO2EpA,1
UCwgCc9Jd_gG-uLE_SY-FfPg,UCwjUvRseNtJoItylIyIez7Q,1
UCwgCc9Jd_gG-uLE_SY-FfPg,UCW80DaMjQlEUibC98Cot-Dg,1
UCXSkL3ejZ8qWYyF_M7s_QKA,UCQqetiwzzmRNTM5OWuXarGQ,1
UCXSkL3ejZ8qWYyF_M7s_QKA,UC9xr9QvIcDvoZNUX5f-jaZw,1
UCXSkL3ejZ8qWYyF_M7s_QKA,UC-hfX8J5JPJ-dfuakzegMLA,1
UCXSkL3ejZ8qWYyF_M7s_QKA,UCpIdtvoFHVLGASGB5ySqIEA,1
UCXSkL3ejZ8qWYyF_M7s_QKA,UCipetjeiWj4CZB6EbyYziZg,1
UCXSkL3ejZ8qWYyF_M7s_QKA,UCiGRBf2RNF0WRKhRVT7zFoA,1
UCXSkL3ejZ8qWYyF_M7s_QKA,UCYwpX26TrCxq8TvbKGRYLXA,1
UCXSkL3ejZ8qWYyF_M7s_QKA,UChs3tU2BcKOT0CezykvAsGw,1
UCXSkL3ejZ8qWYyF_M7s_QKA,UCDPWkUX3sNNaCx-m1dV4glA,1
UCXSkL3ejZ8qWYyF_M7s_QKA,UC3qn1yJA5PeW9rkGPatQxiw,1
UCXSkL3ejZ8qWYyF_M7s_QKA,UCz3gu01bmjNv0DpRq-K3XYg,1
UCXSkL3ejZ8qWYyF_M7s_QKA,UCXr8_5WtGeipe4haOoQDgyQ,1
UCXSkL3ejZ8qWYyF_M7s_QKA,UC8r11yOugM2NuRfitQOxLLg,1
UCXSkL3ejZ8qWYyF_M7s_QKA,UC4wq3DcbfaG6dtCqn8Oyu3w,1
UCXSkL3ejZ8qWYyF_M7s_QKA,UCwha8rxULYMVtNwZWeSkE1A,1
UCXSkL3ejZ8qWYyF_M7s_QKA,UCwO2SXr0ggzwg6QWWrr01nQ,1
UCXSkL3ejZ8qWYyF_M7s_QKA,UCL13XhnRzbGokEkCkEOb0-g,1
UCXSkL3ejZ8qWYyF_M7s_QKA,UCUIIIPTVDVHAXqhC_5V6lPA,1
UCXSkL3ejZ8qWYyF_M7s_QKA,UCXXh7yg5KUFIWylTiKVEFKQ,1
UCXSkL3ejZ8qWYyF_M7s_QKA,UC9vMq1YF-e7C-VO0SHkbUTA,1
UCXSkL3ejZ8qWYyF_M7s_QKA,UCErZPJpHmLCsXs8ZWkAUupQ,1
UCXSkL3ejZ8qWYyF_M7s_QKA,UCQgYjVngJRfPHDLGB5X6ZjA,1
UCXSkL3ejZ8qWYyF_M7s_QKA,UCTwSut16JyAg3mX6LVUNGqA,1
UCXSkL3ejZ8qWYyF_M7s_QKA,UCj-LL25XJnjxepPKCc3NGog,1
UCXSkL3ejZ8qWYyF_M7s_QKA,UCYN4wSQ1Sx4_LurxLlW7MPg,1
UCXSkL3ejZ8qWYyF_M7s_QKA,UCsSXdJct-nsS8DsABoEsaYA,1
UCXSkL3ejZ8qWYyF_M7s_QKA,UCOS8ViEkccrTZx2w2ccxotA,1
UCXSkL3ejZ8qWYyF_M7s_QKA,UCwW2OFy95P7ZBkOPxWkpvYg,1
UCXSkL3ejZ8qWYyF_M7s_QKA,UCi1b_TRQfgO1Z9O2gNGGWNA,1
UCXSkL3ejZ8qWYyF_M7s_QKA,UC7VUuJr9cGh845CmTvf7TlQ,1
UCXSkL3ejZ8qWYyF_M7s_QKA,UCplrIQtaPj6au60_f2-mOYw,1
UCXSkL3ejZ8qWYyF_M7s_QKA,UCSou6a2OuYGSvPjm5psquyA,1
UCXSkL3ejZ8qWYyF_M7s_QKA,UCsJJAvrVGupdmhOqgtDp8dg,1
UCXSkL3ejZ8qWYyF_M7s_QKA,UCFhxtoeARHPnXXPcDrOU3Xg,1
UCXSkL3ejZ8qWYyF_M7s_QKA,UC5H8ASmMC9WrURmzeB4ySog,1
UCXSkL3ejZ8qWYyF_M7s_QKA,UCGzXwyCzMzGmjmCbH3Hg01Q,1
UCXSkL3ejZ8qWYyF_M7s_QKA,UCueV9cTyTDwgQSec1x2dYgA,1
UCXSkL3ejZ8qWYyF_M7s_QKA,UC3MYTqpQqlWBuCB7Th0e0PA,1
UCXSkL3ejZ8qWYyF_M7s_QKA,UC3E9mAgP7VoAE5mZoAexl5g,1
UCXSkL3ejZ8qWYyF_M7s_QKA,UCB5p8a5gklc80jJItP6xTHg,1
UCXSkL3ejZ8qWYyF_M7s_QKA,UCcfdg8crmMJwEuLUsAhV7yg,1
UCXSkL3ejZ8qWYyF_M7s_QKA,UCQtICyzWmhC5woCtbNgaSmg,1
UCXSkL3ejZ8qWYyF_M7s_QKA,UCLFdHr9BEbXHkoJopbEPLZw,1
UCXSkL3ejZ8qWYyF_M7s_QKA,UCQtSFINs1h6GHkpg9o5kMvg,1
UCXSkL3ejZ8qWYyF_M7s_QKA,UCfM3nrxtTQMY5jFx1v1J4Gg,1
UCXSkL3ejZ8qWYyF_M7s_QKA,UCV0iizTBoOfdAFX_thfI9BA,1
UCXSkL3ejZ8qWYyF_M7s_QKA,UCN6qbfPSzFtjhqUDZ3Cv3CQ,1
UCXSkL3ejZ8qWYyF_M7s_QKA,UCFoIAE8k82D6AV-8gjjKaNg,1
UCXSkL3ejZ8qWYyF_M7s_QKA,UCkd9W714-947dEE6ZOEBATA,1
UCXSkL3ejZ8qWYyF_M7s_QKA,UCA93ym2TXs_Ibyxb4Vcn-6Q,1
UCXSkL3ejZ8qWYyF_M7s_QKA,UCHhHUjaMAZ8SiXdCUCj9DkQ,1
UCXSkL3ejZ8qWYyF_M7s_QKA,UCFxE8GbokBrBsPEKM1xrOjQ,1
UCXSkL3ejZ8qWYyF_M7s_QKA,UC8F2V63KZ4ZEay6opX2hAQw,1
UCXSkL3ejZ8qWYyF_M7s_QKA,UC8G5cJONY8L9voMyBW8Eoug,1
UCXSkL3ejZ8qWYyF_M7s_QKA,UC3XTwHxygNCgjndsg-UiCQA,1
UCXSkL3ejZ8qWYyF_M7s_QKA,UCTD6q1nyIe3Y7HhqjaMj72w,1
UCXSkL3ejZ8qWYyF_M7s_QKA,UC72gBAtyb_VXQlYDcFrh6oQ,1
UCXSkL3ejZ8qWYyF_M7s_QKA,UC2Y_EHWQKevubk4vOEBBFxw,1
UCXSkL3ejZ8qWYyF_M7s_QKA,UChgkn5Jt5tWKYMoEOuCjz3Q,1
UCXSkL3ejZ8qWYyF_M7s_QKA,UCTP3O0rMnc8z8v8jaDQwL0w,1
UCXSkL3ejZ8qWYyF_M7s_QKA,UCAmtbUiIrUIhikru0ZoTFig,1
UCXSkL3ejZ8qWYyF_M7s_QKA,UCRlCV9zSn7avAWh-9_XFWqQ,1
UCXSkL3ejZ8qWYyF_M7s_QKA,UCpl8rF8uv_8uui-QRvuJaRA,1
UCXSkL3ejZ8qWYyF_M7s_QKA,UCsUCN0Yq_UyTvKjOJLmNrnQ,1
UCXSkL3ejZ8qWYyF_M7s_QKA,UCjSKM9j0Q7HLDr1hD6D-TUw,1
UCXSkL3ejZ8qWYyF_M7s_QKA,UChep9kVb5gQmpodEEl10Xlg,1
UCXSkL3ejZ8qWYyF_M7s_QKA,UC-pNP6RMFuLg_-x7Ah_0kEA,1
UCXSkL3ejZ8qWYyF_M7s_QKA,UCDftMWXQoJ6nONfY7GVOVjg,1
UCXSkL3ejZ8qWYyF_M7s_QKA,UCEgEQmRbtL5fwr9_DqAC--g,1
UCXSkL3ejZ8qWYyF_M7s_QKA,UCDQaQv0hr2SS_PO-CMEwVHg,1
UCXSkL3ejZ8qWYyF_M7s_QKA,UCtNfIBnc5S5DbbQj_yxgJTw,1
UCXSkL3ejZ8qWYyF_M7s_QKA,UCvApqeCbLod-wejtT4CcVuA,1
UCXSkL3ejZ8qWYyF_M7s_QKA,UCrJn_rbo_ENAdeqneS-RmRw,1
UCXSkL3ejZ8qWYyF_M7s_QKA,UCTylKrsqkrBKIqubMu_5N0Q,1
UCXSkL3ejZ8qWYyF_M7s_QKA,UCFjudnPLoaSL1BaRuLahyHg,1
UCXSkL3ejZ8qWYyF_M7s_QKA,UCThW2XNsAaBKme5PUt7n-Zg,1
UCXSkL3ejZ8qWYyF_M7s_QKA,UCmjppp6ujz3SAnULvP3sZMw,1
UCXSkL3ejZ8qWYyF_M7s_QKA,UCjmPuazZJzscrwvk0QR9RVw,1
UCXSkL3ejZ8qWYyF_M7s_QKA,UCr1emrogPKkKTs_WTtx71xg,1
UCXSkL3ejZ8qWYyF_M7s_QKA,UCzSfZlOVxBSs5ObD25ywxDQ,1
UCXSkL3ejZ8qWYyF_M7s_QKA,UCujPF2nBgsTD62nWE3lcpIg,1
UCXSkL3ejZ8qWYyF_M7s_QKA,UC4cXueR2bKGFJV0Fk76gwmA,1
UCXSkL3ejZ8qWYyF_M7s_QKA,UCL1MT278vSaQ83ZDkVWn1gw,1
UCXSkL3ejZ8qWYyF_M7s_QKA,UCRETAiYdh2dL5ZxB0_N1zDA,1
UCXSkL3ejZ8qWYyF_M7s_QKA,UCtUR3_CAiE7fCoZHM6cMfyQ,1
UCXSkL3ejZ8qWYyF_M7s_QKA,UCylqlpsh8ENNM1LqgQ1KbxA,1
UCXSkL3ejZ8qWYyF_M7s_QKA,UC6YSZqL0vEcI-niPKIMUGfw,1
UCXSkL3ejZ8qWYyF_M7s_QKA,UC3NMzdMYryaw82kPTnsaljg,1
UCXSkL3ejZ8qWYyF_M7s_QKA,UCsjs5Hp_r86x1xbK6FAeqaA,1
UCXSkL3ejZ8qWYyF_M7s_QKA,UCp4iw5_5SmV9VGTFSNVGOmQ,1
UCXSkL3ejZ8qWYyF_M7s_QKA,UCKDR0f2fu2UzWL8mBv5-BHw,1
UCXSkL3ejZ8qWYyF_M7s_QKA,UC6PvO1_k5lHKGdAPo5_C6TA,1
UCXSkL3ejZ8qWYyF_M7s_QKA,UCFUuDARXdmmIrLppEqf-rFg,1
UCXSkL3ejZ8qWYyF_M7s_QKA,UC5bG9nc_JV3FsNP2KseQiYw,1
UCXSkL3ejZ8qWYyF_M7s_QKA,UC1vr9aaMI2crB0NvwFHUeoQ,1
UCXSkL3ejZ8qWYyF_M7s_QKA,UCLggDc_a5HriXv7I1h02sOA,1
UCXSkL3ejZ8qWYyF_M7s_QKA,UCDUffaruH6dyUnUGwsTKpgg,1
UCXSkL3ejZ8qWYyF_M7s_QKA,UCDlr1VadSucIZgZ171pRBjQ,1
UCXSkL3ejZ8qWYyF_M7s_QKA,UCySYJU5kUh7X8gVt9la2ISA,1
UCXSkL3ejZ8qWYyF_M7s_QKA,UCHTGCgY2l-DQJIvlA_cpa_Q,1
UCXSkL3ejZ8qWYyF_M7s_QKA,UCNkcuy42zEwddwEcOd_HpnA,1
UCXSkL3ejZ8qWYyF_M7s_QKA,UC2weSE8rpqkGMOp6StYtVfg,1
UCXSkL3ejZ8qWYyF_M7s_QKA,UCpsKOkt5iWTbenzeuq7dsmQ,1
UCXSkL3ejZ8qWYyF_M7s_QKA,UCgvw7xIdGFupzpt1Y_BFkEA,1
UCXSkL3ejZ8qWYyF_M7s_QKA,UC650pRT-OYzny3GwOH8Cgfw,1
UCXSkL3ejZ8qWYyF_M7s_QKA,UCl0ekS9Tt0jJGtOEM18S63w,1
UCXSkL3ejZ8qWYyF_M7s_QKA,UCiMythXHsw7eQEMykCdmMUA,1
UCXSkL3ejZ8qWYyF_M7s_QKA,UCljDbleJul41G1TzOjOZAVA,1
UCXSkL3ejZ8qWYyF_M7s_QKA,UCAlzM_N6xBlMYmM8EBzX86Q,1
UCXSkL3ejZ8qWYyF_M7s_QKA,UChZknRmJkeGeQk0-mQuhDOg,1
UCXSkL3ejZ8qWYyF_M7s_QKA,UCmvOgzmmXbjUthHy-WJ52hQ,1
UCXSkL3ejZ8qWYyF_M7s_QKA,UCNBnKqWf4d-rS4HwJRQljmQ,1
UCXSkL3ejZ8qWYyF_M7s_QKA,UCOh6DaZC_x9HASnlRylEMfw,1
UCXSkL3ejZ8qWYyF_M7s_QKA,UC-jS_kA9w-OmpupXDx156Rg,1
UCXSkL3ejZ8qWYyF_M7s_QKA,UCCaYwkkbQGcvFoUmothVdQQ,1
UCXSkL3ejZ8qWYyF_M7s_QKA,UCXgr7vXlRrsaskPdo097kGA,1
UChs3tU2BcKOT0CezykvAsGw,UCQqetiwzzmRNTM5OWuXarGQ,1
UChs3tU2BcKOT0CezykvAsGw,UC9xr9QvIcDvoZNUX5f-jaZw,1
UChs3tU2BcKOT0CezykvAsGw,UC-hfX8J5JPJ-dfuakzegMLA,1
UChs3tU2BcKOT0CezykvAsGw,UCpIdtvoFHVLGASGB5ySqIEA,1
UChs3tU2BcKOT0CezykvAsGw,UCipetjeiWj4CZB6EbyYziZg,1
UChs3tU2BcKOT0CezykvAsGw,UCiGRBf2RNF0WRKhRVT7zFoA,1
UChs3tU2BcKOT0CezykvAsGw,UCYwpX26TrCxq8TvbKGRYLXA,1
UChs3tU2BcKOT0CezykvAsGw,UCDPWkUX3sNNaCx-m1dV4glA,1
UChs3tU2BcKOT0CezykvAsGw,UC3qn1yJA5PeW9rkGPatQxiw,1
UChs3tU2BcKOT0CezykvAsGw,UCz3gu01bmjNv0DpRq-K3XYg,1
UChs3tU2BcKOT0CezykvAsGw,UCXr8_5WtGeipe4haOoQDgyQ,1
UChs3tU2BcKOT0CezykvAsGw,UC8r11yOugM2NuRfitQOxLLg,1
UChs3tU2BcKOT0CezykvAsGw,UC4wq3DcbfaG6dtCqn8Oyu3w,1
UChs3tU2BcKOT0CezykvAsGw,UCwha8rxULYMVtNwZWeSkE1A,1
UChs3tU2BcKOT0CezykvAsGw,UCwO2SXr0ggzwg6QWWrr01nQ,1
UChs3tU2BcKOT0CezykvAsGw,UCL13XhnRzbGokEkCkEOb0-g,1
UChs3tU2BcKOT0CezykvAsGw,UCUIIIPTVDVHAXqhC_5V6lPA,1
UChs3tU2BcKOT0CezykvAsGw,UCXXh7yg5KUFIWylTiKVEFKQ,1
UChs3tU2BcKOT0CezykvAsGw,UC9vMq1YF-e7C-VO0SHkbUTA,1
UChs3tU2BcKOT0CezykvAsGw,UCErZPJpHmLCsXs8ZWkAUupQ,1
UChs3tU2BcKOT0CezykvAsGw,UCQgYjVngJRfPHDLGB5X6ZjA,1
UChs3tU2BcKOT0CezykvAsGw,UCTwSut16JyAg3mX6LVUNGqA,1
UChs3tU2BcKOT0CezykvAsGw,UCj-LL25XJnjxepPKCc3NGog,1
UChs3tU2BcKOT0CezykvAsGw,UCYN4wSQ1Sx4_LurxLlW7MPg,1
UChs3tU2BcKOT0CezykvAsGw,UCsSXdJct-nsS8DsABoEsaYA,1
UChs3tU2BcKOT0CezykvAsGw,UCOS8ViEkccrTZx2w2ccxotA,1
UChs3tU2BcKOT0CezykvAsGw,UCwW2OFy95P7ZBkOPxWkpvYg,1
UChs3tU2BcKOT0CezykvAsGw,UCi1b_TRQfgO1Z9O2gNGGWNA,1
UChs3tU2BcKOT0CezykvAsGw,UC7VUuJr9cGh845CmTvf7TlQ,1
UChs3tU2BcKOT0CezykvAsGw,UCplrIQtaPj6au60_f2-mOYw,1
UChs3tU2BcKOT0CezykvAsGw,UCSou6a2OuYGSvPjm5psquyA,1
UChs3tU2BcKOT0CezykvAsGw,UCsJJAvrVGupdmhOqgtDp8dg,1
UChs3tU2BcKOT0CezykvAsGw,UCFhxtoeARHPnXXPcDrOU3Xg,1
UChs3tU2BcKOT0CezykvAsGw,UC5H8ASmMC9WrURmzeB4ySog,1
UChs3tU2BcKOT0CezykvAsGw,UCGzXwyCzMzGmjmCbH3Hg01Q,1
UChs3tU2BcKOT0CezykvAsGw,UCueV9cTyTDwgQSec1x2dYgA,1
UChs3tU2BcKOT0CezykvAsGw,UC3MYTqpQqlWBuCB7Th0e0PA,1
UChs3tU2BcKOT0CezykvAsGw,UC3E9mAgP7VoAE5mZoAexl5g,1
UChs3tU2BcKOT0CezykvAsGw,UCB5p8a5gklc80jJItP6xTHg,1
UChs3tU2BcKOT0CezykvAsGw,UCcfdg8crmMJwEuLUsAhV7yg,1
UChs3tU2BcKOT0CezykvAsGw,UCQtICyzWmhC5woCtbNgaSmg,1
UChs3tU2BcKOT0CezykvAsGw,UCLFdHr9BEbXHkoJopbEPLZw,1
UChs3tU2BcKOT0CezykvAsGw,UCQtSFINs1h6GHkpg9o5kMvg,1
UChs3tU2BcKOT0CezykvAsGw,UCfM3nrxtTQMY5jFx1v1J4Gg,1
UChs3tU2BcKOT0CezykvAsGw,UCV0iizTBoOfdAFX_thfI9BA,1
UChs3tU2BcKOT0CezykvAsGw,UCN6qbfPSzFtjhqUDZ3Cv3CQ,1
UChs3tU2BcKOT0CezykvAsGw,UCFoIAE8k82D6AV-8gjjKaNg,1
UChs3tU2BcKOT0CezykvAsGw,UCkd9W714-947dEE6ZOEBATA,1
UChs3tU2BcKOT0CezykvAsGw,UCA93ym2TXs_Ibyxb4Vcn-6Q,1
UChs3tU2BcKOT0CezykvAsGw,UCHhHUjaMAZ8SiXdCUCj9DkQ,1
UChs3tU2BcKOT0CezykvAsGw,UCFxE8GbokBrBsPEKM1xrOjQ,1
UChs3tU2BcKOT0CezykvAsGw,UC8F2V63KZ4ZEay6opX2hAQw,1
UChs3tU2BcKOT0CezykvAsGw,UC8G5cJONY8L9voMyBW8Eoug,1
UChs3tU2BcKOT0CezykvAsGw,UC3XTwHxygNCgjndsg-UiCQA,1
UChs3tU2BcKOT0CezykvAsGw,UCTD6q1nyIe3Y7HhqjaMj72w,1
UChs3tU2BcKOT0CezykvAsGw,UC72gBAtyb_VXQlYDcFrh6oQ,1
UChs3tU2BcKOT0CezykvAsGw,UC2Y_EHWQKevubk4vOEBBFxw,1
UChs3tU2BcKOT0CezykvAsGw,UChgkn5Jt5tWKYMoEOuCjz3Q,1
UChs3tU2BcKOT0CezykvAsGw,UCTP3O0rMnc8z8v8jaDQwL0w,1
UChs3tU2BcKOT0CezykvAsGw,UCAmtbUiIrUIhikru0ZoTFig,1
UChs3tU2BcKOT0CezykvAsGw,UCRlCV9zSn7avAWh-9_XFWqQ,1
UChs3tU2BcKOT0CezykvAsGw,UCpl8rF8uv_8uui-QRvuJaRA,1
UChs3tU2BcKOT0CezykvAsGw,UCsUCN0Yq_UyTvKjOJLmNrnQ,1
UChs3tU2BcKOT0CezykvAsGw,UCjSKM9j0Q7HLDr1hD6D-TUw,1
UChs3tU2BcKOT0CezykvAsGw,UChep9kVb5gQmpodEEl10Xlg,1
UChs3tU2BcKOT0CezykvAsGw,UC-pNP6RMFuLg_-x7Ah_0kEA,1
UChs3tU2BcKOT0CezykvAsGw,UCDftMWXQoJ6nONfY7GVOVjg,1
UChs3tU2BcKOT0CezykvAsGw,UCEgEQmRbtL5fwr9_DqAC--g,1
UChs3tU2BcKOT0CezykvAsGw,UCDQaQv0hr2SS_PO-CMEwVHg,1
UChs3tU2BcKOT0CezykvAsGw,UCtNfIBnc5S5DbbQj_yxgJTw,1
UChs3tU2BcKOT0CezykvAsGw,UCvApqeCbLod-wejtT4CcVuA,1
UChs3tU2BcKOT0CezykvAsGw,UCrJn_rbo_ENAdeqneS-RmRw,1
UChs3tU2BcKOT0CezykvAsGw,UCTylKrsqkrBKIqubMu_5N0Q,1
UChs3tU2BcKOT0CezykvAsGw,UCFjudnPLoaSL1BaRuLahyHg,1
UChs3tU2BcKOT0CezykvAsGw,UCThW2XNsAaBKme5PUt7n-Zg,1
UChs3tU2BcKOT0CezykvAsGw,UCmjppp6ujz3SAnULvP3sZMw,1
UChs3tU2BcKOT0CezykvAsGw,UCjmPuazZJzscrwvk0QR9RVw,1
UChs3tU2BcKOT0CezykvAsGw,UCr1emrogPKkKTs_WTtx71xg,1
UChs3tU2BcKOT0CezykvAsGw,UCzSfZlOVxBSs5ObD25ywxDQ,1
UChs3tU2BcKOT0CezykvAsGw,UCujPF2nBgsTD62nWE3lcpIg,1
UChs3tU2BcKOT0CezykvAsGw,UC4cXueR2bKGFJV0Fk76gwmA,1
UChs3tU2BcKOT0CezykvAsGw,UCL1MT278vSaQ83ZDkVWn1gw,1
UChs3tU2BcKOT0CezykvAsGw,UCRETAiYdh2dL5ZxB0_N1zDA,1
UChs3tU2BcKOT0CezykvAsGw,UCtUR3_CAiE7fCoZHM6cMfyQ,1
UChs3tU2BcKOT0CezykvAsGw,UCylqlpsh8ENNM1LqgQ1KbxA,1
UChs3tU2BcKOT0CezykvAsGw,UC6YSZqL0vEcI-niPKIMUGfw,1
UChs3tU2BcKOT0CezykvAsGw,UC3NMzdMYryaw82kPTnsaljg,1
UChs3tU2BcKOT0CezykvAsGw,UCsjs5Hp_r86x1xbK6FAeqaA,1
UChs3tU2BcKOT0CezykvAsGw,UCp4iw5_5SmV9VGTFSNVGOmQ,1
UChs3tU2BcKOT0CezykvAsGw,UCKDR0f2fu2UzWL8mBv5-BHw,1
UChs3tU2BcKOT0CezykvAsGw,UC6PvO1_k5lHKGdAPo5_C6TA,1
UChs3tU2BcKOT0CezykvAsGw,UCFUuDARXdmmIrLppEqf-rFg,1
UChs3tU2BcKOT0CezykvAsGw,UC5bG9nc_JV3FsNP2KseQiYw,1
UChs3tU2BcKOT0CezykvAsGw,UC1vr9aaMI2crB0NvwFHUeoQ,1
UChs3tU2BcKOT0CezykvAsGw,UCLggDc_a5HriXv7I1h02sOA,1
UChs3tU2BcKOT0CezykvAsGw,UCDUffaruH6dyUnUGwsTKpgg,1
UChs3tU2BcKOT0CezykvAsGw,UCDlr1VadSucIZgZ171pRBjQ,1
UChs3tU2BcKOT0CezykvAsGw,UCySYJU5kUh7X8gVt9la2ISA,1
UChs3tU2BcKOT0CezykvAsGw,UCHTGCgY2l-DQJIvlA_cpa_Q,1
UChs3tU2BcKOT0CezykvAsGw,UCNkcuy42zEwddwEcOd_HpnA,1
UChs3tU2BcKOT0CezykvAsGw,UC2weSE8rpqkGMOp6StYtVfg,1
UChs3tU2BcKOT0CezykvAsGw,UCpsKOkt5iWTbenzeuq7dsmQ,1
UChs3tU2BcKOT0CezykvAsGw,UCgvw7xIdGFupzpt1Y_BFkEA,1
UChs3tU2BcKOT0CezykvAsGw,UC650pRT-OYzny3GwOH8Cgfw,1
UChs3tU2BcKOT0CezykvAsGw,UCl0ekS9Tt0jJGtOEM18S63w,1
UChs3tU2BcKOT0CezykvAsGw,UCiMythXHsw7eQEMykCdmMUA,1
UChs3tU2BcKOT0CezykvAsGw,UCljDbleJul41G1TzOjOZAVA,1
UChs3tU2BcKOT0CezykvAsGw,UCAlzM_N6xBlMYmM8EBzX86Q,1
UChs3tU2BcKOT0CezykvAsGw,UChZknRmJkeGeQk0-mQuhDOg,1
UChs3tU2BcKOT0CezykvAsGw,UCmvOgzmmXbjUthHy-WJ52hQ,1
UChs3tU2BcKOT0CezykvAsGw,UCNBnKqWf4d-rS4HwJRQljmQ,1
UChs3tU2BcKOT0CezykvAsGw,UCOh6DaZC_x9HASnlRylEMfw,1
UChs3tU2BcKOT0CezykvAsGw,UC-jS_kA9w-OmpupXDx156Rg,1
UChs3tU2BcKOT0CezykvAsGw,UCCaYwkkbQGcvFoUmothVdQQ,1
UChs3tU2BcKOT0CezykvAsGw,UCXgr7vXlRrsaskPdo097kGA,1
UC6PvO1_k5lHKGdAPo5_C6TA,UCQqetiwzzmRNTM5OWuXarGQ,1
UC6PvO1_k5lHKGdAPo5_C6TA,UC9xr9QvIcDvoZNUX5f-jaZw,1
UC6PvO1_k5lHKGdAPo5_C6TA,UC-hfX8J5JPJ-dfuakzegMLA,1
UC6PvO1_k5lHKGdAPo5_C6TA,UCpIdtvoFHVLGASGB5ySqIEA,1
UC6PvO1_k5lHKGdAPo5_C6TA,UCipetjeiWj4CZB6EbyYziZg,1
UC6PvO1_k5lHKGdAPo5_C6TA,UCiGRBf2RNF0WRKhRVT7zFoA,1
UC6PvO1_k5lHKGdAPo5_C6TA,UCYwpX26TrCxq8TvbKGRYLXA,1
UC6PvO1_k5lHKGdAPo5_C6TA,UCDPWkUX3sNNaCx-m1dV4glA,1
UC6PvO1_k5lHKGdAPo5_C6TA,UC3qn1yJA5PeW9rkGPatQxiw,1
UC6PvO1_k5lHKGdAPo5_C6TA,UCz3gu01bmjNv0DpRq-K3XYg,1
UC6PvO1_k5lHKGdAPo5_C6TA,UCXr8_5WtGeipe4haOoQDgyQ,1
UC6PvO1_k5lHKGdAPo5_C6TA,UC8r11yOugM2NuRfitQOxLLg,1
UC6PvO1_k5lHKGdAPo5_C6TA,UC4wq3DcbfaG6dtCqn8Oyu3w,1
UC6PvO1_k5lHKGdAPo5_C6TA,UCwha8rxULYMVtNwZWeSkE1A,1
UC6PvO1_k5lHKGdAPo5_C6TA,UCwO2SXr0ggzwg6QWWrr01nQ,1
UC6PvO1_k5lHKGdAPo5_C6TA,UCL13XhnRzbGokEkCkEOb0-g,1
UC6PvO1_k5lHKGdAPo5_C6TA,UCUIIIPTVDVHAXqhC_5V6lPA,1
UC6PvO1_k5lHKGdAPo5_C6TA,UCXXh7yg5KUFIWylTiKVEFKQ,1
UC6PvO1_k5lHKGdAPo5_C6TA,UC9vMq1YF-e7C-VO0SHkbUTA,1
UC6PvO1_k5lHKGdAPo5_C6TA,UCErZPJpHmLCsXs8ZWkAUupQ,1
UC6PvO1_k5lHKGdAPo5_C6TA,UCQgYjVngJRfPHDLGB5X6ZjA,1
UC6PvO1_k5lHKGdAPo5_C6TA,UCTwSut16JyAg3mX6LVUNGqA,1
UC6PvO1_k5lHKGdAPo5_C6TA,UCj-LL25XJnjxepPKCc3NGog,1
UC6PvO1_k5lHKGdAPo5_C6TA,UCYN4wSQ1Sx4_LurxLlW7MPg,1
UC6PvO1_k5lHKGdAPo5_C6TA,UCsSXdJct-nsS8DsABoEsaYA,1
UC6PvO1_k5lHKGdAPo5_C6TA,UCOS8ViEkccrTZx2w2ccxotA,1
UC6PvO1_k5lHKGdAPo5_C6TA,UCwW2OFy95P7ZBkOPxWkpvYg,1
UC6PvO1_k5lHKGdAPo5_C6TA,UCi1b_TRQfgO1Z9O2gNGGWNA,1
UC6PvO1_k5lHKGdAPo5_C6TA,UC7VUuJr9cGh845CmTvf7TlQ,1
UC6PvO1_k5lHKGdAPo5_C6TA,UCplrIQtaPj6au60_f2-mOYw,1
UC6PvO1_k5lHKGdAPo5_C6TA,UCSou6a2OuYGSvPjm5psquyA,1
UC6PvO1_k5lHKGdAPo5_C6TA,UCsJJAvrVGupdmhOqgtDp8dg,1
UC6PvO1_k5lHKGdAPo5_C6TA,UCFhxtoeARHPnXXPcDrOU3Xg,1
UC6PvO1_k5lHKGdAPo5_C6TA,UC5H8ASmMC9WrURmzeB4ySog,1
UC6PvO1_k5lHKGdAPo5_C6TA,UCGzXwyCzMzGmjmCbH3Hg01Q,1
UC6PvO1_k5lHKGdAPo5_C6TA,UCueV9cTyTDwgQSec1x2dYgA,1
UC6PvO1_k5lHKGdAPo5_C6TA,UC3MYTqpQqlWBuCB7Th0e0PA,1
UC6PvO1_k5lHKGdAPo5_C6TA,UC3E9mAgP7VoAE5mZoAexl5g,1
UC6PvO1_k5lHKGdAPo5_C6TA,UCB5p8a5gklc80jJItP6xTHg,1
UC6PvO1_k5lHKGdAPo5_C6TA,UCcfdg8crmMJwEuLUsAhV7yg,1
UC6PvO1_k5lHKGdAPo5_C6TA,UCQtICyzWmhC5woCtbNgaSmg,1
UC6PvO1_k5lHKGdAPo5_C6TA,UCLFdHr9BEbXHkoJopbEPLZw,1
UC6PvO1_k5lHKGdAPo5_C6TA,UCQtSFINs1h6GHkpg9o5kMvg,1
UC6PvO1_k5lHKGdAPo5_C6TA,UCfM3nrxtTQMY5jFx1v1J4Gg,1
UC6PvO1_k5lHKGdAPo5_C6TA,UCV0iizTBoOfdAFX_thfI9BA,1
UC6PvO1_k5lHKGdAPo5_C6TA,UCN6qbfPSzFtjhqUDZ3Cv3CQ,1
UC6PvO1_k5lHKGdAPo5_C6TA,UCFoIAE8k82D6AV-8gjjKaNg,1
UC6PvO1_k5lHKGdAPo5_C6TA,UCkd9W714-947dEE6ZOEBATA,1
UC6PvO1_k5lHKGdAPo5_C6TA,UCA93ym2TXs_Ibyxb4Vcn-6Q,1
UC6PvO1_k5lHKGdAPo5_C6TA,UCHhHUjaMAZ8SiXdCUCj9DkQ,1
UC6PvO1_k5lHKGdAPo5_C6TA,UCFxE8GbokBrBsPEKM1xrOjQ,1
UC6PvO1_k5lHKGdAPo5_C6TA,UC8F2V63KZ4ZEay6opX2hAQw,1
UC6PvO1_k5lHKGdAPo5_C6TA,UC8G5cJONY8L9voMyBW8Eoug,1
UC6PvO1_k5lHKGdAPo5_C6TA,UC3XTwHxygNCgjndsg-UiCQA,1
UC6PvO1_k5lHKGdAPo5_C6TA,UCTD6q1nyIe3Y7HhqjaMj72w,1
UC6PvO1_k5lHKGdAPo5_C6TA,UC72gBAtyb_VXQlYDcFrh6oQ,1
UC6PvO1_k5lHKGdAPo5_C6TA,UC2Y_EHWQKevubk4vOEBBFxw,1
UC6PvO1_k5lHKGdAPo5_C6TA,UChgkn5Jt5tWKYMoEOuCjz3Q,1
UC6PvO1_k5lHKGdAPo5_C6TA,UCTP3O0rMnc8z8v8jaDQwL0w,1
UC6PvO1_k5lHKGdAPo5_C6TA,UCAmtbUiIrUIhikru0ZoTFig,1
UC6PvO1_k5lHKGdAPo5_C6TA,UCRlCV9zSn7avAWh-9_XFWqQ,1
UC6PvO1_k5lHKGdAPo5_C6TA,UCpl8rF8uv_8uui-QRvuJaRA,1
UC6PvO1_k5lHKGdAPo5_C6TA,UCsUCN0Yq_UyTvKjOJLmNrnQ,1
UC6PvO1_k5lHKGdAPo5_C6TA,UCjSKM9j0Q7HLDr1hD6D-TUw,1
UC6PvO1_k5lHKGdAPo5_C6TA,UChep9kVb5gQmpodEEl10Xlg,1
UC6PvO1_k5lHKGdAPo5_C6TA,UC-pNP6RMFuLg_-x7Ah_0kEA,1
UC6PvO1_k5lHKGdAPo5_C6TA,UCDftMWXQoJ6nONfY7GVOVjg,1
UC6PvO1_k5lHKGdAPo5_C6TA,UCEgEQmRbtL5fwr9_DqAC--g,1
UC6PvO1_k5lHKGdAPo5_C6TA,UCDQaQv0hr2SS_PO-CMEwVHg,1
UC6PvO1_k5lHKGdAPo5_C6TA,UCtNfIBnc5S5DbbQj_yxgJTw,1
UC6PvO1_k5lHKGdAPo5_C6TA,UCvApqeCbLod-wejtT4CcVuA,1
UC6PvO1_k5lHKGdAPo5_C6TA,UCrJn_rbo_ENAdeqneS-RmRw,1
UC6PvO1_k5lHKGdAPo5_C6TA,UCTylKrsqkrBKIqubMu_5N0Q,1
UC6PvO1_k5lHKGdAPo5_C6TA,UCFjudnPLoaSL1BaRuLahyHg,1
UC6PvO1_k5lHKGdAPo5_C6TA,UCThW2XNsAaBKme5PUt7n-Zg,1
UC6PvO1_k5lHKGdAPo5_C6TA,UCmjppp6ujz3SAnULvP3sZMw,1
UC6PvO1_k5lHKGdAPo5_C6TA,UCjmPuazZJzscrwvk0QR9RVw,1
UC6PvO1_k5lHKGdAPo5_C6TA,UCr1emrogPKkKTs_WTtx71xg,1
UC6PvO1_k5lHKGdAPo5_C6TA,UCzSfZlOVxBSs5ObD25ywxDQ,1
UC6PvO1_k5lHKGdAPo5_C6TA,UCujPF2nBgsTD62nWE3lcpIg,1
UC6PvO1_k5lHKGdAPo5_C6TA,UC4cXueR2bKGFJV0Fk76gwmA,1
UC6PvO1_k5lHKGdAPo5_C6TA,UCL1MT278vSaQ83ZDkVWn1gw,1
UC6PvO1_k5lHKGdAPo5_C6TA,UCRETAiYdh2dL5ZxB0_N1zDA,1
UC6PvO1_k5lHKGdAPo5_C6TA,UCtUR3_CAiE7fCoZHM6cMfyQ,1
UC6PvO1_k5lHKGdAPo5_C6TA,UCylqlpsh8ENNM1LqgQ1KbxA,1
UC6PvO1_k5lHKGdAPo5_C6TA,UC6YSZqL0vEcI-niPKIMUGfw,1
UC6PvO1_k5lHKGdAPo5_C6TA,UC3NMzdMYryaw82kPTnsaljg,1
UC6PvO1_k5lHKGdAPo5_C6TA,UCsjs5Hp_r86x1xbK6FAeqaA,1
UC6PvO1_k5lHKGdAPo5_C6TA,UCp4iw5_5SmV9VGTFSNVGOmQ,1
UC6PvO1_k5lHKGdAPo5_C6TA,UCKDR0f2fu2UzWL8mBv5-BHw,1
UC6PvO1_k5lHKGdAPo5_C6TA,UCFUuDARXdmmIrLppEqf-rFg,1
UC6PvO1_k5lHKGdAPo5_C6TA,UC5bG9nc_JV3FsNP2KseQiYw,1
UC6PvO1_k5lHKGdAPo5_C6TA,UC1vr9aaMI2crB0NvwFHUeoQ,1
UC6PvO1_k5lHKGdAPo5_C6TA,UCLggDc_a5HriXv7I1h02sOA,1
UC6PvO1_k5lHKGdAPo5_C6TA,UCDUffaruH6dyUnUGwsTKpgg,1
UC6PvO1_k5lHKGdAPo5_C6TA,UCDlr1VadSucIZgZ171pRBjQ,1
UC6PvO1_k5lHKGdAPo5_C6TA,UCySYJU5kUh7X8gVt9la2ISA,1
UC6PvO1_k5lHKGdAPo5_C6TA,UCHTGCgY2l-DQJIvlA_cpa_Q,1
UC6PvO1_k5lHKGdAPo5_C6TA,UCNkcuy42zEwddwEcOd_HpnA,1
UC6PvO1_k5lHKGdAPo5_C6TA,UC2weSE8rpqkGMOp6StYtVfg,1
UC6PvO1_k5lHKGdAPo5_C6TA,UCpsKOkt5iWTbenzeuq7dsmQ,1
UC6PvO1_k5lHKGdAPo5_C6TA,UCgvw7xIdGFupzpt1Y_BFkEA,1
UC6PvO1_k5lHKGdAPo5_C6TA,UC650pRT-OYzny3GwOH8Cgfw,1
UC6PvO1_k5lHKGdAPo5_C6TA,UCl0ekS9Tt0jJGtOEM18S63w,1
UC6PvO1_k5lHKGdAPo5_C6TA,UCiMythXHsw7eQEMykCdmMUA,1
UC6PvO1_k5lHKGdAPo5_C6TA,UCljDbleJul41G1TzOjOZAVA,1
UC6PvO1_k5lHKGdAPo5_C6TA,UCAlzM_N6xBlMYmM8EBzX86Q,1
UC6PvO1_k5lHKGdAPo5_C6TA,UChZknRmJkeGeQk0-mQuhDOg,1
UC6PvO1_k5lHKGdAPo5_C6TA,UCmvOgzmmXbjUthHy-WJ52hQ,1
UC6PvO1_k5lHKGdAPo5_C6TA,UCNBnKqWf4d-rS4HwJRQljmQ,1
UC6PvO1_k5lHKGdAPo5_C6TA,UCOh6DaZC_x9HASnlRylEMfw,1
UC6PvO1_k5lHKGdAPo5_C6TA,UC-jS_kA9w-OmpupXDx156Rg,1
UC6PvO1_k5lHKGdAPo5_C6TA,UCCaYwkkbQGcvFoUmothVdQQ,1
UC6PvO1_k5lHKGdAPo5_C6TA,UCXgr7vXlRrsaskPdo097kGA,1
UCwxoKK59nGCeBqB2sXfDBIw,UCql1n3Ey6ULMSOACjMe-fxQ,1
UCwxoKK59nGCeBqB2sXfDBIw,UC-HeUTT6_g-VoiWds2a4H-w,1
UCwxoKK59nGCeBqB2sXfDBIw,UCheEJ5GZuIvV0fj-nXyVwXw,1
UCwxoKK59nGCeBqB2sXfDBIw,UCtsxPYw8VUsH_FfnKg-0lmw,1
UCwxoKK59nGCeBqB2sXfDBIw,UCvDwJBBY1mHK70aTEYl6rsA,1
UCwxoKK59nGCeBqB2sXfDBIw,UCfo_yUPzy1f1POwwZxhZ06Q,1
UCwxoKK59nGCeBqB2sXfDBIw,UCoGdCoJg2Lh0OX_jv6cG16g,1
UCwxoKK59nGCeBqB2sXfDBIw,UCRfkkatKrNtAARnXMMYBGlA,1
UCwxoKK59nGCeBqB2sXfDBIw,UCiOZX__1gahg1ypIj0_XG_w,1
UCwxoKK59nGCeBqB2sXfDBIw,UCyJhqmMbsvjpoarBBStA2kg,1
UCwxoKK59nGCeBqB2sXfDBIw,UCa36MjQLoPAmgJo-R3G8WQA,1
UCwxoKK59nGCeBqB2sXfDBIw,UCZFQwqh90apuL8eFhvRBkUg,1
UCwxoKK59nGCeBqB2sXfDBIw,UCEHXl4VvvVpq-_4xC5tsbhg,1
UCwxoKK59nGCeBqB2sXfDBIw,UCtCtts20bW6F9CSohau51Iw,1
UCwxoKK59nGCeBqB2sXfDBIw,UCWaRixDdpgllTBf4V0jPnKQ,1
UCwxoKK59nGCeBqB2sXfDBIw,UCp29O_C7cchZV8IxV7Crdag,1
UCwxoKK59nGCeBqB2sXfDBIw,UCjZgFEowMBrsjodqfovzdKw,1
UCwxoKK59nGCeBqB2sXfDBIw,UCWvntqPQx99k_Z_skWKqNSA,1
UCwxoKK59nGCeBqB2sXfDBIw,UC1NiEdJ7gk6FlDexIalWnGg,1
UCwxoKK59nGCeBqB2sXfDBIw,UC3YpzAr7pcdKC7BVFEpYzog,1
UCwxoKK59nGCeBqB2sXfDBIw,UCV3fr-YOixFKCZBbJP1-X4w,1
UCwxoKK59nGCeBqB2sXfDBIw,UC63tFvbQ_hJhGDi2nbjssjw,1
UCwxoKK59nGCeBqB2sXfDBIw,UCaT4saRcyqCLE657Rq2hhZQ,1
UCwxoKK59nGCeBqB2sXfDBIw,UC14qlobYKqD-DO0j6b75lcA,1
UCwxoKK59nGCeBqB2sXfDBIw,UC0HvfEWozTHbwl_iEmJNvVA,1
UCwxoKK59nGCeBqB2sXfDBIw,UC-Iul5tDYH_oiAMXQH-KaaQ,1
UCwxoKK59nGCeBqB2sXfDBIw,UCgGqw4aqMdMVSGkKiMgrJRQ,1
UCwxoKK59nGCeBqB2sXfDBIw,UCzZ6dDCEsLMXbc5pCFXIprw,1
UCwxoKK59nGCeBqB2sXfDBIw,UChyps3dqY-VY1_wLeq-2lhw,1
UCwxoKK59nGCeBqB2sXfDBIw,UCeQk-WfEA-cJRq4EKeE7TOw,1
UCWaRixDdpgllTBf4V0jPnKQ,UCql1n3Ey6ULMSOACjMe-fxQ,1
UCWaRixDdpgllTBf4V0jPnKQ,UC-HeUTT6_g-VoiWds2a4H-w,1
UCWaRixDdpgllTBf4V0jPnKQ,UCheEJ5GZuIvV0fj-nXyVwXw,1
UCWaRixDdpgllTBf4V0jPnKQ,UCtsxPYw8VUsH_FfnKg-0lmw,1
UCWaRixDdpgllTBf4V0jPnKQ,UCvDwJBBY1mHK70aTEYl6rsA,1
UCWaRixDdpgllTBf4V0jPnKQ,UCfo_yUPzy1f1POwwZxhZ06Q,1
UCWaRixDdpgllTBf4V0jPnKQ,UCoGdCoJg2Lh0OX_jv6cG16g,1
UCWaRixDdpgllTBf4V0jPnKQ,UCRfkkatKrNtAARnXMMYBGlA,1
UCWaRixDdpgllTBf4V0jPnKQ,UCiOZX__1gahg1ypIj0_XG_w,1
UCWaRixDdpgllTBf4V0jPnKQ,UCyJhqmMbsvjpoarBBStA2kg,1
UCWaRixDdpgllTBf4V0jPnKQ,UCa36MjQLoPAmgJo-R3G8WQA,1
UCWaRixDdpgllTBf4V0jPnKQ,UCZFQwqh90apuL8eFhvRBkUg,1
UCWaRixDdpgllTBf4V0jPnKQ,UCEHXl4VvvVpq-_4xC5tsbhg,1
UCWaRixDdpgllTBf4V0jPnKQ,UCtCtts20bW6F9CSohau51Iw,1
UCWaRixDdpgllTBf4V0jPnKQ,UCp29O_C7cchZV8IxV7Crdag,1
UCWaRixDdpgllTBf4V0jPnKQ,UCjZgFEowMBrsjodqfovzdKw,1
UCWaRixDdpgllTBf4V0jPnKQ,UCWvntqPQx99k_Z_skWKqNSA,1
UCWaRixDdpgllTBf4V0jPnKQ,UC1NiEdJ7gk6FlDexIalWnGg,1
UCWaRixDdpgllTBf4V0jPnKQ,UC3YpzAr7pcdKC7BVFEpYzog,1
UCWaRixDdpgllTBf4V0jPnKQ,UCV3fr-YOixFKCZBbJP1-X4w,1
UCWaRixDdpgllTBf4V0jPnKQ,UC63tFvbQ_hJhGDi2nbjssjw,1
UCWaRixDdpgllTBf4V0jPnKQ,UCaT4saRcyqCLE657Rq2hhZQ,1
UCWaRixDdpgllTBf4V0jPnKQ,UC14qlobYKqD-DO0j6b75lcA,1
UCWaRixDdpgllTBf4V0jPnKQ,UC0HvfEWozTHbwl_iEmJNvVA,1
UCWaRixDdpgllTBf4V0jPnKQ,UC-Iul5tDYH_oiAMXQH-KaaQ,1
UCWaRixDdpgllTBf4V0jPnKQ,UCgGqw4aqMdMVSGkKiMgrJRQ,1
UCWaRixDdpgllTBf4V0jPnKQ,UCzZ6dDCEsLMXbc5pCFXIprw,1
UCWaRixDdpgllTBf4V0jPnKQ,UChyps3dqY-VY1_wLeq-2lhw,1
UCWaRixDdpgllTBf4V0jPnKQ,UCeQk-WfEA-cJRq4EKeE7TOw,1
UCkVtmkK07b2zaVVNssX4lOg,UCpe5jW3MIqkgTJ-PgkzvM6Q,1
UCkVtmkK07b2zaVVNssX4lOg,UCqCrvuoJpC-aVb0f4logQRQ,1
UCkVtmkK07b2zaVVNssX4lOg,UCDrmf9y9nLgFY5wnA2hTuGA,1
UCkVtmkK07b2zaVVNssX4lOg,UC-fiZBS5Gp1eCJd9ucgWnCg,1
UCkVtmkK07b2zaVVNssX4lOg,UCeDNEtI8_a42bZ47wJiJMwQ,1
UCkVtmkK07b2zaVVNssX4lOg,UCZeIIQrGAedW8tCbKWmGY-A,1
UCkVtmkK07b2zaVVNssX4lOg,UCCBYcToQ2dwkd6TJh0FSyDg,1
UCkVtmkK07b2zaVVNssX4lOg,UCQqlPPUGqAfWjd-FSh_qn7Q,1
UCkVtmkK07b2zaVVNssX4lOg,UCUoYsrx1oZnCZ0usbBJn4fA,1
UCkVtmkK07b2zaVVNssX4lOg,UC_LYoGs5C3mbZKZuKuqYCvw,1
UCkVtmkK07b2zaVVNssX4lOg,UColMq7LmaoY3MT6aIDGrGvA,1
UCkVtmkK07b2zaVVNssX4lOg,UCRvPToDkkumha7WJAfCDk1A,1
UCkVtmkK07b2zaVVNssX4lOg,UCu8_3-Wg-YzNyvHYQDEscfw,1
UCkVtmkK07b2zaVVNssX4lOg,UCylqlpsh8ENNM1LqgQ1KbxA,1
UCkVtmkK07b2zaVVNssX4lOg,UC32oozucwCF3q8d4m8fyOUg,1
UCkVtmkK07b2zaVVNssX4lOg,UCV0lM03g5fg5pbPj97-sAtA,1
UCkVtmkK07b2zaVVNssX4lOg,UCW-JC6lebVmf2P1dmY_L94g,1
UCkVtmkK07b2zaVVNssX4lOg,UCAKuKvcbfnBD3kF5njNu-IA,1
UCkVtmkK07b2zaVVNssX4lOg,UC3UVO7pTbeYvZ3ILEyRDskQ,1
UCkVtmkK07b2zaVVNssX4lOg,UC816IGbFCZinfYS1LRDaaHg,1
UCkVtmkK07b2zaVVNssX4lOg,UC4Avya4kmR4Q0FrfFdBozSQ,1
UCkVtmkK07b2zaVVNssX4lOg,UCgJNFj5dnxXpcMvmuhZDPxA,1
UCkVtmkK07b2zaVVNssX4lOg,UC1DpqK6vaPEkBOMNvypsKYg,1
UCkVtmkK07b2zaVVNssX4lOg,UCiC-Jn7wdgyQV4_Urk0DkWQ,1
UCkVtmkK07b2zaVVNssX4lOg,UCpsKOkt5iWTbenzeuq7dsmQ,1
UCkVtmkK07b2zaVVNssX4lOg,UCWoAVGVqCn4xtINCMOTM4jg,1
UCkVtmkK07b2zaVVNssX4lOg,UClqA491Xa5fQcXcJJa-vTWw,1
UCkVtmkK07b2zaVVNssX4lOg,UCe8JZoYkX5oKUZyivHYdXhw,1
UCkVtmkK07b2zaVVNssX4lOg,UClhMWQ7XKWywYvbRnuf8QsA,1
UCkVtmkK07b2zaVVNssX4lOg,UC5hvEnRUzI4Kfvwnyi4QxqQ,1
UCkVtmkK07b2zaVVNssX4lOg,UCGGHbtfbbe0o68etrOf0qxw,1
UCkVtmkK07b2zaVVNssX4lOg,UCgQw_Sbq3ugruDUKsq1e0-A,1
UCkVtmkK07b2zaVVNssX4lOg,UC6Uj1FT5JjDSF8vudvDxPAA,1
UCkVtmkK07b2zaVVNssX4lOg,UC7dadZG7kkGYnsNu6td0FbA,1
UCkVtmkK07b2zaVVNssX4lOg,UCsGoJEvb-cFPZ2rWoJcXzEQ,1
UCkVtmkK07b2zaVVNssX4lOg,UC95PSMouTx2N5CbSq0hIyrQ,1
UCkVtmkK07b2zaVVNssX4lOg,UCOcUI5XkTYNMSFhZNMIPpGg,1
UCkVtmkK07b2zaVVNssX4lOg,UCuXmOjxC-htcprLgeVXz6Tg,1
UCkVtmkK07b2zaVVNssX4lOg,UCHbwIx9pmQuf7i-4_xO2EpA,1
UCkVtmkK07b2zaVVNssX4lOg,UCwjUvRseNtJoItylIyIez7Q,1
UCkVtmkK07b2zaVVNssX4lOg,UCW80DaMjQlEUibC98Cot-Dg,1
UCN6qbfPSzFtjhqUDZ3Cv3CQ,UCQqetiwzzmRNTM5OWuXarGQ,1
UCN6qbfPSzFtjhqUDZ3Cv3CQ,UC9xr9QvIcDvoZNUX5f-jaZw,1
UCN6qbfPSzFtjhqUDZ3Cv3CQ,UC-hfX8J5JPJ-dfuakzegMLA,1
UCN6qbfPSzFtjhqUDZ3Cv3CQ,UCpIdtvoFHVLGASGB5ySqIEA,1
UCN6qbfPSzFtjhqUDZ3Cv3CQ,UCipetjeiWj4CZB6EbyYziZg,1
UCN6qbfPSzFtjhqUDZ3Cv3CQ,UCiGRBf2RNF0WRKhRVT7zFoA,1
UCN6qbfPSzFtjhqUDZ3Cv3CQ,UCYwpX26TrCxq8TvbKGRYLXA,1
UCN6qbfPSzFtjhqUDZ3Cv3CQ,UCDPWkUX3sNNaCx-m1dV4glA,1
UCN6qbfPSzFtjhqUDZ3Cv3CQ,UC3qn1yJA5PeW9rkGPatQxiw,1
UCN6qbfPSzFtjhqUDZ3Cv3CQ,UCz3gu01bmjNv0DpRq-K3XYg,1
UCN6qbfPSzFtjhqUDZ3Cv3CQ,UCXr8_5WtGeipe4haOoQDgyQ,1
UCN6qbfPSzFtjhqUDZ3Cv3CQ,UC8r11yOugM2NuRfitQOxLLg,1
UCN6qbfPSzFtjhqUDZ3Cv3CQ,UC4wq3DcbfaG6dtCqn8Oyu3w,1
UCN6qbfPSzFtjhqUDZ3Cv3CQ,UCwha8rxULYMVtNwZWeSkE1A,1
UCN6qbfPSzFtjhqUDZ3Cv3CQ,UCwO2SXr0ggzwg6QWWrr01nQ,1
UCN6qbfPSzFtjhqUDZ3Cv3CQ,UCL13XhnRzbGokEkCkEOb0-g,1
UCN6qbfPSzFtjhqUDZ3Cv3CQ,UCUIIIPTVDVHAXqhC_5V6lPA,1
UCN6qbfPSzFtjhqUDZ3Cv3CQ,UCXXh7yg5KUFIWylTiKVEFKQ,1
UCN6qbfPSzFtjhqUDZ3Cv3CQ,UC9vMq1YF-e7C-VO0SHkbUTA,1
UCN6qbfPSzFtjhqUDZ3Cv3CQ,UCErZPJpHmLCsXs8ZWkAUupQ,1
UCN6qbfPSzFtjhqUDZ3Cv3CQ,UCQgYjVngJRfPHDLGB5X6ZjA,1
UCN6qbfPSzFtjhqUDZ3Cv3CQ,UCTwSut16JyAg3mX6LVUNGqA,1
UCN6qbfPSzFtjhqUDZ3Cv3CQ,UCj-LL25XJnjxepPKCc3NGog,1
UCN6qbfPSzFtjhqUDZ3Cv3CQ,UCYN4wSQ1Sx4_LurxLlW7MPg,1
UCN6qbfPSzFtjhqUDZ3Cv3CQ,UCsSXdJct-nsS8DsABoEsaYA,1
UCN6qbfPSzFtjhqUDZ3Cv3CQ,UCOS8ViEkccrTZx2w2ccxotA,1
UCN6qbfPSzFtjhqUDZ3Cv3CQ,UCwW2OFy95P7ZBkOPxWkpvYg,1
UCN6qbfPSzFtjhqUDZ3Cv3CQ,UCi1b_TRQfgO1Z9O2gNGGWNA,1
UCN6qbfPSzFtjhqUDZ3Cv3CQ,UC7VUuJr9cGh845CmTvf7TlQ,1
UCN6qbfPSzFtjhqUDZ3Cv3CQ,UCplrIQtaPj6au60_f2-mOYw,1
UCN6qbfPSzFtjhqUDZ3Cv3CQ,UCSou6a2OuYGSvPjm5psquyA,1
UCN6qbfPSzFtjhqUDZ3Cv3CQ,UCsJJAvrVGupdmhOqgtDp8dg,1
UCN6qbfPSzFtjhqUDZ3Cv3CQ,UCFhxtoeARHPnXXPcDrOU3Xg,1
UCN6qbfPSzFtjhqUDZ3Cv3CQ,UC5H8ASmMC9WrURmzeB4ySog,1
UCN6qbfPSzFtjhqUDZ3Cv3CQ,UCGzXwyCzMzGmjmCbH3Hg01Q,1
UCN6qbfPSzFtjhqUDZ3Cv3CQ,UCueV9cTyTDwgQSec1x2dYgA,1
UCN6qbfPSzFtjhqUDZ3Cv3CQ,UC3MYTqpQqlWBuCB7Th0e0PA,1
UCN6qbfPSzFtjhqUDZ3Cv3CQ,UC3E9mAgP7VoAE5mZoAexl5g,1
UCN6qbfPSzFtjhqUDZ3Cv3CQ,UCB5p8a5gklc80jJItP6xTHg,1
UCN6qbfPSzFtjhqUDZ3Cv3CQ,UCcfdg8crmMJwEuLUsAhV7yg,1
UCN6qbfPSzFtjhqUDZ3Cv3CQ,UCQtICyzWmhC5woCtbNgaSmg,1
UCN6qbfPSzFtjhqUDZ3Cv3CQ,UCLFdHr9BEbXHkoJopbEPLZw,1
UCN6qbfPSzFtjhqUDZ3Cv3CQ,UCQtSFINs1h6GHkpg9o5kMvg,1
UCN6qbfPSzFtjhqUDZ3Cv3CQ,UCfM3nrxtTQMY5jFx1v1J4Gg,1
UCN6qbfPSzFtjhqUDZ3Cv3CQ,UCV0iizTBoOfdAFX_thfI9BA,1
UCN6qbfPSzFtjhqUDZ3Cv3CQ,UCFoIAE8k82D6AV-8gjjKaNg,1
UCN6qbfPSzFtjhqUDZ3Cv3CQ,UCkd9W714-947dEE6ZOEBATA,1
UCN6qbfPSzFtjhqUDZ3Cv3CQ,UCA93ym2TXs_Ibyxb4Vcn-6Q,1
UCN6qbfPSzFtjhqUDZ3Cv3CQ,UCHhHUjaMAZ8SiXdCUCj9DkQ,1
UCN6qbfPSzFtjhqUDZ3Cv3CQ,UCFxE8GbokBrBsPEKM1xrOjQ,1
UCN6qbfPSzFtjhqUDZ3Cv3CQ,UC8F2V63KZ4ZEay6opX2hAQw,1
UCN6qbfPSzFtjhqUDZ3Cv3CQ,UC8G5cJONY8L9voMyBW8Eoug,1
UCN6qbfPSzFtjhqUDZ3Cv3CQ,UC3XTwHxygNCgjndsg-UiCQA,1
UCN6qbfPSzFtjhqUDZ3Cv3CQ,UCTD6q1nyIe3Y7HhqjaMj72w,1
UCN6qbfPSzFtjhqUDZ3Cv3CQ,UC72gBAtyb_VXQlYDcFrh6oQ,1
UCN6qbfPSzFtjhqUDZ3Cv3CQ,UC2Y_EHWQKevubk4vOEBBFxw,1
UCN6qbfPSzFtjhqUDZ3Cv3CQ,UChgkn5Jt5tWKYMoEOuCjz3Q,1
UCN6qbfPSzFtjhqUDZ3Cv3CQ,UCTP3O0rMnc8z8v8jaDQwL0w,1
UCN6qbfPSzFtjhqUDZ3Cv3CQ,UCAmtbUiIrUIhikru0ZoTFig,1
UCN6qbfPSzFtjhqUDZ3Cv3CQ,UCRlCV9zSn7avAWh-9_XFWqQ,1
UCN6qbfPSzFtjhqUDZ3Cv3CQ,UCpl8rF8uv_8uui-QRvuJaRA,1
UCN6qbfPSzFtjhqUDZ3Cv3CQ,UCsUCN0Yq_UyTvKjOJLmNrnQ,1
UCN6qbfPSzFtjhqUDZ3Cv3CQ,UCjSKM9j0Q7HLDr1hD6D-TUw,1
UCN6qbfPSzFtjhqUDZ3Cv3CQ,UChep9kVb5gQmpodEEl10Xlg,1
UCN6qbfPSzFtjhqUDZ3Cv3CQ,UC-pNP6RMFuLg_-x7Ah_0kEA,1
UCN6qbfPSzFtjhqUDZ3Cv3CQ,UCDftMWXQoJ6nONfY7GVOVjg,1
UCN6qbfPSzFtjhqUDZ3Cv3CQ,UCEgEQmRbtL5fwr9_DqAC--g,1
UCN6qbfPSzFtjhqUDZ3Cv3CQ,UCDQaQv0hr2SS_PO-CMEwVHg,1
UCN6qbfPSzFtjhqUDZ3Cv3CQ,UCtNfIBnc5S5DbbQj_yxgJTw,1
UCN6qbfPSzFtjhqUDZ3Cv3CQ,UCvApqeCbLod-wejtT4CcVuA,1
UCN6qbfPSzFtjhqUDZ3Cv3CQ,UCrJn_rbo_ENAdeqneS-RmRw,1
UCN6qbfPSzFtjhqUDZ3Cv3CQ,UCTylKrsqkrBKIqubMu_5N0Q,1
UCN6qbfPSzFtjhqUDZ3Cv3CQ,UCFjudnPLoaSL1BaRuLahyHg,1
UCN6qbfPSzFtjhqUDZ3Cv3CQ,UCThW2XNsAaBKme5PUt7n-Zg,1
UCN6qbfPSzFtjhqUDZ3Cv3CQ,UCmjppp6ujz3SAnULvP3sZMw,1
UCN6qbfPSzFtjhqUDZ3Cv3CQ,UCjmPuazZJzscrwvk0QR9RVw,1
UCN6qbfPSzFtjhqUDZ3Cv3CQ,UCr1emrogPKkKTs_WTtx71xg,1
UCN6qbfPSzFtjhqUDZ3Cv3CQ,UCzSfZlOVxBSs5ObD25ywxDQ,1
UCN6qbfPSzFtjhqUDZ3Cv3CQ,UCujPF2nBgsTD62nWE3lcpIg,1
UCN6qbfPSzFtjhqUDZ3Cv3CQ,UC4cXueR2bKGFJV0Fk76gwmA,1
UCN6qbfPSzFtjhqUDZ3Cv3CQ,UCL1MT278vSaQ83ZDkVWn1gw,1
UCN6qbfPSzFtjhqUDZ3Cv3CQ,UCRETAiYdh2dL5ZxB0_N1zDA,1
UCN6qbfPSzFtjhqUDZ3Cv3CQ,UCtUR3_CAiE7fCoZHM6cMfyQ,1
UCN6qbfPSzFtjhqUDZ3Cv3CQ,UCylqlpsh8ENNM1LqgQ1KbxA,1
UCN6qbfPSzFtjhqUDZ3Cv3CQ,UC6YSZqL0vEcI-niPKIMUGfw,1
UCN6qbfPSzFtjhqUDZ3Cv3CQ,UC3NMzdMYryaw82kPTnsaljg,1
UCN6qbfPSzFtjhqUDZ3Cv3CQ,UCsjs5Hp_r86x1xbK6FAeqaA,1
UCN6qbfPSzFtjhqUDZ3Cv3CQ,UCp4iw5_5SmV9VGTFSNVGOmQ,1
UCN6qbfPSzFtjhqUDZ3Cv3CQ,UCKDR0f2fu2UzWL8mBv5-BHw,1
UCN6qbfPSzFtjhqUDZ3Cv3CQ,UCFUuDARXdmmIrLppEqf-rFg,1
UCN6qbfPSzFtjhqUDZ3Cv3CQ,UC5bG9nc_JV3FsNP2KseQiYw,1
UCN6qbfPSzFtjhqUDZ3Cv3CQ,UC1vr9aaMI2crB0NvwFHUeoQ,1
UCN6qbfPSzFtjhqUDZ3Cv3CQ,UCLggDc_a5HriXv7I1h02sOA,1
UCN6qbfPSzFtjhqUDZ3Cv3CQ,UCDUffaruH6dyUnUGwsTKpgg,1
UCN6qbfPSzFtjhqUDZ3Cv3CQ,UCDlr1VadSucIZgZ171pRBjQ,1
UCN6qbfPSzFtjhqUDZ3Cv3CQ,UCySYJU5kUh7X8gVt9la2ISA,1
UCN6qbfPSzFtjhqUDZ3Cv3CQ,UCHTGCgY2l-DQJIvlA_cpa_Q,1
UCN6qbfPSzFtjhqUDZ3Cv3CQ,UCNkcuy42zEwddwEcOd_HpnA,1
UCN6qbfPSzFtjhqUDZ3Cv3CQ,UC2weSE8rpqkGMOp6StYtVfg,1
UCN6qbfPSzFtjhqUDZ3Cv3CQ,UCpsKOkt5iWTbenzeuq7dsmQ,1
UCN6qbfPSzFtjhqUDZ3Cv3CQ,UCgvw7xIdGFupzpt1Y_BFkEA,1
UCN6qbfPSzFtjhqUDZ3Cv3CQ,UC650pRT-OYzny3GwOH8Cgfw,1
UCN6qbfPSzFtjhqUDZ3Cv3CQ,UCl0ekS9Tt0jJGtOEM18S63w,1
UCN6qbfPSzFtjhqUDZ3Cv3CQ,UCiMythXHsw7eQEMykCdmMUA,1
UCN6qbfPSzFtjhqUDZ3Cv3CQ,UCljDbleJul41G1TzOjOZAVA,1
UCN6qbfPSzFtjhqUDZ3Cv3CQ,UCAlzM_N6xBlMYmM8EBzX86Q,1
UCN6qbfPSzFtjhqUDZ3Cv3CQ,UChZknRmJkeGeQk0-mQuhDOg,1
UCN6qbfPSzFtjhqUDZ3Cv3CQ,UCmvOgzmmXbjUthHy-WJ52hQ,1
UCN6qbfPSzFtjhqUDZ3Cv3CQ,UCNBnKqWf4d-rS4HwJRQljmQ,1
UCN6qbfPSzFtjhqUDZ3Cv3CQ,UCOh6DaZC_x9HASnlRylEMfw,1
UCN6qbfPSzFtjhqUDZ3Cv3CQ,UC-jS_kA9w-OmpupXDx156Rg,1
UCN6qbfPSzFtjhqUDZ3Cv3CQ,UCCaYwkkbQGcvFoUmothVdQQ,1
UCN6qbfPSzFtjhqUDZ3Cv3CQ,UCXgr7vXlRrsaskPdo097kGA,1
UC95PSMouTx2N5CbSq0hIyrQ,UCpe5jW3MIqkgTJ-PgkzvM6Q,1
UC95PSMouTx2N5CbSq0hIyrQ,UCqCrvuoJpC-aVb0f4logQRQ,1
UC95PSMouTx2N5CbSq0hIyrQ,UCDrmf9y9nLgFY5wnA2hTuGA,1
UC95PSMouTx2N5CbSq0hIyrQ,UC-fiZBS5Gp1eCJd9ucgWnCg,1
UC95PSMouTx2N5CbSq0hIyrQ,UCeDNEtI8_a42bZ47wJiJMwQ,1
UC95PSMouTx2N5CbSq0hIyrQ,UCZeIIQrGAedW8tCbKWmGY-A,1
UC95PSMouTx2N5CbSq0hIyrQ,UCCBYcToQ2dwkd6TJh0FSyDg,1
UC95PSMouTx2N5CbSq0hIyrQ,UCQqlPPUGqAfWjd-FSh_qn7Q,1
UC95PSMouTx2N5CbSq0hIyrQ,UCUoYsrx1oZnCZ0usbBJn4fA,1
UC95PSMouTx2N5CbSq0hIyrQ,UC_LYoGs5C3mbZKZuKuqYCvw,1
UC95PSMouTx2N5CbSq0hIyrQ,UColMq7LmaoY3MT6aIDGrGvA,1
UC95PSMouTx2N5CbSq0hIyrQ,UCRvPToDkkumha7WJAfCDk1A,1
UC95PSMouTx2N5CbSq0hIyrQ,UCu8_3-Wg-YzNyvHYQDEscfw,1
UC95PSMouTx2N5CbSq0hIyrQ,UCylqlpsh8ENNM1LqgQ1KbxA,1
UC95PSMouTx2N5CbSq0hIyrQ,UC32oozucwCF3q8d4m8fyOUg,1
UC95PSMouTx2N5CbSq0hIyrQ,UCV0lM03g5fg5pbPj97-sAtA,1
UC95PSMouTx2N5CbSq0hIyrQ,UCW-JC6lebVmf2P1dmY_L94g,1
UC95PSMouTx2N5CbSq0hIyrQ,UCAKuKvcbfnBD3kF5njNu-IA,1
UC95PSMouTx2N5CbSq0hIyrQ,UC3UVO7pTbeYvZ3ILEyRDskQ,1
UC95PSMouTx2N5CbSq0hIyrQ,UC816IGbFCZinfYS1LRDaaHg,1
UC95PSMouTx2N5CbSq0hIyrQ,UC4Avya4kmR4Q0FrfFdBozSQ,1
UC95PSMouTx2N5CbSq0hIyrQ,UCgJNFj5dnxXpcMvmuhZDPxA,1
UC95PSMouTx2N5CbSq0hIyrQ,UC1DpqK6vaPEkBOMNvypsKYg,1
UC95PSMouTx2N5CbSq0hIyrQ,UCiC-Jn7wdgyQV4_Urk0DkWQ,1
UC95PSMouTx2N5CbSq0hIyrQ,UCpsKOkt5iWTbenzeuq7dsmQ,1
UC95PSMouTx2N5CbSq0hIyrQ,UCWoAVGVqCn4xtINCMOTM4jg,1
UC95PSMouTx2N5CbSq0hIyrQ,UClqA491Xa5fQcXcJJa-vTWw,1
UC95PSMouTx2N5CbSq0hIyrQ,UCe8JZoYkX5oKUZyivHYdXhw,1
UC95PSMouTx2N5CbSq0hIyrQ,UClhMWQ7XKWywYvbRnuf8QsA,1
UC95PSMouTx2N5CbSq0hIyrQ,UC5hvEnRUzI4Kfvwnyi4QxqQ,1
UC95PSMouTx2N5CbSq0hIyrQ,UCGGHbtfbbe0o68etrOf0qxw,1
UC95PSMouTx2N5CbSq0hIyrQ,UCgQw_Sbq3ugruDUKsq1e0-A,1
UC95PSMouTx2N5CbSq0hIyrQ,UC6Uj1FT5JjDSF8vudvDxPAA,1
UC95PSMouTx2N5CbSq0hIyrQ,UC7dadZG7kkGYnsNu6td0FbA,1
UC95PSMouTx2N5CbSq0hIyrQ,UCsGoJEvb-cFPZ2rWoJcXzEQ,1
UC95PSMouTx2N5CbSq0hIyrQ,UCOcUI5XkTYNMSFhZNMIPpGg,1
UC95PSMouTx2N5CbSq0hIyrQ,UCuXmOjxC-htcprLgeVXz6Tg,1
UC95PSMouTx2N5CbSq0hIyrQ,UCHbwIx9pmQuf7i-4_xO2EpA,1
UC95PSMouTx2N5CbSq0hIyrQ,UCwjUvRseNtJoItylIyIez7Q,1
UC95PSMouTx2N5CbSq0hIyrQ,UCW80DaMjQlEUibC98Cot-Dg,1
UCueV9cTyTDwgQSec1x2dYgA,UCQqetiwzzmRNTM5OWuXarGQ,1
UCueV9cTyTDwgQSec1x2dYgA,UC9xr9QvIcDvoZNUX5f-jaZw,1
UCueV9cTyTDwgQSec1x2dYgA,UC-hfX8J5JPJ-dfuakzegMLA,1
UCueV9cTyTDwgQSec1x2dYgA,UCpIdtvoFHVLGASGB5ySqIEA,1
UCueV9cTyTDwgQSec1x2dYgA,UCipetjeiWj4CZB6EbyYziZg,1
UCueV9cTyTDwgQSec1x2dYgA,UCiGRBf2RNF0WRKhRVT7zFoA,1
UCueV9cTyTDwgQSec1x2dYgA,UCYwpX26TrCxq8TvbKGRYLXA,1
UCueV9cTyTDwgQSec1x2dYgA,UCDPWkUX3sNNaCx-m1dV4glA,1
UCueV9cTyTDwgQSec1x2dYgA,UC3qn1yJA5PeW9rkGPatQxiw,1
UCueV9cTyTDwgQSec1x2dYgA,UCz3gu01bmjNv0DpRq-K3XYg,1
UCueV9cTyTDwgQSec1x2dYgA,UCXr8_5WtGeipe4haOoQDgyQ,1
UCueV9cTyTDwgQSec1x2dYgA,UC8r11yOugM2NuRfitQOxLLg,1
UCueV9cTyTDwgQSec1x2dYgA,UC4wq3DcbfaG6dtCqn8Oyu3w,1
UCueV9cTyTDwgQSec1x2dYgA,UCwha8rxULYMVtNwZWeSkE1A,1
UCueV9cTyTDwgQSec1x2dYgA,UCwO2SXr0ggzwg6QWWrr01nQ,1
UCueV9cTyTDwgQSec1x2dYgA,UCL13XhnRzbGokEkCkEOb0-g,1
UCueV9cTyTDwgQSec1x2dYgA,UCUIIIPTVDVHAXqhC_5V6lPA,1
UCueV9cTyTDwgQSec1x2dYgA,UCXXh7yg5KUFIWylTiKVEFKQ,1
UCueV9cTyTDwgQSec1x2dYgA,UC9vMq1YF-e7C-VO0SHkbUTA,1
UCueV9cTyTDwgQSec1x2dYgA,UCErZPJpHmLCsXs8ZWkAUupQ,1
UCueV9cTyTDwgQSec1x2dYgA,UCQgYjVngJRfPHDLGB5X6ZjA,1
UCueV9cTyTDwgQSec1x2dYgA,UCTwSut16JyAg3mX6LVUNGqA,1
UCueV9cTyTDwgQSec1x2dYgA,UCj-LL25XJnjxepPKCc3NGog,1
UCueV9cTyTDwgQSec1x2dYgA,UCYN4wSQ1Sx4_LurxLlW7MPg,1
UCueV9cTyTDwgQSec1x2dYgA,UCsSXdJct-nsS8DsABoEsaYA,1
UCueV9cTyTDwgQSec1x2dYgA,UCOS8ViEkccrTZx2w2ccxotA,1
UCueV9cTyTDwgQSec1x2dYgA,UCwW2OFy95P7ZBkOPxWkpvYg,1
UCueV9cTyTDwgQSec1x2dYgA,UCi1b_TRQfgO1Z9O2gNGGWNA,1
UCueV9cTyTDwgQSec1x2dYgA,UC7VUuJr9cGh845CmTvf7TlQ,1
UCueV9cTyTDwgQSec1x2dYgA,UCplrIQtaPj6au60_f2-mOYw,1
UCueV9cTyTDwgQSec1x2dYgA,UCSou6a2OuYGSvPjm5psquyA,1
UCueV9cTyTDwgQSec1x2dYgA,UCsJJAvrVGupdmhOqgtDp8dg,1
UCueV9cTyTDwgQSec1x2dYgA,UCFhxtoeARHPnXXPcDrOU3Xg,1
UCueV9cTyTDwgQSec1x2dYgA,UC5H8ASmMC9WrURmzeB4ySog,1
UCueV9cTyTDwgQSec1x2dYgA,UCGzXwyCzMzGmjmCbH3Hg01Q,1
UCueV9cTyTDwgQSec1x2dYgA,UC3MYTqpQqlWBuCB7Th0e0PA,1
UCueV9cTyTDwgQSec1x2dYgA,UC3E9mAgP7VoAE5mZoAexl5g,1
UCueV9cTyTDwgQSec1x2dYgA,UCB5p8a5gklc80jJItP6xTHg,1
UCueV9cTyTDwgQSec1x2dYgA,UCcfdg8crmMJwEuLUsAhV7yg,1
UCueV9cTyTDwgQSec1x2dYgA,UCQtICyzWmhC5woCtbNgaSmg,1
UCueV9cTyTDwgQSec1x2dYgA,UCLFdHr9BEbXHkoJopbEPLZw,1
UCueV9cTyTDwgQSec1x2dYgA,UCQtSFINs1h6GHkpg9o5kMvg,1
UCueV9cTyTDwgQSec1x2dYgA,UCfM3nrxtTQMY5jFx1v1J4Gg,1
UCueV9cTyTDwgQSec1x2dYgA,UCV0iizTBoOfdAFX_thfI9BA,1
UCueV9cTyTDwgQSec1x2dYgA,UCFoIAE8k82D6AV-8gjjKaNg,1
UCueV9cTyTDwgQSec1x2dYgA,UCkd9W714-947dEE6ZOEBATA,1
UCueV9cTyTDwgQSec1x2dYgA,UCA93ym2TXs_Ibyxb4Vcn-6Q,1
UCueV9cTyTDwgQSec1x2dYgA,UCHhHUjaMAZ8SiXdCUCj9DkQ,1
UCueV9cTyTDwgQSec1x2dYgA,UCFxE8GbokBrBsPEKM1xrOjQ,1
UCueV9cTyTDwgQSec1x2dYgA,UC8F2V63KZ4ZEay6opX2hAQw,1
UCueV9cTyTDwgQSec1x2dYgA,UC8G5cJONY8L9voMyBW8Eoug,1
UCueV9cTyTDwgQSec1x2dYgA,UC3XTwHxygNCgjndsg-UiCQA,1
UCueV9cTyTDwgQSec1x2dYgA,UCTD6q1nyIe3Y7HhqjaMj72w,1
UCueV9cTyTDwgQSec1x2dYgA,UC72gBAtyb_VXQlYDcFrh6oQ,1
UCueV9cTyTDwgQSec1x2dYgA,UC2Y_EHWQKevubk4vOEBBFxw,1
UCueV9cTyTDwgQSec1x2dYgA,UChgkn5Jt5tWKYMoEOuCjz3Q,1
UCueV9cTyTDwgQSec1x2dYgA,UCTP3O0rMnc8z8v8jaDQwL0w,1
UCueV9cTyTDwgQSec1x2dYgA,UCAmtbUiIrUIhikru0ZoTFig,1
UCueV9cTyTDwgQSec1x2dYgA,UCRlCV9zSn7avAWh-9_XFWqQ,1
UCueV9cTyTDwgQSec1x2dYgA,UCpl8rF8uv_8uui-QRvuJaRA,1
UCueV9cTyTDwgQSec1x2dYgA,UCsUCN0Yq_UyTvKjOJLmNrnQ,1
UCueV9cTyTDwgQSec1x2dYgA,UCjSKM9j0Q7HLDr1hD6D-TUw,1
UCueV9cTyTDwgQSec1x2dYgA,UChep9kVb5gQmpodEEl10Xlg,1
UCueV9cTyTDwgQSec1x2dYgA,UC-pNP6RMFuLg_-x7Ah_0kEA,1
UCueV9cTyTDwgQSec1x2dYgA,UCDftMWXQoJ6nONfY7GVOVjg,1
UCueV9cTyTDwgQSec1x2dYgA,UCEgEQmRbtL5fwr9_DqAC--g,1
UCueV9cTyTDwgQSec1x2dYgA,UCDQaQv0hr2SS_PO-CMEwVHg,1
UCueV9cTyTDwgQSec1x2dYgA,UCtNfIBnc5S5DbbQj_yxgJTw,1
UCueV9cTyTDwgQSec1x2dYgA,UCvApqeCbLod-wejtT4CcVuA,1
UCueV9cTyTDwgQSec1x2dYgA,UCrJn_rbo_ENAdeqneS-RmRw,1
UCueV9cTyTDwgQSec1x2dYgA,UCTylKrsqkrBKIqubMu_5N0Q,1
UCueV9cTyTDwgQSec1x2dYgA,UCFjudnPLoaSL1BaRuLahyHg,1
UCueV9cTyTDwgQSec1x2dYgA,UCThW2XNsAaBKme5PUt7n-Zg,1
UCueV9cTyTDwgQSec1x2dYgA,UCmjppp6ujz3SAnULvP3sZMw,1
UCueV9cTyTDwgQSec1x2dYgA,UCjmPuazZJzscrwvk0QR9RVw,1
UCueV9cTyTDwgQSec1x2dYgA,UCr1emrogPKkKTs_WTtx71xg,1
UCueV9cTyTDwgQSec1x2dYgA,UCzSfZlOVxBSs5ObD25ywxDQ,1
UCueV9cTyTDwgQSec1x2dYgA,UCujPF2nBgsTD62nWE3lcpIg,1
UCueV9cTyTDwgQSec1x2dYgA,UC4cXueR2bKGFJV0Fk76gwmA,1
UCueV9cTyTDwgQSec1x2dYgA,UCL1MT278vSaQ83ZDkVWn1gw,1
UCueV9cTyTDwgQSec1x2dYgA,UCRETAiYdh2dL5ZxB0_N1zDA,1
UCueV9cTyTDwgQSec1x2dYgA,UCtUR3_CAiE7fCoZHM6cMfyQ,1
UCueV9cTyTDwgQSec1x2dYgA,UCylqlpsh8ENNM1LqgQ1KbxA,1
UCueV9cTyTDwgQSec1x2dYgA,UC6YSZqL0vEcI-niPKIMUGfw,1
UCueV9cTyTDwgQSec1x2dYgA,UC3NMzdMYryaw82kPTnsaljg,1
UCueV9cTyTDwgQSec1x2dYgA,UCsjs5Hp_r86x1xbK6FAeqaA,1
UCueV9cTyTDwgQSec1x2dYgA,UCp4iw5_5SmV9VGTFSNVGOmQ,1
UCueV9cTyTDwgQSec1x2dYgA,UCKDR0f2fu2UzWL8mBv5-BHw,1
UCueV9cTyTDwgQSec1x2dYgA,UCFUuDARXdmmIrLppEqf-rFg,1
UCueV9cTyTDwgQSec1x2dYgA,UC5bG9nc_JV3FsNP2KseQiYw,1
UCueV9cTyTDwgQSec1x2dYgA,UC1vr9aaMI2crB0NvwFHUeoQ,1
UCueV9cTyTDwgQSec1x2dYgA,UCLggDc_a5HriXv7I1h02sOA,1
UCueV9cTyTDwgQSec1x2dYgA,UCDUffaruH6dyUnUGwsTKpgg,1
UCueV9cTyTDwgQSec1x2dYgA,UCDlr1VadSucIZgZ171pRBjQ,1
UCueV9cTyTDwgQSec1x2dYgA,UCySYJU5kUh7X8gVt9la2ISA,1
UCueV9cTyTDwgQSec1x2dYgA,UCHTGCgY2l-DQJIvlA_cpa_Q,1
UCueV9cTyTDwgQSec1x2dYgA,UCNkcuy42zEwddwEcOd_HpnA,1
UCueV9cTyTDwgQSec1x2dYgA,UC2weSE8rpqkGMOp6StYtVfg,1
UCueV9cTyTDwgQSec1x2dYgA,UCpsKOkt5iWTbenzeuq7dsmQ,1
UCueV9cTyTDwgQSec1x2dYgA,UCgvw7xIdGFupzpt1Y_BFkEA,1
UCueV9cTyTDwgQSec1x2dYgA,UC650pRT-OYzny3GwOH8Cgfw,1
UCueV9cTyTDwgQSec1x2dYgA,UCl0ekS9Tt0jJGtOEM18S63w,1
UCueV9cTyTDwgQSec1x2dYgA,UCiMythXHsw7eQEMykCdmMUA,1
UCueV9cTyTDwgQSec1x2dYgA,UCljDbleJul41G1TzOjOZAVA,1
UCueV9cTyTDwgQSec1x2dYgA,UCAlzM_N6xBlMYmM8EBzX86Q,1
UCueV9cTyTDwgQSec1x2dYgA,UChZknRmJkeGeQk0-mQuhDOg,1
UCueV9cTyTDwgQSec1x2dYgA,UCmvOgzmmXbjUthHy-WJ52hQ,1
UCueV9cTyTDwgQSec1x2dYgA,UCNBnKqWf4d-rS4HwJRQljmQ,1
UCueV9cTyTDwgQSec1x2dYgA,UCOh6DaZC_x9HASnlRylEMfw,1
UCueV9cTyTDwgQSec1x2dYgA,UC-jS_kA9w-OmpupXDx156Rg,1
UCueV9cTyTDwgQSec1x2dYgA,UCCaYwkkbQGcvFoUmothVdQQ,1
UCueV9cTyTDwgQSec1x2dYgA,UCXgr7vXlRrsaskPdo097kGA,1
UC5H8ASmMC9WrURmzeB4ySog,UCQqetiwzzmRNTM5OWuXarGQ,1
UC5H8ASmMC9WrURmzeB4ySog,UC9xr9QvIcDvoZNUX5f-jaZw,1
UC5H8ASmMC9WrURmzeB4ySog,UC-hfX8J5JPJ-dfuakzegMLA,1
UC5H8ASmMC9WrURmzeB4ySog,UCpIdtvoFHVLGASGB5ySqIEA,1
UC5H8ASmMC9WrURmzeB4ySog,UCipetjeiWj4CZB6EbyYziZg,1
UC5H8ASmMC9WrURmzeB4ySog,UCiGRBf2RNF0WRKhRVT7zFoA,1
UC5H8ASmMC9WrURmzeB4ySog,UCYwpX26TrCxq8TvbKGRYLXA,1
UC5H8ASmMC9WrURmzeB4ySog,UCDPWkUX3sNNaCx-m1dV4glA,1
UC5H8ASmMC9WrURmzeB4ySog,UC3qn1yJA5PeW9rkGPatQxiw,1
UC5H8ASmMC9WrURmzeB4ySog,UCz3gu01bmjNv0DpRq-K3XYg,1
UC5H8ASmMC9WrURmzeB4ySog,UCXr8_5WtGeipe4haOoQDgyQ,1
UC5H8ASmMC9WrURmzeB4ySog,UC8r11yOugM2NuRfitQOxLLg,1
UC5H8ASmMC9WrURmzeB4ySog,UC4wq3DcbfaG6dtCqn8Oyu3w,1
UC5H8ASmMC9WrURmzeB4ySog,UCwha8rxULYMVtNwZWeSkE1A,1
UC5H8ASmMC9WrURmzeB4ySog,UCwO2SXr0ggzwg6QWWrr01nQ,1
UC5H8ASmMC9WrURmzeB4ySog,UCL13XhnRzbGokEkCkEOb0-g,1
UC5H8ASmMC9WrURmzeB4ySog,UCUIIIPTVDVHAXqhC_5V6lPA,1
UC5H8ASmMC9WrURmzeB4ySog,UCXXh7yg5KUFIWylTiKVEFKQ,1
UC5H8ASmMC9WrURmzeB4ySog,UC9vMq1YF-e7C-VO0SHkbUTA,1
UC5H8ASmMC9WrURmzeB4ySog,UCErZPJpHmLCsXs8ZWkAUupQ,1
UC5H8ASmMC9WrURmzeB4ySog,UCQgYjVngJRfPHDLGB5X6ZjA,1
UC5H8ASmMC9WrURmzeB4ySog,UCTwSut16JyAg3mX6LVUNGqA,1
UC5H8ASmMC9WrURmzeB4ySog,UCj-LL25XJnjxepPKCc3NGog,1
UC5H8ASmMC9WrURmzeB4ySog,UCYN4wSQ1Sx4_LurxLlW7MPg,1
UC5H8ASmMC9WrURmzeB4ySog,UCsSXdJct-nsS8DsABoEsaYA,1
UC5H8ASmMC9WrURmzeB4ySog,UCOS8ViEkccrTZx2w2ccxotA,1
UC5H8ASmMC9WrURmzeB4ySog,UCwW2OFy95P7ZBkOPxWkpvYg,1
UC5H8ASmMC9WrURmzeB4ySog,UCi1b_TRQfgO1Z9O2gNGGWNA,1
UC5H8ASmMC9WrURmzeB4ySog,UC7VUuJr9cGh845CmTvf7TlQ,1
UC5H8ASmMC9WrURmzeB4ySog,UCplrIQtaPj6au60_f2-mOYw,1
UC5H8ASmMC9WrURmzeB4ySog,UCSou6a2OuYGSvPjm5psquyA,1
UC5H8ASmMC9WrURmzeB4ySog,UCsJJAvrVGupdmhOqgtDp8dg,1
UC5H8ASmMC9WrURmzeB4ySog,UCFhxtoeARHPnXXPcDrOU3Xg,1
UC5H8ASmMC9WrURmzeB4ySog,UCGzXwyCzMzGmjmCbH3Hg01Q,1
UC5H8ASmMC9WrURmzeB4ySog,UC3MYTqpQqlWBuCB7Th0e0PA,1
UC5H8ASmMC9WrURmzeB4ySog,UC3E9mAgP7VoAE5mZoAexl5g,1
UC5H8ASmMC9WrURmzeB4ySog,UCB5p8a5gklc80jJItP6xTHg,1
UC5H8ASmMC9WrURmzeB4ySog,UCcfdg8crmMJwEuLUsAhV7yg,1
UC5H8ASmMC9WrURmzeB4ySog,UCQtICyzWmhC5woCtbNgaSmg,1
UC5H8ASmMC9WrURmzeB4ySog,UCLFdHr9BEbXHkoJopbEPLZw,1
UC5H8ASmMC9WrURmzeB4ySog,UCQtSFINs1h6GHkpg9o5kMvg,1
UC5H8ASmMC9WrURmzeB4ySog,UCfM3nrxtTQMY5jFx1v1J4Gg,1
UC5H8ASmMC9WrURmzeB4ySog,UCV0iizTBoOfdAFX_thfI9BA,1
UC5H8ASmMC9WrURmzeB4ySog,UCFoIAE8k82D6AV-8gjjKaNg,1
UC5H8ASmMC9WrURmzeB4ySog,UCkd9W714-947dEE6ZOEBATA,1
UC5H8ASmMC9WrURmzeB4ySog,UCA93ym2TXs_Ibyxb4Vcn-6Q,1
UC5H8ASmMC9WrURmzeB4ySog,UCHhHUjaMAZ8SiXdCUCj9DkQ,1
UC5H8ASmMC9WrURmzeB4ySog,UCFxE8GbokBrBsPEKM1xrOjQ,1
UC5H8ASmMC9WrURmzeB4ySog,UC8F2V63KZ4ZEay6opX2hAQw,1
UC5H8ASmMC9WrURmzeB4ySog,UC8G5cJONY8L9voMyBW8Eoug,1
UC5H8ASmMC9WrURmzeB4ySog,UC3XTwHxygNCgjndsg-UiCQA,1
UC5H8ASmMC9WrURmzeB4ySog,UCTD6q1nyIe3Y7HhqjaMj72w,1
UC5H8ASmMC9WrURmzeB4ySog,UC72gBAtyb_VXQlYDcFrh6oQ,1
UC5H8ASmMC9WrURmzeB4ySog,UC2Y_EHWQKevubk4vOEBBFxw,1
UC5H8ASmMC9WrURmzeB4ySog,UChgkn5Jt5tWKYMoEOuCjz3Q,1
UC5H8ASmMC9WrURmzeB4ySog,UCTP3O0rMnc8z8v8jaDQwL0w,1
UC5H8ASmMC9WrURmzeB4ySog,UCAmtbUiIrUIhikru0ZoTFig,1
UC5H8ASmMC9WrURmzeB4ySog,UCRlCV9zSn7avAWh-9_XFWqQ,1
UC5H8ASmMC9WrURmzeB4ySog,UCpl8rF8uv_8uui-QRvuJaRA,1
UC5H8ASmMC9WrURmzeB4ySog,UCsUCN0Yq_UyTvKjOJLmNrnQ,1
UC5H8ASmMC9WrURmzeB4ySog,UCjSKM9j0Q7HLDr1hD6D-TUw,1
UC5H8ASmMC9WrURmzeB4ySog,UChep9kVb5gQmpodEEl10Xlg,1
UC5H8ASmMC9WrURmzeB4ySog,UC-pNP6RMFuLg_-x7Ah_0kEA,1
UC5H8ASmMC9WrURmzeB4ySog,UCDftMWXQoJ6nONfY7GVOVjg,1
UC5H8ASmMC9WrURmzeB4ySog,UCEgEQmRbtL5fwr9_DqAC--g,1
UC5H8ASmMC9WrURmzeB4ySog,UCDQaQv0hr2SS_PO-CMEwVHg,1
UC5H8ASmMC9WrURmzeB4ySog,UCtNfIBnc5S5DbbQj_yxgJTw,1
UC5H8ASmMC9WrURmzeB4ySog,UCvApqeCbLod-wejtT4CcVuA,1
UC5H8ASmMC9WrURmzeB4ySog,UCrJn_rbo_ENAdeqneS-RmRw,1
UC5H8ASmMC9WrURmzeB4ySog,UCTylKrsqkrBKIqubMu_5N0Q,1
UC5H8ASmMC9WrURmzeB4ySog,UCFjudnPLoaSL1BaRuLahyHg,1
UC5H8ASmMC9WrURmzeB4ySog,UCThW2XNsAaBKme5PUt7n-Zg,1
UC5H8ASmMC9WrURmzeB4ySog,UCmjppp6ujz3SAnULvP3sZMw,1
UC5H8ASmMC9WrURmzeB4ySog,UCjmPuazZJzscrwvk0QR9RVw,1
UC5H8ASmMC9WrURmzeB4ySog,UCr1emrogPKkKTs_WTtx71xg,1
UC5H8ASmMC9WrURmzeB4ySog,UCzSfZlOVxBSs5ObD25ywxDQ,1
UC5H8ASmMC9WrURmzeB4ySog,UCujPF2nBgsTD62nWE3lcpIg,1
UC5H8ASmMC9WrURmzeB4ySog,UC4cXueR2bKGFJV0Fk76gwmA,1
UC5H8ASmMC9WrURmzeB4ySog,UCL1MT278vSaQ83ZDkVWn1gw,1
UC5H8ASmMC9WrURmzeB4ySog,UCRETAiYdh2dL5ZxB0_N1zDA,1
UC5H8ASmMC9WrURmzeB4ySog,UCtUR3_CAiE7fCoZHM6cMfyQ,1
UC5H8ASmMC9WrURmzeB4ySog,UCylqlpsh8ENNM1LqgQ1KbxA,1
UC5H8ASmMC9WrURmzeB4ySog,UC6YSZqL0vEcI-niPKIMUGfw,1
UC5H8ASmMC9WrURmzeB4ySog,UC3NMzdMYryaw82kPTnsaljg,1
UC5H8ASmMC9WrURmzeB4ySog,UCsjs5Hp_r86x1xbK6FAeqaA,1
UC5H8ASmMC9WrURmzeB4ySog,UCp4iw5_5SmV9VGTFSNVGOmQ,1
UC5H8ASmMC9WrURmzeB4ySog,UCKDR0f2fu2UzWL8mBv5-BHw,1
UC5H8ASmMC9WrURmzeB4ySog,UCFUuDARXdmmIrLppEqf-rFg,1
UC5H8ASmMC9WrURmzeB4ySog,UC5bG9nc_JV3FsNP2KseQiYw,1
UC5H8ASmMC9WrURmzeB4ySog,UC1vr9aaMI2crB0NvwFHUeoQ,1
UC5H8ASmMC9WrURmzeB4ySog,UCLggDc_a5HriXv7I1h02sOA,1
UC5H8ASmMC9WrURmzeB4ySog,UCDUffaruH6dyUnUGwsTKpgg,1
UC5H8ASmMC9WrURmzeB4ySog,UCDlr1VadSucIZgZ171pRBjQ,1
UC5H8ASmMC9WrURmzeB4ySog,UCySYJU5kUh7X8gVt9la2ISA,1
UC5H8ASmMC9WrURmzeB4ySog,UCHTGCgY2l-DQJIvlA_cpa_Q,1
UC5H8ASmMC9WrURmzeB4ySog,UCNkcuy42zEwddwEcOd_HpnA,1
UC5H8ASmMC9WrURmzeB4ySog,UC2weSE8rpqkGMOp6StYtVfg,1
UC5H8ASmMC9WrURmzeB4ySog,UCpsKOkt5iWTbenzeuq7dsmQ,1
UC5H8ASmMC9WrURmzeB4ySog,UCgvw7xIdGFupzpt1Y_BFkEA,1
UC5H8ASmMC9WrURmzeB4ySog,UC650pRT-OYzny3GwOH8Cgfw,1
UC5H8ASmMC9WrURmzeB4ySog,UCl0ekS9Tt0jJGtOEM18S63w,1
UC5H8ASmMC9WrURmzeB4ySog,UCiMythXHsw7eQEMykCdmMUA,1
UC5H8ASmMC9WrURmzeB4ySog,UCljDbleJul41G1TzOjOZAVA,1
UC5H8ASmMC9WrURmzeB4ySog,UCAlzM_N6xBlMYmM8EBzX86Q,1
UC5H8ASmMC9WrURmzeB4ySog,UChZknRmJkeGeQk0-mQuhDOg,1
UC5H8ASmMC9WrURmzeB4ySog,UCmvOgzmmXbjUthHy-WJ52hQ,1
UC5H8ASmMC9WrURmzeB4ySog,UCNBnKqWf4d-rS4HwJRQljmQ,1
UC5H8ASmMC9WrURmzeB4ySog,UCOh6DaZC_x9HASnlRylEMfw,1
UC5H8ASmMC9WrURmzeB4ySog,UC-jS_kA9w-OmpupXDx156Rg,1
UC5H8ASmMC9WrURmzeB4ySog,UCCaYwkkbQGcvFoUmothVdQQ,1
UC5H8ASmMC9WrURmzeB4ySog,UCXgr7vXlRrsaskPdo097kGA,1
UCHhHUjaMAZ8SiXdCUCj9DkQ,UCQqetiwzzmRNTM5OWuXarGQ,1
UCHhHUjaMAZ8SiXdCUCj9DkQ,UC9xr9QvIcDvoZNUX5f-jaZw,1
UCHhHUjaMAZ8SiXdCUCj9DkQ,UC-hfX8J5JPJ-dfuakzegMLA,1
UCHhHUjaMAZ8SiXdCUCj9DkQ,UCpIdtvoFHVLGASGB5ySqIEA,1
UCHhHUjaMAZ8SiXdCUCj9DkQ,UCipetjeiWj4CZB6EbyYziZg,1
UCHhHUjaMAZ8SiXdCUCj9DkQ,UCiGRBf2RNF0WRKhRVT7zFoA,1
UCHhHUjaMAZ8SiXdCUCj9DkQ,UCYwpX26TrCxq8TvbKGRYLXA,1
UCHhHUjaMAZ8SiXdCUCj9DkQ,UCDPWkUX3sNNaCx-m1dV4glA,1
UCHhHUjaMAZ8SiXdCUCj9DkQ,UC3qn1yJA5PeW9rkGPatQxiw,1
UCHhHUjaMAZ8SiXdCUCj9DkQ,UCz3gu01bmjNv0DpRq-K3XYg,1
UCHhHUjaMAZ8SiXdCUCj9DkQ,UCXr8_5WtGeipe4haOoQDgyQ,1
UCHhHUjaMAZ8SiXdCUCj9DkQ,UC8r11yOugM2NuRfitQOxLLg,1
UCHhHUjaMAZ8SiXdCUCj9DkQ,UC4wq3DcbfaG6dtCqn8Oyu3w,1
UCHhHUjaMAZ8SiXdCUCj9DkQ,UCwha8rxULYMVtNwZWeSkE1A,1
UCHhHUjaMAZ8SiXdCUCj9DkQ,UCwO2SXr0ggzwg6QWWrr01nQ,1
UCHhHUjaMAZ8SiXdCUCj9DkQ,UCL13XhnRzbGokEkCkEOb0-g,1
UCHhHUjaMAZ8SiXdCUCj9DkQ,UCUIIIPTVDVHAXqhC_5V6lPA,1
UCHhHUjaMAZ8SiXdCUCj9DkQ,UCXXh7yg5KUFIWylTiKVEFKQ,1
UCHhHUjaMAZ8SiXdCUCj9DkQ,UC9vMq1YF-e7C-VO0SHkbUTA,1
UCHhHUjaMAZ8SiXdCUCj9DkQ,UCErZPJpHmLCsXs8ZWkAUupQ,1
UCHhHUjaMAZ8SiXdCUCj9DkQ,UCQgYjVngJRfPHDLGB5X6ZjA,1
UCHhHUjaMAZ8SiXdCUCj9DkQ,UCTwSut16JyAg3mX6LVUNGqA,1
UCHhHUjaMAZ8SiXdCUCj9DkQ,UCj-LL25XJnjxepPKCc3NGog,1
UCHhHUjaMAZ8SiXdCUCj9DkQ,UCYN4wSQ1Sx4_LurxLlW7MPg,1
UCHhHUjaMAZ8SiXdCUCj9DkQ,UCsSXdJct-nsS8DsABoEsaYA,1
UCHhHUjaMAZ8SiXdCUCj9DkQ,UCOS8ViEkccrTZx2w2ccxotA,1
UCHhHUjaMAZ8SiXdCUCj9DkQ,UCwW2OFy95P7ZBkOPxWkpvYg,1
UCHhHUjaMAZ8SiXdCUCj9DkQ,UCi1b_TRQfgO1Z9O2gNGGWNA,1
UCHhHUjaMAZ8SiXdCUCj9DkQ,UC7VUuJr9cGh845CmTvf7TlQ,1
UCHhHUjaMAZ8SiXdCUCj9DkQ,UCplrIQtaPj6au60_f2-mOYw,1
UCHhHUjaMAZ8SiXdCUCj9DkQ,UCSou6a2OuYGSvPjm5psquyA,1
UCHhHUjaMAZ8SiXdCUCj9DkQ,UCsJJAvrVGupdmhOqgtDp8dg,1
UCHhHUjaMAZ8SiXdCUCj9DkQ,UCFhxtoeARHPnXXPcDrOU3Xg,1
UCHhHUjaMAZ8SiXdCUCj9DkQ,UCGzXwyCzMzGmjmCbH3Hg01Q,1
UCHhHUjaMAZ8SiXdCUCj9DkQ,UC3MYTqpQqlWBuCB7Th0e0PA,1
UCHhHUjaMAZ8SiXdCUCj9DkQ,UC3E9mAgP7VoAE5mZoAexl5g,1
UCHhHUjaMAZ8SiXdCUCj9DkQ,UCB5p8a5gklc80jJItP6xTHg,1
UCHhHUjaMAZ8SiXdCUCj9DkQ,UCcfdg8crmMJwEuLUsAhV7yg,1
UCHhHUjaMAZ8SiXdCUCj9DkQ,UCQtICyzWmhC5woCtbNgaSmg,1
UCHhHUjaMAZ8SiXdCUCj9DkQ,UCLFdHr9BEbXHkoJopbEPLZw,1
UCHhHUjaMAZ8SiXdCUCj9DkQ,UCQtSFINs1h6GHkpg9o5kMvg,1
UCHhHUjaMAZ8SiXdCUCj9DkQ,UCfM3nrxtTQMY5jFx1v1J4Gg,1
UCHhHUjaMAZ8SiXdCUCj9DkQ,UCV0iizTBoOfdAFX_thfI9BA,1
UCHhHUjaMAZ8SiXdCUCj9DkQ,UCFoIAE8k82D6AV-8gjjKaNg,1
UCHhHUjaMAZ8SiXdCUCj9DkQ,UCkd9W714-947dEE6ZOEBATA,1
UCHhHUjaMAZ8SiXdCUCj9DkQ,UCA93ym2TXs_Ibyxb4Vcn-6Q,1
UCHhHUjaMAZ8SiXdCUCj9DkQ,UCFxE8GbokBrBsPEKM1xrOjQ,1
UCHhHUjaMAZ8SiXdCUCj9DkQ,UC8F2V63KZ4ZEay6opX2hAQw,1
UCHhHUjaMAZ8SiXdCUCj9DkQ,UC8G5cJONY8L9voMyBW8Eoug,1
UCHhHUjaMAZ8SiXdCUCj9DkQ,UC3XTwHxygNCgjndsg-UiCQA,1
UCHhHUjaMAZ8SiXdCUCj9DkQ,UCTD6q1nyIe3Y7HhqjaMj72w,1
UCHhHUjaMAZ8SiXdCUCj9DkQ,UC72gBAtyb_VXQlYDcFrh6oQ,1
UCHhHUjaMAZ8SiXdCUCj9DkQ,UC2Y_EHWQKevubk4vOEBBFxw,1
UCHhHUjaMAZ8SiXdCUCj9DkQ,UChgkn5Jt5tWKYMoEOuCjz3Q,1
UCHhHUjaMAZ8SiXdCUCj9DkQ,UCTP3O0rMnc8z8v8jaDQwL0w,1
UCHhHUjaMAZ8SiXdCUCj9DkQ,UCAmtbUiIrUIhikru0ZoTFig,1
UCHhHUjaMAZ8SiXdCUCj9DkQ,UCRlCV9zSn7avAWh-9_XFWqQ,1
UCHhHUjaMAZ8SiXdCUCj9DkQ,UCpl8rF8uv_8uui-QRvuJaRA,1
UCHhHUjaMAZ8SiXdCUCj9DkQ,UCsUCN0Yq_UyTvKjOJLmNrnQ,1
UCHhHUjaMAZ8SiXdCUCj9DkQ,UCjSKM9j0Q7HLDr1hD6D-TUw,1
UCHhHUjaMAZ8SiXdCUCj9DkQ,UChep9kVb5gQmpodEEl10Xlg,1
UCHhHUjaMAZ8SiXdCUCj9DkQ,UC-pNP6RMFuLg_-x7Ah_0kEA,1
UCHhHUjaMAZ8SiXdCUCj9DkQ,UCDftMWXQoJ6nONfY7GVOVjg,1
UCHhHUjaMAZ8SiXdCUCj9DkQ,UCEgEQmRbtL5fwr9_DqAC--g,1
UCHhHUjaMAZ8SiXdCUCj9DkQ,UCDQaQv0hr2SS_PO-CMEwVHg,1
UCHhHUjaMAZ8SiXdCUCj9DkQ,UCtNfIBnc5S5DbbQj_yxgJTw,1
UCHhHUjaMAZ8SiXdCUCj9DkQ,UCvApqeCbLod-wejtT4CcVuA,1
UCHhHUjaMAZ8SiXdCUCj9DkQ,UCrJn_rbo_ENAdeqneS-RmRw,1
UCHhHUjaMAZ8SiXdCUCj9DkQ,UCTylKrsqkrBKIqubMu_5N0Q,1
UCHhHUjaMAZ8SiXdCUCj9DkQ,UCFjudnPLoaSL1BaRuLahyHg,1
UCHhHUjaMAZ8SiXdCUCj9DkQ,UCThW2XNsAaBKme5PUt7n-Zg,1
UCHhHUjaMAZ8SiXdCUCj9DkQ,UCmjppp6ujz3SAnULvP3sZMw,1
UCHhHUjaMAZ8SiXdCUCj9DkQ,UCjmPuazZJzscrwvk0QR9RVw,1
UCHhHUjaMAZ8SiXdCUCj9DkQ,UCr1emrogPKkKTs_WTtx71xg,1
UCHhHUjaMAZ8SiXdCUCj9DkQ,UCzSfZlOVxBSs5ObD25ywxDQ,1
UCHhHUjaMAZ8SiXdCUCj9DkQ,UCujPF2nBgsTD62nWE3lcpIg,1
UCHhHUjaMAZ8SiXdCUCj9DkQ,UC4cXueR2bKGFJV0Fk76gwmA,1
UCHhHUjaMAZ8SiXdCUCj9DkQ,UCL1MT278vSaQ83ZDkVWn1gw,1
UCHhHUjaMAZ8SiXdCUCj9DkQ,UCRETAiYdh2dL5ZxB0_N1zDA,1
UCHhHUjaMAZ8SiXdCUCj9DkQ,UCtUR3_CAiE7fCoZHM6cMfyQ,1
UCHhHUjaMAZ8SiXdCUCj9DkQ,UCylqlpsh8ENNM1LqgQ1KbxA,1
UCHhHUjaMAZ8SiXdCUCj9DkQ,UC6YSZqL0vEcI-niPKIMUGfw,1
UCHhHUjaMAZ8SiXdCUCj9DkQ,UC3NMzdMYryaw82kPTnsaljg,1
UCHhHUjaMAZ8SiXdCUCj9DkQ,UCsjs5Hp_r86x1xbK6FAeqaA,1
UCHhHUjaMAZ8SiXdCUCj9DkQ,UCp4iw5_5SmV9VGTFSNVGOmQ,1
UCHhHUjaMAZ8SiXdCUCj9DkQ,UCKDR0f2fu2UzWL8mBv5-BHw,1
UCHhHUjaMAZ8SiXdCUCj9DkQ,UCFUuDARXdmmIrLppEqf-rFg,1
UCHhHUjaMAZ8SiXdCUCj9DkQ,UC5bG9nc_JV3FsNP2KseQiYw,1
UCHhHUjaMAZ8SiXdCUCj9DkQ,UC1vr9aaMI2crB0NvwFHUeoQ,1
UCHhHUjaMAZ8SiXdCUCj9DkQ,UCLggDc_a5HriXv7I1h02sOA,1
UCHhHUjaMAZ8SiXdCUCj9DkQ,UCDUffaruH6dyUnUGwsTKpgg,1
UCHhHUjaMAZ8SiXdCUCj9DkQ,UCDlr1VadSucIZgZ171pRBjQ,1
UCHhHUjaMAZ8SiXdCUCj9DkQ,UCySYJU5kUh7X8gVt9la2ISA,1
UCHhHUjaMAZ8SiXdCUCj9DkQ,UCHTGCgY2l-DQJIvlA_cpa_Q,1
UCHhHUjaMAZ8SiXdCUCj9DkQ,UCNkcuy42zEwddwEcOd_HpnA,1
UCHhHUjaMAZ8SiXdCUCj9DkQ,UC2weSE8rpqkGMOp6StYtVfg,1
UCHhHUjaMAZ8SiXdCUCj9DkQ,UCpsKOkt5iWTbenzeuq7dsmQ,1
UCHhHUjaMAZ8SiXdCUCj9DkQ,UCgvw7xIdGFupzpt1Y_BFkEA,1
UCHhHUjaMAZ8SiXdCUCj9DkQ,UC650pRT-OYzny3GwOH8Cgfw,1
UCHhHUjaMAZ8SiXdCUCj9DkQ,UCl0ekS9Tt0jJGtOEM18S63w,1
UCHhHUjaMAZ8SiXdCUCj9DkQ,UCiMythXHsw7eQEMykCdmMUA,1
UCHhHUjaMAZ8SiXdCUCj9DkQ,UCljDbleJul41G1TzOjOZAVA,1
UCHhHUjaMAZ8SiXdCUCj9DkQ,UCAlzM_N6xBlMYmM8EBzX86Q,1
UCHhHUjaMAZ8SiXdCUCj9DkQ,UChZknRmJkeGeQk0-mQuhDOg,1
UCHhHUjaMAZ8SiXdCUCj9DkQ,UCmvOgzmmXbjUthHy-WJ52hQ,1
UCHhHUjaMAZ8SiXdCUCj9DkQ,UCNBnKqWf4d-rS4HwJRQljmQ,1
UCHhHUjaMAZ8SiXdCUCj9DkQ,UCOh6DaZC_x9HASnlRylEMfw,1
UCHhHUjaMAZ8SiXdCUCj9DkQ,UC-jS_kA9w-OmpupXDx156Rg,1
UCHhHUjaMAZ8SiXdCUCj9DkQ,UCCaYwkkbQGcvFoUmothVdQQ,1
UCHhHUjaMAZ8SiXdCUCj9DkQ,UCXgr7vXlRrsaskPdo097kGA,1
UCgvw7xIdGFupzpt1Y_BFkEA,UCQqetiwzzmRNTM5OWuXarGQ,1
UCgvw7xIdGFupzpt1Y_BFkEA,UC9xr9QvIcDvoZNUX5f-jaZw,1
UCgvw7xIdGFupzpt1Y_BFkEA,UC-hfX8J5JPJ-dfuakzegMLA,1
UCgvw7xIdGFupzpt1Y_BFkEA,UCpIdtvoFHVLGASGB5ySqIEA,1
UCgvw7xIdGFupzpt1Y_BFkEA,UCipetjeiWj4CZB6EbyYziZg,1
UCgvw7xIdGFupzpt1Y_BFkEA,UCiGRBf2RNF0WRKhRVT7zFoA,1
UCgvw7xIdGFupzpt1Y_BFkEA,UCYwpX26TrCxq8TvbKGRYLXA,1
UCgvw7xIdGFupzpt1Y_BFkEA,UCDPWkUX3sNNaCx-m1dV4glA,1
UCgvw7xIdGFupzpt1Y_BFkEA,UC3qn1yJA5PeW9rkGPatQxiw,1
UCgvw7xIdGFupzpt1Y_BFkEA,UCz3gu01bmjNv0DpRq-K3XYg,1
UCgvw7xIdGFupzpt1Y_BFkEA,UCXr8_5WtGeipe4haOoQDgyQ,1
UCgvw7xIdGFupzpt1Y_BFkEA,UC8r11yOugM2NuRfitQOxLLg,1
UCgvw7xIdGFupzpt1Y_BFkEA,UC4wq3DcbfaG6dtCqn8Oyu3w,1
UCgvw7xIdGFupzpt1Y_BFkEA,UCwha8rxULYMVtNwZWeSkE1A,1
UCgvw7xIdGFupzpt1Y_BFkEA,UCwO2SXr0ggzwg6QWWrr01nQ,1
UCgvw7xIdGFupzpt1Y_BFkEA,UCL13XhnRzbGokEkCkEOb0-g,1
UCgvw7xIdGFupzpt1Y_BFkEA,UCUIIIPTVDVHAXqhC_5V6lPA,1
UCgvw7xIdGFupzpt1Y_BFkEA,UCXXh7yg5KUFIWylTiKVEFKQ,1
UCgvw7xIdGFupzpt1Y_BFkEA,UC9vMq1YF-e7C-VO0SHkbUTA,1
UCgvw7xIdGFupzpt1Y_BFkEA,UCErZPJpHmLCsXs8ZWkAUupQ,1
UCgvw7xIdGFupzpt1Y_BFkEA,UCQgYjVngJRfPHDLGB5X6ZjA,1
UCgvw7xIdGFupzpt1Y_BFkEA,UCTwSut16JyAg3mX6LVUNGqA,1
UCgvw7xIdGFupzpt1Y_BFkEA,UCj-LL25XJnjxepPKCc3NGog,1
UCgvw7xIdGFupzpt1Y_BFkEA,UCYN4wSQ1Sx4_LurxLlW7MPg,1
UCgvw7xIdGFupzpt1Y_BFkEA,UCsSXdJct-nsS8DsABoEsaYA,1
UCgvw7xIdGFupzpt1Y_BFkEA,UCOS8ViEkccrTZx2w2ccxotA,1
UCgvw7xIdGFupzpt1Y_BFkEA,UCwW2OFy95P7ZBkOPxWkpvYg,1
UCgvw7xIdGFupzpt1Y_BFkEA,UCi1b_TRQfgO1Z9O2gNGGWNA,1
UCgvw7xIdGFupzpt1Y_BFkEA,UC7VUuJr9cGh845CmTvf7TlQ,1
UCgvw7xIdGFupzpt1Y_BFkEA,UCplrIQtaPj6au60_f2-mOYw,1
UCgvw7xIdGFupzpt1Y_BFkEA,UCSou6a2OuYGSvPjm5psquyA,1
UCgvw7xIdGFupzpt1Y_BFkEA,UCsJJAvrVGupdmhOqgtDp8dg,1
UCgvw7xIdGFupzpt1Y_BFkEA,UCFhxtoeARHPnXXPcDrOU3Xg,1
UCgvw7xIdGFupzpt1Y_BFkEA,UCGzXwyCzMzGmjmCbH3Hg01Q,1
UCgvw7xIdGFupzpt1Y_BFkEA,UC3MYTqpQqlWBuCB7Th0e0PA,1
UCgvw7xIdGFupzpt1Y_BFkEA,UC3E9mAgP7VoAE5mZoAexl5g,1
UCgvw7xIdGFupzpt1Y_BFkEA,UCB5p8a5gklc80jJItP6xTHg,1
UCgvw7xIdGFupzpt1Y_BFkEA,UCcfdg8crmMJwEuLUsAhV7yg,1
UCgvw7xIdGFupzpt1Y_BFkEA,UCQtICyzWmhC5woCtbNgaSmg,1
UCgvw7xIdGFupzpt1Y_BFkEA,UCLFdHr9BEbXHkoJopbEPLZw,1
UCgvw7xIdGFupzpt1Y_BFkEA,UCQtSFINs1h6GHkpg9o5kMvg,1
UCgvw7xIdGFupzpt1Y_BFkEA,UCfM3nrxtTQMY5jFx1v1J4Gg,1
UCgvw7xIdGFupzpt1Y_BFkEA,UCV0iizTBoOfdAFX_thfI9BA,1
UCgvw7xIdGFupzpt1Y_BFkEA,UCFoIAE8k82D6AV-8gjjKaNg,1
UCgvw7xIdGFupzpt1Y_BFkEA,UCkd9W714-947dEE6ZOEBATA,1
UCgvw7xIdGFupzpt1Y_BFkEA,UCA93ym2TXs_Ibyxb4Vcn-6Q,1
UCgvw7xIdGFupzpt1Y_BFkEA,UCFxE8GbokBrBsPEKM1xrOjQ,1
UCgvw7xIdGFupzpt1Y_BFkEA,UC8F2V63KZ4ZEay6opX2hAQw,1
UCgvw7xIdGFupzpt1Y_BFkEA,UC8G5cJONY8L9voMyBW8Eoug,1
UCgvw7xIdGFupzpt1Y_BFkEA,UC3XTwHxygNCgjndsg-UiCQA,1
UCgvw7xIdGFupzpt1Y_BFkEA,UCTD6q1nyIe3Y7HhqjaMj72w,1
UCgvw7xIdGFupzpt1Y_BFkEA,UC72gBAtyb_VXQlYDcFrh6oQ,1
UCgvw7xIdGFupzpt1Y_BFkEA,UC2Y_EHWQKevubk4vOEBBFxw,1
UCgvw7xIdGFupzpt1Y_BFkEA,UChgkn5Jt5tWKYMoEOuCjz3Q,1
UCgvw7xIdGFupzpt1Y_BFkEA,UCTP3O0rMnc8z8v8jaDQwL0w,1
UCgvw7xIdGFupzpt1Y_BFkEA,UCAmtbUiIrUIhikru0ZoTFig,1
UCgvw7xIdGFupzpt1Y_BFkEA,UCRlCV9zSn7avAWh-9_XFWqQ,1
UCgvw7xIdGFupzpt1Y_BFkEA,UCpl8rF8uv_8uui-QRvuJaRA,1
UCgvw7xIdGFupzpt1Y_BFkEA,UCsUCN0Yq_UyTvKjOJLmNrnQ,1
UCgvw7xIdGFupzpt1Y_BFkEA,UCjSKM9j0Q7HLDr1hD6D-TUw,1
UCgvw7xIdGFupzpt1Y_BFkEA,UChep9kVb5gQmpodEEl10Xlg,1
UCgvw7xIdGFupzpt1Y_BFkEA,UC-pNP6RMFuLg_-x7Ah_0kEA,1
UCgvw7xIdGFupzpt1Y_BFkEA,UCDftMWXQoJ6nONfY7GVOVjg,1
UCgvw7xIdGFupzpt1Y_BFkEA,UCEgEQmRbtL5fwr9_DqAC--g,1
UCgvw7xIdGFupzpt1Y_BFkEA,UCDQaQv0hr2SS_PO-CMEwVHg,1
UCgvw7xIdGFupzpt1Y_BFkEA,UCtNfIBnc5S5DbbQj_yxgJTw,1
UCgvw7xIdGFupzpt1Y_BFkEA,UCvApqeCbLod-wejtT4CcVuA,1
UCgvw7xIdGFupzpt1Y_BFkEA,UCrJn_rbo_ENAdeqneS-RmRw,1
UCgvw7xIdGFupzpt1Y_BFkEA,UCTylKrsqkrBKIqubMu_5N0Q,1
UCgvw7xIdGFupzpt1Y_BFkEA,UCFjudnPLoaSL1BaRuLahyHg,1
UCgvw7xIdGFupzpt1Y_BFkEA,UCThW2XNsAaBKme5PUt7n-Zg,1
UCgvw7xIdGFupzpt1Y_BFkEA,UCmjppp6ujz3SAnULvP3sZMw,1
UCgvw7xIdGFupzpt1Y_BFkEA,UCjmPuazZJzscrwvk0QR9RVw,1
UCgvw7xIdGFupzpt1Y_BFkEA,UCr1emrogPKkKTs_WTtx71xg,1
UCgvw7xIdGFupzpt1Y_BFkEA,UCzSfZlOVxBSs5ObD25ywxDQ,1
UCgvw7xIdGFupzpt1Y_BFkEA,UCujPF2nBgsTD62nWE3lcpIg,1
UCgvw7xIdGFupzpt1Y_BFkEA,UC4cXueR2bKGFJV0Fk76gwmA,1
UCgvw7xIdGFupzpt1Y_BFkEA,UCL1MT278vSaQ83ZDkVWn1gw,1
UCgvw7xIdGFupzpt1Y_BFkEA,UCRETAiYdh2dL5ZxB0_N1zDA,1
UCgvw7xIdGFupzpt1Y_BFkEA,UCtUR3_CAiE7fCoZHM6cMfyQ,1
UCgvw7xIdGFupzpt1Y_BFkEA,UCylqlpsh8ENNM1LqgQ1KbxA,1
UCgvw7xIdGFupzpt1Y_BFkEA,UC6YSZqL0vEcI-niPKIMUGfw,1
UCgvw7xIdGFupzpt1Y_BFkEA,UC3NMzdMYryaw82kPTnsaljg,1
UCgvw7xIdGFupzpt1Y_BFkEA,UCsjs5Hp_r86x1xbK6FAeqaA,1
UCgvw7xIdGFupzpt1Y_BFkEA,UCp4iw5_5SmV9VGTFSNVGOmQ,1
UCgvw7xIdGFupzpt1Y_BFkEA,UCKDR0f2fu2UzWL8mBv5-BHw,1
UCgvw7xIdGFupzpt1Y_BFkEA,UCFUuDARXdmmIrLppEqf-rFg,1
UCgvw7xIdGFupzpt1Y_BFkEA,UC5bG9nc_JV3FsNP2KseQiYw,1
UCgvw7xIdGFupzpt1Y_BFkEA,UC1vr9aaMI2crB0NvwFHUeoQ,1
UCgvw7xIdGFupzpt1Y_BFkEA,UCLggDc_a5HriXv7I1h02sOA,1
UCgvw7xIdGFupzpt1Y_BFkEA,UCDUffaruH6dyUnUGwsTKpgg,1
UCgvw7xIdGFupzpt1Y_BFkEA,UCDlr1VadSucIZgZ171pRBjQ,1
UCgvw7xIdGFupzpt1Y_BFkEA,UCySYJU5kUh7X8gVt9la2ISA,1
UCgvw7xIdGFupzpt1Y_BFkEA,UCHTGCgY2l-DQJIvlA_cpa_Q,1
UCgvw7xIdGFupzpt1Y_BFkEA,UCNkcuy42zEwddwEcOd_HpnA,1
UCgvw7xIdGFupzpt1Y_BFkEA,UC2weSE8rpqkGMOp6StYtVfg,1
UCgvw7xIdGFupzpt1Y_BFkEA,UCpsKOkt5iWTbenzeuq7dsmQ,1
UCgvw7xIdGFupzpt1Y_BFkEA,UC650pRT-OYzny3GwOH8Cgfw,1
UCgvw7xIdGFupzpt1Y_BFkEA,UCl0ekS9Tt0jJGtOEM18S63w,1
UCgvw7xIdGFupzpt1Y_BFkEA,UCiMythXHsw7eQEMykCdmMUA,1
UCgvw7xIdGFupzpt1Y_BFkEA,UCljDbleJul41G1TzOjOZAVA,1
UCgvw7xIdGFupzpt1Y_BFkEA,UCAlzM_N6xBlMYmM8EBzX86Q,1
UCgvw7xIdGFupzpt1Y_BFkEA,UChZknRmJkeGeQk0-mQuhDOg,1
UCgvw7xIdGFupzpt1Y_BFkEA,UCmvOgzmmXbjUthHy-WJ52hQ,1
UCgvw7xIdGFupzpt1Y_BFkEA,UCNBnKqWf4d-rS4HwJRQljmQ,1
UCgvw7xIdGFupzpt1Y_BFkEA,UCOh6DaZC_x9HASnlRylEMfw,1
UCgvw7xIdGFupzpt1Y_BFkEA,UC-jS_kA9w-OmpupXDx156Rg,1
UCgvw7xIdGFupzpt1Y_BFkEA,UCCaYwkkbQGcvFoUmothVdQQ,1
UCgvw7xIdGFupzpt1Y_BFkEA,UCXgr7vXlRrsaskPdo097kGA,1
UCeDNEtI8_a42bZ47wJiJMwQ,UCpe5jW3MIqkgTJ-PgkzvM6Q,1
UCeDNEtI8_a42bZ47wJiJMwQ,UCqCrvuoJpC-aVb0f4logQRQ,1
UCeDNEtI8_a42bZ47wJiJMwQ,UCDrmf9y9nLgFY5wnA2hTuGA,1
UCeDNEtI8_a42bZ47wJiJMwQ,UC-fiZBS5Gp1eCJd9ucgWnCg,1
UCeDNEtI8_a42bZ47wJiJMwQ,UCZeIIQrGAedW8tCbKWmGY-A,1
UCeDNEtI8_a42bZ47wJiJMwQ,UCCBYcToQ2dwkd6TJh0FSyDg,1
UCeDNEtI8_a42bZ47wJiJMwQ,UCQqlPPUGqAfWjd-FSh_qn7Q,1
UCeDNEtI8_a42bZ47wJiJMwQ,UCUoYsrx1oZnCZ0usbBJn4fA,1
UCeDNEtI8_a42bZ47wJiJMwQ,UC_LYoGs5C3mbZKZuKuqYCvw,1
UCeDNEtI8_a42bZ47wJiJMwQ,UColMq7LmaoY3MT6aIDGrGvA,1
UCeDNEtI8_a42bZ47wJiJMwQ,UCRvPToDkkumha7WJAfCDk1A,1
UCeDNEtI8_a42bZ47wJiJMwQ,UCu8_3-Wg-YzNyvHYQDEscfw,1
UCeDNEtI8_a42bZ47wJiJMwQ,UCylqlpsh8ENNM1LqgQ1KbxA,1
UCeDNEtI8_a42bZ47wJiJMwQ,UC32oozucwCF3q8d4m8fyOUg,1
UCeDNEtI8_a42bZ47wJiJMwQ,UCV0lM03g5fg5pbPj97-sAtA,1
UCeDNEtI8_a42bZ47wJiJMwQ,UCW-JC6lebVmf2P1dmY_L94g,1
UCeDNEtI8_a42bZ47wJiJMwQ,UCAKuKvcbfnBD3kF5njNu-IA,1
UCeDNEtI8_a42bZ47wJiJMwQ,UC3UVO7pTbeYvZ3ILEyRDskQ,1
UCeDNEtI8_a42bZ47wJiJMwQ,UC816IGbFCZinfYS1LRDaaHg,1
UCeDNEtI8_a42bZ47wJiJMwQ,UC4Avya4kmR4Q0FrfFdBozSQ,1
UCeDNEtI8_a42bZ47wJiJMwQ,UCgJNFj5dnxXpcMvmuhZDPxA,1
UCeDNEtI8_a42bZ47wJiJMwQ,UC1DpqK6vaPEkBOMNvypsKYg,1
UCeDNEtI8_a42bZ47wJiJMwQ,UCiC-Jn7wdgyQV4_Urk0DkWQ,1
UCeDNEtI8_a42bZ47wJiJMwQ,UCpsKOkt5iWTbenzeuq7dsmQ,1
UCeDNEtI8_a42bZ47wJiJMwQ,UCWoAVGVqCn4xtINCMOTM4jg,1
UCeDNEtI8_a42bZ47wJiJMwQ,UClqA491Xa5fQcXcJJa-vTWw,1
UCeDNEtI8_a42bZ47wJiJMwQ,UCe8JZoYkX5oKUZyivHYdXhw,1
UCeDNEtI8_a42bZ47wJiJMwQ,UClhMWQ7XKWywYvbRnuf8QsA,1
UCeDNEtI8_a42bZ47wJiJMwQ,UC5hvEnRUzI4Kfvwnyi4QxqQ,1
UCeDNEtI8_a42bZ47wJiJMwQ,UCGGHbtfbbe0o68etrOf0qxw,1
UCeDNEtI8_a42bZ47wJiJMwQ,UCgQw_Sbq3ugruDUKsq1e0-A,1
UCeDNEtI8_a42bZ47wJiJMwQ,UC6Uj1FT5JjDSF8vudvDxPAA,1
UCeDNEtI8_a42bZ47wJiJMwQ,UC7dadZG7kkGYnsNu6td0FbA,1
UCeDNEtI8_a42bZ47wJiJMwQ,UCsGoJEvb-cFPZ2rWoJcXzEQ,1
UCeDNEtI8_a42bZ47wJiJMwQ,UCOcUI5XkTYNMSFhZNMIPpGg,1
UCeDNEtI8_a42bZ47wJiJMwQ,UCuXmOjxC-htcprLgeVXz6Tg,1
UCeDNEtI8_a42bZ47wJiJMwQ,UCHbwIx9pmQuf7i-4_xO2EpA,1
UCeDNEtI8_a42bZ47wJiJMwQ,UCwjUvRseNtJoItylIyIez7Q,1
UCeDNEtI8_a42bZ47wJiJMwQ,UCW80DaMjQlEUibC98Cot-Dg,1
UCiOZX__1gahg1ypIj0_XG_w,UCql1n3Ey6ULMSOACjMe-fxQ,1
UCiOZX__1gahg1ypIj0_XG_w,UC-HeUTT6_g-VoiWds2a4H-w,1
UCiOZX__1gahg1ypIj0_XG_w,UCheEJ5GZuIvV0fj-nXyVwXw,1
UCiOZX__1gahg1ypIj0_XG_w,UCtsxPYw8VUsH_FfnKg-0lmw,1
UCiOZX__1gahg1ypIj0_XG_w,UCvDwJBBY1mHK70aTEYl6rsA,1
UCiOZX__1gahg1ypIj0_XG_w,UCfo_yUPzy1f1POwwZxhZ06Q,1
UCiOZX__1gahg1ypIj0_XG_w,UCoGdCoJg2Lh0OX_jv6cG16g,1
UCiOZX__1gahg1ypIj0_XG_w,UCRfkkatKrNtAARnXMMYBGlA,1
UCiOZX__1gahg1ypIj0_XG_w,UCyJhqmMbsvjpoarBBStA2kg,1
UCiOZX__1gahg1ypIj0_XG_w,UCa36MjQLoPAmgJo-R3G8WQA,1
UCiOZX__1gahg1ypIj0_XG_w,UCZFQwqh90apuL8eFhvRBkUg,1
UCiOZX__1gahg1ypIj0_XG_w,UCEHXl4VvvVpq-_4xC5tsbhg,1
UCiOZX__1gahg1ypIj0_XG_w,UCtCtts20bW6F9CSohau51Iw,1
UCiOZX__1gahg1ypIj0_XG_w,UCp29O_C7cchZV8IxV7Crdag,1
UCiOZX__1gahg1ypIj0_XG_w,UCjZgFEowMBrsjodqfovzdKw,1
UCiOZX__1gahg1ypIj0_XG_w,UCWvntqPQx99k_Z_skWKqNSA,1
UCiOZX__1gahg1ypIj0_XG_w,UC1NiEdJ7gk6FlDexIalWnGg,1
UCiOZX__1gahg1ypIj0_XG_w,UC3YpzAr7pcdKC7BVFEpYzog,1
UCiOZX__1gahg1ypIj0_XG_w,UCV3fr-YOixFKCZBbJP1-X4w,1
UCiOZX__1gahg1ypIj0_XG_w,UC63tFvbQ_hJhGDi2nbjssjw,1
UCiOZX__1gahg1ypIj0_XG_w,UCaT4saRcyqCLE657Rq2hhZQ,1
UCiOZX__1gahg1ypIj0_XG_w,UC14qlobYKqD-DO0j6b75lcA,1
UCiOZX__1gahg1ypIj0_XG_w,UC0HvfEWozTHbwl_iEmJNvVA,1
UCiOZX__1gahg1ypIj0_XG_w,UC-Iul5tDYH_oiAMXQH-KaaQ,1
UCiOZX__1gahg1ypIj0_XG_w,UCgGqw4aqMdMVSGkKiMgrJRQ,1
UCiOZX__1gahg1ypIj0_XG_w,UCzZ6dDCEsLMXbc5pCFXIprw,1
UCiOZX__1gahg1ypIj0_XG_w,UChyps3dqY-VY1_wLeq-2lhw,1
UCiOZX__1gahg1ypIj0_XG_w,UCeQk-WfEA-cJRq4EKeE7TOw,1
UCqCrvuoJpC-aVb0f4logQRQ,UCpe5jW3MIqkgTJ-PgkzvM6Q,1
UCqCrvuoJpC-aVb0f4logQRQ,UCDrmf9y9nLgFY5wnA2hTuGA,1
UCqCrvuoJpC-aVb0f4logQRQ,UC-fiZBS5Gp1eCJd9ucgWnCg,1
UCqCrvuoJpC-aVb0f4logQRQ,UCZeIIQrGAedW8tCbKWmGY-A,1
UCqCrvuoJpC-aVb0f4logQRQ,UCCBYcToQ2dwkd6TJh0FSyDg,1
UCqCrvuoJpC-aVb0f4logQRQ,UCQqlPPUGqAfWjd-FSh_qn7Q,1
UCqCrvuoJpC-aVb0f4logQRQ,UCUoYsrx1oZnCZ0usbBJn4fA,1
UCqCrvuoJpC-aVb0f4logQRQ,UC_LYoGs5C3mbZKZuKuqYCvw,1
UCqCrvuoJpC-aVb0f4logQRQ,UColMq7LmaoY3MT6aIDGrGvA,1
UCqCrvuoJpC-aVb0f4logQRQ,UCRvPToDkkumha7WJAfCDk1A,1
UCqCrvuoJpC-aVb0f4logQRQ,UCu8_3-Wg-YzNyvHYQDEscfw,1
UCqCrvuoJpC-aVb0f4logQRQ,UCylqlpsh8ENNM1LqgQ1KbxA,1
UCqCrvuoJpC-aVb0f4logQRQ,UC32oozucwCF3q8d4m8fyOUg,1
UCqCrvuoJpC-aVb0f4logQRQ,UCV0lM03g5fg5pbPj97-sAtA,1
UCqCrvuoJpC-aVb0f4logQRQ,UCW-JC6lebVmf2P1dmY_L94g,1
UCqCrvuoJpC-aVb0f4logQRQ,UCAKuKvcbfnBD3kF5njNu-IA,1
UCqCrvuoJpC-aVb0f4logQRQ,UC3UVO7pTbeYvZ3ILEyRDskQ,1
UCqCrvuoJpC-aVb0f4logQRQ,UC816IGbFCZinfYS1LRDaaHg,1
UCqCrvuoJpC-aVb0f4logQRQ,UC4Avya4kmR4Q0FrfFdBozSQ,1
UCqCrvuoJpC-aVb0f4logQRQ,UCgJNFj5dnxXpcMvmuhZDPxA,1
UCqCrvuoJpC-aVb0f4logQRQ,UC1DpqK6vaPEkBOMNvypsKYg,1
UCqCrvuoJpC-aVb0f4logQRQ,UCiC-Jn7wdgyQV4_Urk0DkWQ,1
UCqCrvuoJpC-aVb0f4logQRQ,UCpsKOkt5iWTbenzeuq7dsmQ,1
UCqCrvuoJpC-aVb0f4logQRQ,UCWoAVGVqCn4xtINCMOTM4jg,1
UCqCrvuoJpC-aVb0f4logQRQ,UClqA491Xa5fQcXcJJa-vTWw,1
UCqCrvuoJpC-aVb0f4logQRQ,UCe8JZoYkX5oKUZyivHYdXhw,1
UCqCrvuoJpC-aVb0f4logQRQ,UClhMWQ7XKWywYvbRnuf8QsA,1
UCqCrvuoJpC-aVb0f4logQRQ,UC5hvEnRUzI4Kfvwnyi4QxqQ,1
UCqCrvuoJpC-aVb0f4logQRQ,UCGGHbtfbbe0o68etrOf0qxw,1
UCqCrvuoJpC-aVb0f4logQRQ,UCgQw_Sbq3ugruDUKsq1e0-A,1
UCqCrvuoJpC-aVb0f4logQRQ,UC6Uj1FT5JjDSF8vudvDxPAA,1
UCqCrvuoJpC-aVb0f4logQRQ,UC7dadZG7kkGYnsNu6td0FbA,1
UCqCrvuoJpC-aVb0f4logQRQ,UCsGoJEvb-cFPZ2rWoJcXzEQ,1
UCqCrvuoJpC-aVb0f4logQRQ,UCOcUI5XkTYNMSFhZNMIPpGg,1
UCqCrvuoJpC-aVb0f4logQRQ,UCuXmOjxC-htcprLgeVXz6Tg,1
UCqCrvuoJpC-aVb0f4logQRQ,UCHbwIx9pmQuf7i-4_xO2EpA,1
UCqCrvuoJpC-aVb0f4logQRQ,UCwjUvRseNtJoItylIyIez7Q,1
UCqCrvuoJpC-aVb0f4logQRQ,UCW80DaMjQlEUibC98Cot-Dg,1
UCld2stqxaVSk0QdGncM224A,UCNiMNUJvaRJb0_QLClqwVnA,1
UCld2stqxaVSk0QdGncM224A,UCtowGNY2lnlg6O2CkwDgkLg,1
UCpIdtvoFHVLGASGB5ySqIEA,UCQqetiwzzmRNTM5OWuXarGQ,1
UCpIdtvoFHVLGASGB5ySqIEA,UC9xr9QvIcDvoZNUX5f-jaZw,1
UCpIdtvoFHVLGASGB5ySqIEA,UC-hfX8J5JPJ-dfuakzegMLA,1
UCpIdtvoFHVLGASGB5ySqIEA,UCipetjeiWj4CZB6EbyYziZg,1
UCpIdtvoFHVLGASGB5ySqIEA,UCiGRBf2RNF0WRKhRVT7zFoA,1
UCpIdtvoFHVLGASGB5ySqIEA,UCYwpX26TrCxq8TvbKGRYLXA,1
UCpIdtvoFHVLGASGB5ySqIEA,UCDPWkUX3sNNaCx-m1dV4glA,1
UCpIdtvoFHVLGASGB5ySqIEA,UC3qn1yJA5PeW9rkGPatQxiw,1
UCpIdtvoFHVLGASGB5ySqIEA,UCz3gu01bmjNv0DpRq-K3XYg,1
UCpIdtvoFHVLGASGB5ySqIEA,UCXr8_5WtGeipe4haOoQDgyQ,1
UCpIdtvoFHVLGASGB5ySqIEA,UC8r11yOugM2NuRfitQOxLLg,1
UCpIdtvoFHVLGASGB5ySqIEA,UC4wq3DcbfaG6dtCqn8Oyu3w,1
UCpIdtvoFHVLGASGB5ySqIEA,UCwha8rxULYMVtNwZWeSkE1A,1
UCpIdtvoFHVLGASGB5ySqIEA,UCwO2SXr0ggzwg6QWWrr01nQ,1
UCpIdtvoFHVLGASGB5ySqIEA,UCL13XhnRzbGokEkCkEOb0-g,1
UCpIdtvoFHVLGASGB5ySqIEA,UCUIIIPTVDVHAXqhC_5V6lPA,1
UCpIdtvoFHVLGASGB5ySqIEA,UCXXh7yg5KUFIWylTiKVEFKQ,1
UCpIdtvoFHVLGASGB5ySqIEA,UC9vMq1YF-e7C-VO0SHkbUTA,1
UCpIdtvoFHVLGASGB5ySqIEA,UCErZPJpHmLCsXs8ZWkAUupQ,1
UCpIdtvoFHVLGASGB5ySqIEA,UCQgYjVngJRfPHDLGB5X6ZjA,1
UCpIdtvoFHVLGASGB5ySqIEA,UCTwSut16JyAg3mX6LVUNGqA,1
UCpIdtvoFHVLGASGB5ySqIEA,UCj-LL25XJnjxepPKCc3NGog,1
UCpIdtvoFHVLGASGB5ySqIEA,UCYN4wSQ1Sx4_LurxLlW7MPg,1
UCpIdtvoFHVLGASGB5ySqIEA,UCsSXdJct-nsS8DsABoEsaYA,1
UCpIdtvoFHVLGASGB5ySqIEA,UCOS8ViEkccrTZx2w2ccxotA,1
UCpIdtvoFHVLGASGB5ySqIEA,UCwW2OFy95P7ZBkOPxWkpvYg,1
UCpIdtvoFHVLGASGB5ySqIEA,UCi1b_TRQfgO1Z9O2gNGGWNA,1
UCpIdtvoFHVLGASGB5ySqIEA,UC7VUuJr9cGh845CmTvf7TlQ,1
UCpIdtvoFHVLGASGB5ySqIEA,UCplrIQtaPj6au60_f2-mOYw,1
UCpIdtvoFHVLGASGB5ySqIEA,UCSou6a2OuYGSvPjm5psquyA,1
UCpIdtvoFHVLGASGB5ySqIEA,UCsJJAvrVGupdmhOqgtDp8dg,1
UCpIdtvoFHVLGASGB5ySqIEA,UCFhxtoeARHPnXXPcDrOU3Xg,1
UCpIdtvoFHVLGASGB5ySqIEA,UCGzXwyCzMzGmjmCbH3Hg01Q,1
UCpIdtvoFHVLGASGB5ySqIEA,UC3MYTqpQqlWBuCB7Th0e0PA,1
UCpIdtvoFHVLGASGB5ySqIEA,UC3E9mAgP7VoAE5mZoAexl5g,1
UCpIdtvoFHVLGASGB5ySqIEA,UCB5p8a5gklc80jJItP6xTHg,1
UCpIdtvoFHVLGASGB5ySqIEA,UCcfdg8crmMJwEuLUsAhV7yg,1
UCpIdtvoFHVLGASGB5ySqIEA,UCQtICyzWmhC5woCtbNgaSmg,1
UCpIdtvoFHVLGASGB5ySqIEA,UCLFdHr9BEbXHkoJopbEPLZw,1
UCpIdtvoFHVLGASGB5ySqIEA,UCQtSFINs1h6GHkpg9o5kMvg,1
UCpIdtvoFHVLGASGB5ySqIEA,UCfM3nrxtTQMY5jFx1v1J4Gg,1
UCpIdtvoFHVLGASGB5ySqIEA,UCV0iizTBoOfdAFX_thfI9BA,1
UCpIdtvoFHVLGASGB5ySqIEA,UCFoIAE8k82D6AV-8gjjKaNg,1
UCpIdtvoFHVLGASGB5ySqIEA,UCkd9W714-947dEE6ZOEBATA,1
UCpIdtvoFHVLGASGB5ySqIEA,UCA93ym2TXs_Ibyxb4Vcn-6Q,1
UCpIdtvoFHVLGASGB5ySqIEA,UCFxE8GbokBrBsPEKM1xrOjQ,1
UCpIdtvoFHVLGASGB5ySqIEA,UC8F2V63KZ4ZEay6opX2hAQw,1
UCpIdtvoFHVLGASGB5ySqIEA,UC8G5cJONY8L9voMyBW8Eoug,1
UCpIdtvoFHVLGASGB5ySqIEA,UC3XTwHxygNCgjndsg-UiCQA,1
UCpIdtvoFHVLGASGB5ySqIEA,UCTD6q1nyIe3Y7HhqjaMj72w,1
UCpIdtvoFHVLGASGB5ySqIEA,UC72gBAtyb_VXQlYDcFrh6oQ,1
UCpIdtvoFHVLGASGB5ySqIEA,UC2Y_EHWQKevubk4vOEBBFxw,1
UCpIdtvoFHVLGASGB5ySqIEA,UChgkn5Jt5tWKYMoEOuCjz3Q,1
UCpIdtvoFHVLGASGB5ySqIEA,UCTP3O0rMnc8z8v8jaDQwL0w,1
UCpIdtvoFHVLGASGB5ySqIEA,UCAmtbUiIrUIhikru0ZoTFig,1
UCpIdtvoFHVLGASGB5ySqIEA,UCRlCV9zSn7avAWh-9_XFWqQ,1
UCpIdtvoFHVLGASGB5ySqIEA,UCpl8rF8uv_8uui-QRvuJaRA,1
UCpIdtvoFHVLGASGB5ySqIEA,UCsUCN0Yq_UyTvKjOJLmNrnQ,1
UCpIdtvoFHVLGASGB5ySqIEA,UCjSKM9j0Q7HLDr1hD6D-TUw,1
UCpIdtvoFHVLGASGB5ySqIEA,UChep9kVb5gQmpodEEl10Xlg,1
UCpIdtvoFHVLGASGB5ySqIEA,UC-pNP6RMFuLg_-x7Ah_0kEA,1
UCpIdtvoFHVLGASGB5ySqIEA,UCDftMWXQoJ6nONfY7GVOVjg,1
UCpIdtvoFHVLGASGB5ySqIEA,UCEgEQmRbtL5fwr9_DqAC--g,1
UCpIdtvoFHVLGASGB5ySqIEA,UCDQaQv0hr2SS_PO-CMEwVHg,1
UCpIdtvoFHVLGASGB5ySqIEA,UCtNfIBnc5S5DbbQj_yxgJTw,1
UCpIdtvoFHVLGASGB5ySqIEA,UCvApqeCbLod-wejtT4CcVuA,1
UCpIdtvoFHVLGASGB5ySqIEA,UCrJn_rbo_ENAdeqneS-RmRw,1
UCpIdtvoFHVLGASGB5ySqIEA,UCTylKrsqkrBKIqubMu_5N0Q,1
UCpIdtvoFHVLGASGB5ySqIEA,UCFjudnPLoaSL1BaRuLahyHg,1
UCpIdtvoFHVLGASGB5ySqIEA,UCThW2XNsAaBKme5PUt7n-Zg,1
UCpIdtvoFHVLGASGB5ySqIEA,UCmjppp6ujz3SAnULvP3sZMw,1
UCpIdtvoFHVLGASGB5ySqIEA,UCjmPuazZJzscrwvk0QR9RVw,1
UCpIdtvoFHVLGASGB5ySqIEA,UCr1emrogPKkKTs_WTtx71xg,1
UCpIdtvoFHVLGASGB5ySqIEA,UCzSfZlOVxBSs5ObD25ywxDQ,1
UCpIdtvoFHVLGASGB5ySqIEA,UCujPF2nBgsTD62nWE3lcpIg,1
UCpIdtvoFHVLGASGB5ySqIEA,UC4cXueR2bKGFJV0Fk76gwmA,1
UCpIdtvoFHVLGASGB5ySqIEA,UCL1MT278vSaQ83ZDkVWn1gw,1
UCpIdtvoFHVLGASGB5ySqIEA,UCRETAiYdh2dL5ZxB0_N1zDA,1
UCpIdtvoFHVLGASGB5ySqIEA,UCtUR3_CAiE7fCoZHM6cMfyQ,1
UCpIdtvoFHVLGASGB5ySqIEA,UCylqlpsh8ENNM1LqgQ1KbxA,1
UCpIdtvoFHVLGASGB5ySqIEA,UC6YSZqL0vEcI-niPKIMUGfw,1
UCpIdtvoFHVLGASGB5ySqIEA,UC3NMzdMYryaw82kPTnsaljg,1
UCpIdtvoFHVLGASGB5ySqIEA,UCsjs5Hp_r86x1xbK6FAeqaA,1
UCpIdtvoFHVLGASGB5ySqIEA,UCp4iw5_5SmV9VGTFSNVGOmQ,1
UCpIdtvoFHVLGASGB5ySqIEA,UCKDR0f2fu2UzWL8mBv5-BHw,1
UCpIdtvoFHVLGASGB5ySqIEA,UCFUuDARXdmmIrLppEqf-rFg,1
UCpIdtvoFHVLGASGB5ySqIEA,UC5bG9nc_JV3FsNP2KseQiYw,1
UCpIdtvoFHVLGASGB5ySqIEA,UC1vr9aaMI2crB0NvwFHUeoQ,1
UCpIdtvoFHVLGASGB5ySqIEA,UCLggDc_a5HriXv7I1h02sOA,1
UCpIdtvoFHVLGASGB5ySqIEA,UCDUffaruH6dyUnUGwsTKpgg,1
UCpIdtvoFHVLGASGB5ySqIEA,UCDlr1VadSucIZgZ171pRBjQ,1
UCpIdtvoFHVLGASGB5ySqIEA,UCySYJU5kUh7X8gVt9la2ISA,1
UCpIdtvoFHVLGASGB5ySqIEA,UCHTGCgY2l-DQJIvlA_cpa_Q,1
UCpIdtvoFHVLGASGB5ySqIEA,UCNkcuy42zEwddwEcOd_HpnA,1
UCpIdtvoFHVLGASGB5ySqIEA,UC2weSE8rpqkGMOp6StYtVfg,1
UCpIdtvoFHVLGASGB5ySqIEA,UCpsKOkt5iWTbenzeuq7dsmQ,1
UCpIdtvoFHVLGASGB5ySqIEA,UC650pRT-OYzny3GwOH8Cgfw,1
UCpIdtvoFHVLGASGB5ySqIEA,UCl0ekS9Tt0jJGtOEM18S63w,1
UCpIdtvoFHVLGASGB5ySqIEA,UCiMythXHsw7eQEMykCdmMUA,1
UCpIdtvoFHVLGASGB5ySqIEA,UCljDbleJul41G1TzOjOZAVA,1
UCpIdtvoFHVLGASGB5ySqIEA,UCAlzM_N6xBlMYmM8EBzX86Q,1
UCpIdtvoFHVLGASGB5ySqIEA,UChZknRmJkeGeQk0-mQuhDOg,1
UCpIdtvoFHVLGASGB5ySqIEA,UCmvOgzmmXbjUthHy-WJ52hQ,1
UCpIdtvoFHVLGASGB5ySqIEA,UCNBnKqWf4d-rS4HwJRQljmQ,1
UCpIdtvoFHVLGASGB5ySqIEA,UCOh6DaZC_x9HASnlRylEMfw,1
UCpIdtvoFHVLGASGB5ySqIEA,UC-jS_kA9w-OmpupXDx156Rg,1
UCpIdtvoFHVLGASGB5ySqIEA,UCCaYwkkbQGcvFoUmothVdQQ,1
UCpIdtvoFHVLGASGB5ySqIEA,UCXgr7vXlRrsaskPdo097kGA,1
UCtiHFjFu7d5v2XxHnKFUYig,UCIgoiXdIKJyUGmUoH2Lxdzg,1
UCtiHFjFu7d5v2XxHnKFUYig,UCbNanjFI51cwGqMAb2rOrBw,1
UCtiHFjFu7d5v2XxHnKFUYig,UCZjm6U576nX8WOiLhmMR3bw,1
UCtiHFjFu7d5v2XxHnKFUYig,UCat2qkYvqmtDNEmo2PVuhXw,1
UCtiHFjFu7d5v2XxHnKFUYig,UC1WlJfQmaIskYhP4gmWoamw,1
UCtiHFjFu7d5v2XxHnKFUYig,UCBlm80VQ4YoV3bUJR_XhkaQ,1
UCtiHFjFu7d5v2XxHnKFUYig,UC-QOpE7GOxlXcHZ8b7HbQKA,1
UCtiHFjFu7d5v2XxHnKFUYig,UCVdjCrh4tQoX3haNAZv-n5A,1
UCtiHFjFu7d5v2XxHnKFUYig,UCPNXmbOBVeC4HS-xemvcPtQ,1
UCtiHFjFu7d5v2XxHnKFUYig,UCozFYHN0e_-vlQbX3wQGOug,1
UCtiHFjFu7d5v2XxHnKFUYig,UCQMMuADgqWUOcJpLwHOzC-g,1
UCtiHFjFu7d5v2XxHnKFUYig,UCrqXyRsg-_hTosURZ-uvoKg,1
UCtiHFjFu7d5v2XxHnKFUYig,UCGZMgmM92E3njyXNe9-kjAQ,1
UCtiHFjFu7d5v2XxHnKFUYig,UCp_dAUfv8i3LW3zWc24dLaQ,1
UCWvntqPQx99k_Z_skWKqNSA,UCql1n3Ey6ULMSOACjMe-fxQ,1
UCWvntqPQx99k_Z_skWKqNSA,UC-HeUTT6_g-VoiWds2a4H-w,1
UCWvntqPQx99k_Z_skWKqNSA,UCheEJ5GZuIvV0fj-nXyVwXw,1
UCWvntqPQx99k_Z_skWKqNSA,UCtsxPYw8VUsH_FfnKg-0lmw,1
UCWvntqPQx99k_Z_skWKqNSA,UCvDwJBBY1mHK70aTEYl6rsA,1
UCWvntqPQx99k_Z_skWKqNSA,UCfo_yUPzy1f1POwwZxhZ06Q,1
UCWvntqPQx99k_Z_skWKqNSA,UCoGdCoJg2Lh0OX_jv6cG16g,1
UCWvntqPQx99k_Z_skWKqNSA,UCRfkkatKrNtAARnXMMYBGlA,1
UCWvntqPQx99k_Z_skWKqNSA,UCyJhqmMbsvjpoarBBStA2kg,1
UCWvntqPQx99k_Z_skWKqNSA,UCa36MjQLoPAmgJo-R3G8WQA,1
UCWvntqPQx99k_Z_skWKqNSA,UCZFQwqh90apuL8eFhvRBkUg,1
UCWvntqPQx99k_Z_skWKqNSA,UCEHXl4VvvVpq-_4xC5tsbhg,1
UCWvntqPQx99k_Z_skWKqNSA,UCtCtts20bW6F9CSohau51Iw,1
UCWvntqPQx99k_Z_skWKqNSA,UCp29O_C7cchZV8IxV7Crdag,1
UCWvntqPQx99k_Z_skWKqNSA,UCjZgFEowMBrsjodqfovzdKw,1
UCWvntqPQx99k_Z_skWKqNSA,UC1NiEdJ7gk6FlDexIalWnGg,1
UCWvntqPQx99k_Z_skWKqNSA,UC3YpzAr7pcdKC7BVFEpYzog,1
UCWvntqPQx99k_Z_skWKqNSA,UCV3fr-YOixFKCZBbJP1-X4w,1
UCWvntqPQx99k_Z_skWKqNSA,UC63tFvbQ_hJhGDi2nbjssjw,1
UCWvntqPQx99k_Z_skWKqNSA,UCaT4saRcyqCLE657Rq2hhZQ,1
UCWvntqPQx99k_Z_skWKqNSA,UC14qlobYKqD-DO0j6b75lcA,1
UCWvntqPQx99k_Z_skWKqNSA,UC0HvfEWozTHbwl_iEmJNvVA,1
UCWvntqPQx99k_Z_skWKqNSA,UC-Iul5tDYH_oiAMXQH-KaaQ,1
UCWvntqPQx99k_Z_skWKqNSA,UCgGqw4aqMdMVSGkKiMgrJRQ,1
UCWvntqPQx99k_Z_skWKqNSA,UCzZ6dDCEsLMXbc5pCFXIprw,1
UCWvntqPQx99k_Z_skWKqNSA,UChyps3dqY-VY1_wLeq-2lhw,1
UCWvntqPQx99k_Z_skWKqNSA,UCeQk-WfEA-cJRq4EKeE7TOw,1
UCoGdCoJg2Lh0OX_jv6cG16g,UCql1n3Ey6ULMSOACjMe-fxQ,1
UCoGdCoJg2Lh0OX_jv6cG16g,UC-HeUTT6_g-VoiWds2a4H-w,1
UCoGdCoJg2Lh0OX_jv6cG16g,UCheEJ5GZuIvV0fj-nXyVwXw,1
UCoGdCoJg2Lh0OX_jv6cG16g,UCtsxPYw8VUsH_FfnKg-0lmw,1
UCoGdCoJg2Lh0OX_jv6cG16g,UCvDwJBBY1mHK70aTEYl6rsA,1
UCoGdCoJg2Lh0OX_jv6cG16g,UCfo_yUPzy1f1POwwZxhZ06Q,1
UCoGdCoJg2Lh0OX_jv6cG16g,UCRfkkatKrNtAARnXMMYBGlA,1
UCoGdCoJg2Lh0OX_jv6cG16g,UCyJhqmMbsvjpoarBBStA2kg,1
UCoGdCoJg2Lh0OX_jv6cG16g,UCa36MjQLoPAmgJo-R3G8WQA,1
UCoGdCoJg2Lh0OX_jv6cG16g,UCZFQwqh90apuL8eFhvRBkUg,1
UCoGdCoJg2Lh0OX_jv6cG16g,UCEHXl4VvvVpq-_4xC5tsbhg,1
UCoGdCoJg2Lh0OX_jv6cG16g,UCtCtts20bW6F9CSohau51Iw,1
UCoGdCoJg2Lh0OX_jv6cG16g,UCp29O_C7cchZV8IxV7Crdag,1
UCoGdCoJg2Lh0OX_jv6cG16g,UCjZgFEowMBrsjodqfovzdKw,1
UCoGdCoJg2Lh0OX_jv6cG16g,UC1NiEdJ7gk6FlDexIalWnGg,1
UCoGdCoJg2Lh0OX_jv6cG16g,UC3YpzAr7pcdKC7BVFEpYzog,1
UCoGdCoJg2Lh0OX_jv6cG16g,UCV3fr-YOixFKCZBbJP1-X4w,1
UCoGdCoJg2Lh0OX_jv6cG16g,UC63tFvbQ_hJhGDi2nbjssjw,1
UCoGdCoJg2Lh0OX_jv6cG16g,UCaT4saRcyqCLE657Rq2hhZQ,1
UCoGdCoJg2Lh0OX_jv6cG16g,UC14qlobYKqD-DO0j6b75lcA,1
UCoGdCoJg2Lh0OX_jv6cG16g,UC0HvfEWozTHbwl_iEmJNvVA,1
UCoGdCoJg2Lh0OX_jv6cG16g,UC-Iul5tDYH_oiAMXQH-KaaQ,1
UCoGdCoJg2Lh0OX_jv6cG16g,UCgGqw4aqMdMVSGkKiMgrJRQ,1
UCoGdCoJg2Lh0OX_jv6cG16g,UCzZ6dDCEsLMXbc5pCFXIprw,1
UCoGdCoJg2Lh0OX_jv6cG16g,UChyps3dqY-VY1_wLeq-2lhw,1
UCoGdCoJg2Lh0OX_jv6cG16g,UCeQk-WfEA-cJRq4EKeE7TOw,1
UChgkn5Jt5tWKYMoEOuCjz3Q,UCQqetiwzzmRNTM5OWuXarGQ,1
UChgkn5Jt5tWKYMoEOuCjz3Q,UC9xr9QvIcDvoZNUX5f-jaZw,1
UChgkn5Jt5tWKYMoEOuCjz3Q,UC-hfX8J5JPJ-dfuakzegMLA,1
UChgkn5Jt5tWKYMoEOuCjz3Q,UCipetjeiWj4CZB6EbyYziZg,1
UChgkn5Jt5tWKYMoEOuCjz3Q,UCiGRBf2RNF0WRKhRVT7zFoA,1
UChgkn5Jt5tWKYMoEOuCjz3Q,UCYwpX26TrCxq8TvbKGRYLXA,1
UChgkn5Jt5tWKYMoEOuCjz3Q,UCDPWkUX3sNNaCx-m1dV4glA,1
UChgkn5Jt5tWKYMoEOuCjz3Q,UC3qn1yJA5PeW9rkGPatQxiw,1
UChgkn5Jt5tWKYMoEOuCjz3Q,UCz3gu01bmjNv0DpRq-K3XYg,1
UChgkn5Jt5tWKYMoEOuCjz3Q,UCXr8_5WtGeipe4haOoQDgyQ,1
UChgkn5Jt5tWKYMoEOuCjz3Q,UC8r11yOugM2NuRfitQOxLLg,1
UChgkn5Jt5tWKYMoEOuCjz3Q,UC4wq3DcbfaG6dtCqn8Oyu3w,1
UChgkn5Jt5tWKYMoEOuCjz3Q,UCwha8rxULYMVtNwZWeSkE1A,1
UChgkn5Jt5tWKYMoEOuCjz3Q,UCwO2SXr0ggzwg6QWWrr01nQ,1
UChgkn5Jt5tWKYMoEOuCjz3Q,UCL13XhnRzbGokEkCkEOb0-g,1
UChgkn5Jt5tWKYMoEOuCjz3Q,UCUIIIPTVDVHAXqhC_5V6lPA,1
UChgkn5Jt5tWKYMoEOuCjz3Q,UCXXh7yg5KUFIWylTiKVEFKQ,1
UChgkn5Jt5tWKYMoEOuCjz3Q,UC9vMq1YF-e7C-VO0SHkbUTA,1
UChgkn5Jt5tWKYMoEOuCjz3Q,UCErZPJpHmLCsXs8ZWkAUupQ,1
UChgkn5Jt5tWKYMoEOuCjz3Q,UCQgYjVngJRfPHDLGB5X6ZjA,1
UChgkn5Jt5tWKYMoEOuCjz3Q,UCTwSut16JyAg3mX6LVUNGqA,1
UChgkn5Jt5tWKYMoEOuCjz3Q,UCj-LL25XJnjxepPKCc3NGog,1
UChgkn5Jt5tWKYMoEOuCjz3Q,UCYN4wSQ1Sx4_LurxLlW7MPg,1
UChgkn5Jt5tWKYMoEOuCjz3Q,UCsSXdJct-nsS8DsABoEsaYA,1
UChgkn5Jt5tWKYMoEOuCjz3Q,UCOS8ViEkccrTZx2w2ccxotA,1
UChgkn5Jt5tWKYMoEOuCjz3Q,UCwW2OFy95P7ZBkOPxWkpvYg,1
UChgkn5Jt5tWKYMoEOuCjz3Q,UCi1b_TRQfgO1Z9O2gNGGWNA,1
UChgkn5Jt5tWKYMoEOuCjz3Q,UC7VUuJr9cGh845CmTvf7TlQ,1
UChgkn5Jt5tWKYMoEOuCjz3Q,UCplrIQtaPj6au60_f2-mOYw,1
UChgkn5Jt5tWKYMoEOuCjz3Q,UCSou6a2OuYGSvPjm5psquyA,1
UChgkn5Jt5tWKYMoEOuCjz3Q,UCsJJAvrVGupdmhOqgtDp8dg,1
UChgkn5Jt5tWKYMoEOuCjz3Q,UCFhxtoeARHPnXXPcDrOU3Xg,1
UChgkn5Jt5tWKYMoEOuCjz3Q,UCGzXwyCzMzGmjmCbH3Hg01Q,1
UChgkn5Jt5tWKYMoEOuCjz3Q,UC3MYTqpQqlWBuCB7Th0e0PA,1
UChgkn5Jt5tWKYMoEOuCjz3Q,UC3E9mAgP7VoAE5mZoAexl5g,1
UChgkn5Jt5tWKYMoEOuCjz3Q,UCB5p8a5gklc80jJItP6xTHg,1
UChgkn5Jt5tWKYMoEOuCjz3Q,UCcfdg8crmMJwEuLUsAhV7yg,1
UChgkn5Jt5tWKYMoEOuCjz3Q,UCQtICyzWmhC5woCtbNgaSmg,1
UChgkn5Jt5tWKYMoEOuCjz3Q,UCLFdHr9BEbXHkoJopbEPLZw,1
UChgkn5Jt5tWKYMoEOuCjz3Q,UCQtSFINs1h6GHkpg9o5kMvg,1
UChgkn5Jt5tWKYMoEOuCjz3Q,UCfM3nrxtTQMY5jFx1v1J4Gg,1
UChgkn5Jt5tWKYMoEOuCjz3Q,UCV0iizTBoOfdAFX_thfI9BA,1
UChgkn5Jt5tWKYMoEOuCjz3Q,UCFoIAE8k82D6AV-8gjjKaNg,1
UChgkn5Jt5tWKYMoEOuCjz3Q,UCkd9W714-947dEE6ZOEBATA,1
UChgkn5Jt5tWKYMoEOuCjz3Q,UCA93ym2TXs_Ibyxb4Vcn-6Q,1
UChgkn5Jt5tWKYMoEOuCjz3Q,UCFxE8GbokBrBsPEKM1xrOjQ,1
UChgkn5Jt5tWKYMoEOuCjz3Q,UC8F2V63KZ4ZEay6opX2hAQw,1
UChgkn5Jt5tWKYMoEOuCjz3Q,UC8G5cJONY8L9voMyBW8Eoug,1
UChgkn5Jt5tWKYMoEOuCjz3Q,UC3XTwHxygNCgjndsg-UiCQA,1
UChgkn5Jt5tWKYMoEOuCjz3Q,UCTD6q1nyIe3Y7HhqjaMj72w,1
UChgkn5Jt5tWKYMoEOuCjz3Q,UC72gBAtyb_VXQlYDcFrh6oQ,1
UChgkn5Jt5tWKYMoEOuCjz3Q,UC2Y_EHWQKevubk4vOEBBFxw,1
UChgkn5Jt5tWKYMoEOuCjz3Q,UCTP3O0rMnc8z8v8jaDQwL0w,1
UChgkn5Jt5tWKYMoEOuCjz3Q,UCAmtbUiIrUIhikru0ZoTFig,1
UChgkn5Jt5tWKYMoEOuCjz3Q,UCRlCV9zSn7avAWh-9_XFWqQ,1
UChgkn5Jt5tWKYMoEOuCjz3Q,UCpl8rF8uv_8uui-QRvuJaRA,1
UChgkn5Jt5tWKYMoEOuCjz3Q,UCsUCN0Yq_UyTvKjOJLmNrnQ,1
UChgkn5Jt5tWKYMoEOuCjz3Q,UCjSKM9j0Q7HLDr1hD6D-TUw,1
UChgkn5Jt5tWKYMoEOuCjz3Q,UChep9kVb5gQmpodEEl10Xlg,1
UChgkn5Jt5tWKYMoEOuCjz3Q,UC-pNP6RMFuLg_-x7Ah_0kEA,1
UChgkn5Jt5tWKYMoEOuCjz3Q,UCDftMWXQoJ6nONfY7GVOVjg,1
UChgkn5Jt5tWKYMoEOuCjz3Q,UCEgEQmRbtL5fwr9_DqAC--g,1
UChgkn5Jt5tWKYMoEOuCjz3Q,UCDQaQv0hr2SS_PO-CMEwVHg,1
UChgkn5Jt5tWKYMoEOuCjz3Q,UCtNfIBnc5S5DbbQj_yxgJTw,1
UChgkn5Jt5tWKYMoEOuCjz3Q,UCvApqeCbLod-wejtT4CcVuA,1
UChgkn5Jt5tWKYMoEOuCjz3Q,UCrJn_rbo_ENAdeqneS-RmRw,1
UChgkn5Jt5tWKYMoEOuCjz3Q,UCTylKrsqkrBKIqubMu_5N0Q,1
UChgkn5Jt5tWKYMoEOuCjz3Q,UCFjudnPLoaSL1BaRuLahyHg,1
UChgkn5Jt5tWKYMoEOuCjz3Q,UCThW2XNsAaBKme5PUt7n-Zg,1
UChgkn5Jt5tWKYMoEOuCjz3Q,UCmjppp6ujz3SAnULvP3sZMw,1
UChgkn5Jt5tWKYMoEOuCjz3Q,UCjmPuazZJzscrwvk0QR9RVw,1
UChgkn5Jt5tWKYMoEOuCjz3Q,UCr1emrogPKkKTs_WTtx71xg,1
UChgkn5Jt5tWKYMoEOuCjz3Q,UCzSfZlOVxBSs5ObD25ywxDQ,1
UChgkn5Jt5tWKYMoEOuCjz3Q,UCujPF2nBgsTD62nWE3lcpIg,1
UChgkn5Jt5tWKYMoEOuCjz3Q,UC4cXueR2bKGFJV0Fk76gwmA,1
UChgkn5Jt5tWKYMoEOuCjz3Q,UCL1MT278vSaQ83ZDkVWn1gw,1
UChgkn5Jt5tWKYMoEOuCjz3Q,UCRETAiYdh2dL5ZxB0_N1zDA,1
UChgkn5Jt5tWKYMoEOuCjz3Q,UCtUR3_CAiE7fCoZHM6cMfyQ,1
UChgkn5Jt5tWKYMoEOuCjz3Q,UCylqlpsh8ENNM1LqgQ1KbxA,1
UChgkn5Jt5tWKYMoEOuCjz3Q,UC6YSZqL0vEcI-niPKIMUGfw,1
UChgkn5Jt5tWKYMoEOuCjz3Q,UC3NMzdMYryaw82kPTnsaljg,1
UChgkn5Jt5tWKYMoEOuCjz3Q,UCsjs5Hp_r86x1xbK6FAeqaA,1
UChgkn5Jt5tWKYMoEOuCjz3Q,UCp4iw5_5SmV9VGTFSNVGOmQ,1
UChgkn5Jt5tWKYMoEOuCjz3Q,UCKDR0f2fu2UzWL8mBv5-BHw,1
UChgkn5Jt5tWKYMoEOuCjz3Q,UCFUuDARXdmmIrLppEqf-rFg,1
UChgkn5Jt5tWKYMoEOuCjz3Q,UC5bG9nc_JV3FsNP2KseQiYw,1
UChgkn5Jt5tWKYMoEOuCjz3Q,UC1vr9aaMI2crB0NvwFHUeoQ,1
UChgkn5Jt5tWKYMoEOuCjz3Q,UCLggDc_a5HriXv7I1h02sOA,1
UChgkn5Jt5tWKYMoEOuCjz3Q,UCDUffaruH6dyUnUGwsTKpgg,1
UChgkn5Jt5tWKYMoEOuCjz3Q,UCDlr1VadSucIZgZ171pRBjQ,1
UChgkn5Jt5tWKYMoEOuCjz3Q,UCySYJU5kUh7X8gVt9la2ISA,1
UChgkn5Jt5tWKYMoEOuCjz3Q,UCHTGCgY2l-DQJIvlA_cpa_Q,1
UChgkn5Jt5tWKYMoEOuCjz3Q,UCNkcuy42zEwddwEcOd_HpnA,1
UChgkn5Jt5tWKYMoEOuCjz3Q,UC2weSE8rpqkGMOp6StYtVfg,1
UChgkn5Jt5tWKYMoEOuCjz3Q,UCpsKOkt5iWTbenzeuq7dsmQ,1
UChgkn5Jt5tWKYMoEOuCjz3Q,UC650pRT-OYzny3GwOH8Cgfw,1
UChgkn5Jt5tWKYMoEOuCjz3Q,UCl0ekS9Tt0jJGtOEM18S63w,1
UChgkn5Jt5tWKYMoEOuCjz3Q,UCiMythXHsw7eQEMykCdmMUA,1
UChgkn5Jt5tWKYMoEOuCjz3Q,UCljDbleJul41G1TzOjOZAVA,1
UChgkn5Jt5tWKYMoEOuCjz3Q,UCAlzM_N6xBlMYmM8EBzX86Q,1
UChgkn5Jt5tWKYMoEOuCjz3Q,UChZknRmJkeGeQk0-mQuhDOg,1
UChgkn5Jt5tWKYMoEOuCjz3Q,UCmvOgzmmXbjUthHy-WJ52hQ,1
UChgkn5Jt5tWKYMoEOuCjz3Q,UCNBnKqWf4d-rS4HwJRQljmQ,1
UChgkn5Jt5tWKYMoEOuCjz3Q,UCOh6DaZC_x9HASnlRylEMfw,1
UChgkn5Jt5tWKYMoEOuCjz3Q,UC-jS_kA9w-OmpupXDx156Rg,1
UChgkn5Jt5tWKYMoEOuCjz3Q,UCCaYwkkbQGcvFoUmothVdQQ,1
UChgkn5Jt5tWKYMoEOuCjz3Q,UCXgr7vXlRrsaskPdo097kGA,1
UCiC-Jn7wdgyQV4_Urk0DkWQ,UCpe5jW3MIqkgTJ-PgkzvM6Q,1
UCiC-Jn7wdgyQV4_Urk0DkWQ,UCDrmf9y9nLgFY5wnA2hTuGA,1
UCiC-Jn7wdgyQV4_Urk0DkWQ,UC-fiZBS5Gp1eCJd9ucgWnCg,1
UCiC-Jn7wdgyQV4_Urk0DkWQ,UCZeIIQrGAedW8tCbKWmGY-A,1
UCiC-Jn7wdgyQV4_Urk0DkWQ,UCCBYcToQ2dwkd6TJh0FSyDg,1
UCiC-Jn7wdgyQV4_Urk0DkWQ,UCQqlPPUGqAfWjd-FSh_qn7Q,1
UCiC-Jn7wdgyQV4_Urk0DkWQ,UCUoYsrx1oZnCZ0usbBJn4fA,1
UCiC-Jn7wdgyQV4_Urk0DkWQ,UC_LYoGs5C3mbZKZuKuqYCvw,1
UCiC-Jn7wdgyQV4_Urk0DkWQ,UColMq7LmaoY3MT6aIDGrGvA,1
UCiC-Jn7wdgyQV4_Urk0DkWQ,UCRvPToDkkumha7WJAfCDk1A,1
UCiC-Jn7wdgyQV4_Urk0DkWQ,UCu8_3-Wg-YzNyvHYQDEscfw,1
UCiC-Jn7wdgyQV4_Urk0DkWQ,UCylqlpsh8ENNM1LqgQ1KbxA,1
UCiC-Jn7wdgyQV4_Urk0DkWQ,UC32oozucwCF3q8d4m8fyOUg,1
UCiC-Jn7wdgyQV4_Urk0DkWQ,UCV0lM03g5fg5pbPj97-sAtA,1
UCiC-Jn7wdgyQV4_Urk0DkWQ,UCW-JC6lebVmf2P1dmY_L94g,1
UCiC-Jn7wdgyQV4_Urk0DkWQ,UCAKuKvcbfnBD3kF5njNu-IA,1
UCiC-Jn7wdgyQV4_Urk0DkWQ,UC3UVO7pTbeYvZ3ILEyRDskQ,1
UCiC-Jn7wdgyQV4_Urk0DkWQ,UC816IGbFCZinfYS1LRDaaHg,1
UCiC-Jn7wdgyQV4_Urk0DkWQ,UC4Avya4kmR4Q0FrfFdBozSQ,1
UCiC-Jn7wdgyQV4_Urk0DkWQ,UCgJNFj5dnxXpcMvmuhZDPxA,1
UCiC-Jn7wdgyQV4_Urk0DkWQ,UC1DpqK6vaPEkBOMNvypsKYg,1
UCiC-Jn7wdgyQV4_Urk0DkWQ,UCpsKOkt5iWTbenzeuq7dsmQ,1
UCiC-Jn7wdgyQV4_Urk0DkWQ,UCWoAVGVqCn4xtINCMOTM4jg,1
UCiC-Jn7wdgyQV4_Urk0DkWQ,UClqA491Xa5fQcXcJJa-vTWw,1
UCiC-Jn7wdgyQV4_Urk0DkWQ,UCe8JZoYkX5oKUZyivHYdXhw,1
UCiC-Jn7wdgyQV4_Urk0DkWQ,UClhMWQ7XKWywYvbRnuf8QsA,1
UCiC-Jn7wdgyQV4_Urk0DkWQ,UC5hvEnRUzI4Kfvwnyi4QxqQ,1
UCiC-Jn7wdgyQV4_Urk0DkWQ,UCGGHbtfbbe0o68etrOf0qxw,1
UCiC-Jn7wdgyQV4_Urk0DkWQ,UCgQw_Sbq3ugruDUKsq1e0-A,1
UCiC-Jn7wdgyQV4_Urk0DkWQ,UC6Uj1FT5JjDSF8vudvDxPAA,1
UCiC-Jn7wdgyQV4_Urk0DkWQ,UC7dadZG7kkGYnsNu6td0FbA,1
UCiC-Jn7wdgyQV4_Urk0DkWQ,UCsGoJEvb-cFPZ2rWoJcXzEQ,1
UCiC-Jn7wdgyQV4_Urk0DkWQ,UCOcUI5XkTYNMSFhZNMIPpGg,1
UCiC-Jn7wdgyQV4_Urk0DkWQ,UCuXmOjxC-htcprLgeVXz6Tg,1
UCiC-Jn7wdgyQV4_Urk0DkWQ,UCHbwIx9pmQuf7i-4_xO2EpA,1
UCiC-Jn7wdgyQV4_Urk0DkWQ,UCwjUvRseNtJoItylIyIez7Q,1
UCiC-Jn7wdgyQV4_Urk0DkWQ,UCW80DaMjQlEUibC98Cot-Dg,1
UCQIdKuZ-OzuFqy0KjGrgesg,UCWWkebAekppaL5b5CNlppuw,1
UCQIdKuZ-OzuFqy0KjGrgesg,UCHGd14aYuZZShLD73dkk6mg,1
UCXr8_5WtGeipe4haOoQDgyQ,UCQqetiwzzmRNTM5OWuXarGQ,1
UCXr8_5WtGeipe4haOoQDgyQ,UC9xr9QvIcDvoZNUX5f-jaZw,1
UCXr8_5WtGeipe4haOoQDgyQ,UC-hfX8J5JPJ-dfuakzegMLA,1
UCXr8_5WtGeipe4haOoQDgyQ,UCipetjeiWj4CZB6EbyYziZg,1
UCXr8_5WtGeipe4haOoQDgyQ,UCiGRBf2RNF0WRKhRVT7zFoA,1
UCXr8_5WtGeipe4haOoQDgyQ,UCYwpX26TrCxq8TvbKGRYLXA,1
UCXr8_5WtGeipe4haOoQDgyQ,UCDPWkUX3sNNaCx-m1dV4glA,1
UCXr8_5WtGeipe4haOoQDgyQ,UC3qn1yJA5PeW9rkGPatQxiw,1
UCXr8_5WtGeipe4haOoQDgyQ,UCz3gu01bmjNv0DpRq-K3XYg,1
UCXr8_5WtGeipe4haOoQDgyQ,UC8r11yOugM2NuRfitQOxLLg,1
UCXr8_5WtGeipe4haOoQDgyQ,UC4wq3DcbfaG6dtCqn8Oyu3w,1
UCXr8_5WtGeipe4haOoQDgyQ,UCwha8rxULYMVtNwZWeSkE1A,1
UCXr8_5WtGeipe4haOoQDgyQ,UCwO2SXr0ggzwg6QWWrr01nQ,1
UCXr8_5WtGeipe4haOoQDgyQ,UCL13XhnRzbGokEkCkEOb0-g,1
UCXr8_5WtGeipe4haOoQDgyQ,UCUIIIPTVDVHAXqhC_5V6lPA,1
UCXr8_5WtGeipe4haOoQDgyQ,UCXXh7yg5KUFIWylTiKVEFKQ,1
UCXr8_5WtGeipe4haOoQDgyQ,UC9vMq1YF-e7C-VO0SHkbUTA,1
UCXr8_5WtGeipe4haOoQDgyQ,UCErZPJpHmLCsXs8ZWkAUupQ,1
UCXr8_5WtGeipe4haOoQDgyQ,UCQgYjVngJRfPHDLGB5X6ZjA,1
UCXr8_5WtGeipe4haOoQDgyQ,UCTwSut16JyAg3mX6LVUNGqA,1
UCXr8_5WtGeipe4haOoQDgyQ,UCj-LL25XJnjxepPKCc3NGog,1
UCXr8_5WtGeipe4haOoQDgyQ,UCYN4wSQ1Sx4_LurxLlW7MPg,1
UCXr8_5WtGeipe4haOoQDgyQ,UCsSXdJct-nsS8DsABoEsaYA,1
UCXr8_5WtGeipe4haOoQDgyQ,UCOS8ViEkccrTZx2w2ccxotA,1
UCXr8_5WtGeipe4haOoQDgyQ,UCwW2OFy95P7ZBkOPxWkpvYg,1
UCXr8_5WtGeipe4haOoQDgyQ,UCi1b_TRQfgO1Z9O2gNGGWNA,1
UCXr8_5WtGeipe4haOoQDgyQ,UC7VUuJr9cGh845CmTvf7TlQ,1
UCXr8_5WtGeipe4haOoQDgyQ,UCplrIQtaPj6au60_f2-mOYw,1
UCXr8_5WtGeipe4haOoQDgyQ,UCSou6a2OuYGSvPjm5psquyA,1
UCXr8_5WtGeipe4haOoQDgyQ,UCsJJAvrVGupdmhOqgtDp8dg,1
UCXr8_5WtGeipe4haOoQDgyQ,UCFhxtoeARHPnXXPcDrOU3Xg,1
UCXr8_5WtGeipe4haOoQDgyQ,UCGzXwyCzMzGmjmCbH3Hg01Q,1
UCXr8_5WtGeipe4haOoQDgyQ,UC3MYTqpQqlWBuCB7Th0e0PA,1
UCXr8_5WtGeipe4haOoQDgyQ,UC3E9mAgP7VoAE5mZoAexl5g,1
UCXr8_5WtGeipe4haOoQDgyQ,UCB5p8a5gklc80jJItP6xTHg,1
UCXr8_5WtGeipe4haOoQDgyQ,UCcfdg8crmMJwEuLUsAhV7yg,1
UCXr8_5WtGeipe4haOoQDgyQ,UCQtICyzWmhC5woCtbNgaSmg,1
UCXr8_5WtGeipe4haOoQDgyQ,UCLFdHr9BEbXHkoJopbEPLZw,1
UCXr8_5WtGeipe4haOoQDgyQ,UCQtSFINs1h6GHkpg9o5kMvg,1
UCXr8_5WtGeipe4haOoQDgyQ,UCfM3nrxtTQMY5jFx1v1J4Gg,1
UCXr8_5WtGeipe4haOoQDgyQ,UCV0iizTBoOfdAFX_thfI9BA,1
UCXr8_5WtGeipe4haOoQDgyQ,UCFoIAE8k82D6AV-8gjjKaNg,1
UCXr8_5WtGeipe4haOoQDgyQ,UCkd9W714-947dEE6ZOEBATA,1
UCXr8_5WtGeipe4haOoQDgyQ,UCA93ym2TXs_Ibyxb4Vcn-6Q,1
UCXr8_5WtGeipe4haOoQDgyQ,UCFxE8GbokBrBsPEKM1xrOjQ,1
UCXr8_5WtGeipe4haOoQDgyQ,UC8F2V63KZ4ZEay6opX2hAQw,1
UCXr8_5WtGeipe4haOoQDgyQ,UC8G5cJONY8L9voMyBW8Eoug,1
UCXr8_5WtGeipe4haOoQDgyQ,UC3XTwHxygNCgjndsg-UiCQA,1
UCXr8_5WtGeipe4haOoQDgyQ,UCTD6q1nyIe3Y7HhqjaMj72w,1
UCXr8_5WtGeipe4haOoQDgyQ,UC72gBAtyb_VXQlYDcFrh6oQ,1
UCXr8_5WtGeipe4haOoQDgyQ,UC2Y_EHWQKevubk4vOEBBFxw,1
UCXr8_5WtGeipe4haOoQDgyQ,UCTP3O0rMnc8z8v8jaDQwL0w,1
UCXr8_5WtGeipe4haOoQDgyQ,UCAmtbUiIrUIhikru0ZoTFig,1
UCXr8_5WtGeipe4haOoQDgyQ,UCRlCV9zSn7avAWh-9_XFWqQ,1
UCXr8_5WtGeipe4haOoQDgyQ,UCpl8rF8uv_8uui-QRvuJaRA,1
UCXr8_5WtGeipe4haOoQDgyQ,UCsUCN0Yq_UyTvKjOJLmNrnQ,1
UCXr8_5WtGeipe4haOoQDgyQ,UCjSKM9j0Q7HLDr1hD6D-TUw,1
UCXr8_5WtGeipe4haOoQDgyQ,UChep9kVb5gQmpodEEl10Xlg,1
UCXr8_5WtGeipe4haOoQDgyQ,UC-pNP6RMFuLg_-x7Ah_0kEA,1
UCXr8_5WtGeipe4haOoQDgyQ,UCDftMWXQoJ6nONfY7GVOVjg,1
UCXr8_5WtGeipe4haOoQDgyQ,UCEgEQmRbtL5fwr9_DqAC--g,1
UCXr8_5WtGeipe4haOoQDgyQ,UCDQaQv0hr2SS_PO-CMEwVHg,1
UCXr8_5WtGeipe4haOoQDgyQ,UCtNfIBnc5S5DbbQj_yxgJTw,1
UCXr8_5WtGeipe4haOoQDgyQ,UCvApqeCbLod-wejtT4CcVuA,1
UCXr8_5WtGeipe4haOoQDgyQ,UCrJn_rbo_ENAdeqneS-RmRw,1
UCXr8_5WtGeipe4haOoQDgyQ,UCTylKrsqkrBKIqubMu_5N0Q,1
UCXr8_5WtGeipe4haOoQDgyQ,UCFjudnPLoaSL1BaRuLahyHg,1
UCXr8_5WtGeipe4haOoQDgyQ,UCThW2XNsAaBKme5PUt7n-Zg,1
UCXr8_5WtGeipe4haOoQDgyQ,UCmjppp6ujz3SAnULvP3sZMw,1
UCXr8_5WtGeipe4haOoQDgyQ,UCjmPuazZJzscrwvk0QR9RVw,1
UCXr8_5WtGeipe4haOoQDgyQ,UCr1emrogPKkKTs_WTtx71xg,1
UCXr8_5WtGeipe4haOoQDgyQ,UCzSfZlOVxBSs5ObD25ywxDQ,1
UCXr8_5WtGeipe4haOoQDgyQ,UCujPF2nBgsTD62nWE3lcpIg,1
UCXr8_5WtGeipe4haOoQDgyQ,UC4cXueR2bKGFJV0Fk76gwmA,1
UCXr8_5WtGeipe4haOoQDgyQ,UCL1MT278vSaQ83ZDkVWn1gw,1
UCXr8_5WtGeipe4haOoQDgyQ,UCRETAiYdh2dL5ZxB0_N1zDA,1
UCXr8_5WtGeipe4haOoQDgyQ,UCtUR3_CAiE7fCoZHM6cMfyQ,1
UCXr8_5WtGeipe4haOoQDgyQ,UCylqlpsh8ENNM1LqgQ1KbxA,1
UCXr8_5WtGeipe4haOoQDgyQ,UC6YSZqL0vEcI-niPKIMUGfw,1
UCXr8_5WtGeipe4haOoQDgyQ,UC3NMzdMYryaw82kPTnsaljg,1
UCXr8_5WtGeipe4haOoQDgyQ,UCsjs5Hp_r86x1xbK6FAeqaA,1
UCXr8_5WtGeipe4haOoQDgyQ,UCp4iw5_5SmV9VGTFSNVGOmQ,1
UCXr8_5WtGeipe4haOoQDgyQ,UCKDR0f2fu2UzWL8mBv5-BHw,1
UCXr8_5WtGeipe4haOoQDgyQ,UCFUuDARXdmmIrLppEqf-rFg,1
UCXr8_5WtGeipe4haOoQDgyQ,UC5bG9nc_JV3FsNP2KseQiYw,1
UCXr8_5WtGeipe4haOoQDgyQ,UC1vr9aaMI2crB0NvwFHUeoQ,1
UCXr8_5WtGeipe4haOoQDgyQ,UCLggDc_a5HriXv7I1h02sOA,1
UCXr8_5WtGeipe4haOoQDgyQ,UCDUffaruH6dyUnUGwsTKpgg,1
UCXr8_5WtGeipe4haOoQDgyQ,UCDlr1VadSucIZgZ171pRBjQ,1
UCXr8_5WtGeipe4haOoQDgyQ,UCySYJU5kUh7X8gVt9la2ISA,1
UCXr8_5WtGeipe4haOoQDgyQ,UCHTGCgY2l-DQJIvlA_cpa_Q,1
UCXr8_5WtGeipe4haOoQDgyQ,UCNkcuy42zEwddwEcOd_HpnA,1
UCXr8_5WtGeipe4haOoQDgyQ,UC2weSE8rpqkGMOp6StYtVfg,1
UCXr8_5WtGeipe4haOoQDgyQ,UCpsKOkt5iWTbenzeuq7dsmQ,1
UCXr8_5WtGeipe4haOoQDgyQ,UC650pRT-OYzny3GwOH8Cgfw,1
UCXr8_5WtGeipe4haOoQDgyQ,UCl0ekS9Tt0jJGtOEM18S63w,1
UCXr8_5WtGeipe4haOoQDgyQ,UCiMythXHsw7eQEMykCdmMUA,1
UCXr8_5WtGeipe4haOoQDgyQ,UCljDbleJul41G1TzOjOZAVA,1
UCXr8_5WtGeipe4haOoQDgyQ,UCAlzM_N6xBlMYmM8EBzX86Q,1
UCXr8_5WtGeipe4haOoQDgyQ,UChZknRmJkeGeQk0-mQuhDOg,1
UCXr8_5WtGeipe4haOoQDgyQ,UCmvOgzmmXbjUthHy-WJ52hQ,1
UCXr8_5WtGeipe4haOoQDgyQ,UCNBnKqWf4d-rS4HwJRQljmQ,1
UCXr8_5WtGeipe4haOoQDgyQ,UCOh6DaZC_x9HASnlRylEMfw,1
UCXr8_5WtGeipe4haOoQDgyQ,UC-jS_kA9w-OmpupXDx156Rg,1
UCXr8_5WtGeipe4haOoQDgyQ,UCCaYwkkbQGcvFoUmothVdQQ,1
UCXr8_5WtGeipe4haOoQDgyQ,UCXgr7vXlRrsaskPdo097kGA,1
UC_3xuTXvMIWU5MYP9HkJ3vQ,UCjZgFEowMBrsjodqfovzdKw,1
UC_3xuTXvMIWU5MYP9HkJ3vQ,UCIXLDYqR_syskKRJy_x9W9Q,1
UC_3xuTXvMIWU5MYP9HkJ3vQ,UC2ngpd8UBQu4gcUYy0goAtg,1
UC_3xuTXvMIWU5MYP9HkJ3vQ,UCfXykdbSU97rj987LDUGfvg,1
UC_3xuTXvMIWU5MYP9HkJ3vQ,UCLXYp1Cvc5DLtq5UQL5D9vw,1
UC_3xuTXvMIWU5MYP9HkJ3vQ,UCO0zwwLWGyDgQmWPJ5Qrr1w,1
UC_3xuTXvMIWU5MYP9HkJ3vQ,UCXN2s7DwTJm33xO-pNkAdaA,1
UC_3xuTXvMIWU5MYP9HkJ3vQ,UCq3mDTTRZnUybct5M9OSXbg,1
UC_3xuTXvMIWU5MYP9HkJ3vQ,UCfjhejO7LZy4doXURa7LZCQ,1
UC_3xuTXvMIWU5MYP9HkJ3vQ,UCwCfs-2zbD5k0lG-UVg_JBw,1
UCFjudnPLoaSL1BaRuLahyHg,UCQqetiwzzmRNTM5OWuXarGQ,1
UCFjudnPLoaSL1BaRuLahyHg,UC9xr9QvIcDvoZNUX5f-jaZw,1
UCFjudnPLoaSL1BaRuLahyHg,UC-hfX8J5JPJ-dfuakzegMLA,1
UCFjudnPLoaSL1BaRuLahyHg,UCipetjeiWj4CZB6EbyYziZg,1
UCFjudnPLoaSL1BaRuLahyHg,UCiGRBf2RNF0WRKhRVT7zFoA,1
UCFjudnPLoaSL1BaRuLahyHg,UCYwpX26TrCxq8TvbKGRYLXA,1
UCFjudnPLoaSL1BaRuLahyHg,UCDPWkUX3sNNaCx-m1dV4glA,1
UCFjudnPLoaSL1BaRuLahyHg,UC3qn1yJA5PeW9rkGPatQxiw,1
UCFjudnPLoaSL1BaRuLahyHg,UCz3gu01bmjNv0DpRq-K3XYg,1
UCFjudnPLoaSL1BaRuLahyHg,UC8r11yOugM2NuRfitQOxLLg,1
UCFjudnPLoaSL1BaRuLahyHg,UC4wq3DcbfaG6dtCqn8Oyu3w,1
UCFjudnPLoaSL1BaRuLahyHg,UCwha8rxULYMVtNwZWeSkE1A,1
UCFjudnPLoaSL1BaRuLahyHg,UCwO2SXr0ggzwg6QWWrr01nQ,1
UCFjudnPLoaSL1BaRuLahyHg,UCL13XhnRzbGokEkCkEOb0-g,1
UCFjudnPLoaSL1BaRuLahyHg,UCUIIIPTVDVHAXqhC_5V6lPA,1
UCFjudnPLoaSL1BaRuLahyHg,UCXXh7yg5KUFIWylTiKVEFKQ,1
UCFjudnPLoaSL1BaRuLahyHg,UC9vMq1YF-e7C-VO0SHkbUTA,1
UCFjudnPLoaSL1BaRuLahyHg,UCErZPJpHmLCsXs8ZWkAUupQ,1
UCFjudnPLoaSL1BaRuLahyHg,UCQgYjVngJRfPHDLGB5X6ZjA,1
UCFjudnPLoaSL1BaRuLahyHg,UCTwSut16JyAg3mX6LVUNGqA,1
UCFjudnPLoaSL1BaRuLahyHg,UCj-LL25XJnjxepPKCc3NGog,1
UCFjudnPLoaSL1BaRuLahyHg,UCYN4wSQ1Sx4_LurxLlW7MPg,1
UCFjudnPLoaSL1BaRuLahyHg,UCsSXdJct-nsS8DsABoEsaYA,1
UCFjudnPLoaSL1BaRuLahyHg,UCOS8ViEkccrTZx2w2ccxotA,1
UCFjudnPLoaSL1BaRuLahyHg,UCwW2OFy95P7ZBkOPxWkpvYg,1
UCFjudnPLoaSL1BaRuLahyHg,UCi1b_TRQfgO1Z9O2gNGGWNA,1
UCFjudnPLoaSL1BaRuLahyHg,UC7VUuJr9cGh845CmTvf7TlQ,1
UCFjudnPLoaSL1BaRuLahyHg,UCplrIQtaPj6au60_f2-mOYw,1
UCFjudnPLoaSL1BaRuLahyHg,UCSou6a2OuYGSvPjm5psquyA,1
UCFjudnPLoaSL1BaRuLahyHg,UCsJJAvrVGupdmhOqgtDp8dg,1
UCFjudnPLoaSL1BaRuLahyHg,UCFhxtoeARHPnXXPcDrOU3Xg,1
UCFjudnPLoaSL1BaRuLahyHg,UCGzXwyCzMzGmjmCbH3Hg01Q,1
UCFjudnPLoaSL1BaRuLahyHg,UC3MYTqpQqlWBuCB7Th0e0PA,1
UCFjudnPLoaSL1BaRuLahyHg,UC3E9mAgP7VoAE5mZoAexl5g,1
UCFjudnPLoaSL1BaRuLahyHg,UCB5p8a5gklc80jJItP6xTHg,1
UCFjudnPLoaSL1BaRuLahyHg,UCcfdg8crmMJwEuLUsAhV7yg,1
UCFjudnPLoaSL1BaRuLahyHg,UCQtICyzWmhC5woCtbNgaSmg,1
UCFjudnPLoaSL1BaRuLahyHg,UCLFdHr9BEbXHkoJopbEPLZw,1
UCFjudnPLoaSL1BaRuLahyHg,UCQtSFINs1h6GHkpg9o5kMvg,1
UCFjudnPLoaSL1BaRuLahyHg,UCfM3nrxtTQMY5jFx1v1J4Gg,1
UCFjudnPLoaSL1BaRuLahyHg,UCV0iizTBoOfdAFX_thfI9BA,1
UCFjudnPLoaSL1BaRuLahyHg,UCFoIAE8k82D6AV-8gjjKaNg,1
UCFjudnPLoaSL1BaRuLahyHg,UCkd9W714-947dEE6ZOEBATA,1
UCFjudnPLoaSL1BaRuLahyHg,UCA93ym2TXs_Ibyxb4Vcn-6Q,1
UCFjudnPLoaSL1BaRuLahyHg,UCFxE8GbokBrBsPEKM1xrOjQ,1
UCFjudnPLoaSL1BaRuLahyHg,UC8F2V63KZ4ZEay6opX2hAQw,1
UCFjudnPLoaSL1BaRuLahyHg,UC8G5cJONY8L9voMyBW8Eoug,1
UCFjudnPLoaSL1BaRuLahyHg,UC3XTwHxygNCgjndsg-UiCQA,1
UCFjudnPLoaSL1BaRuLahyHg,UCTD6q1nyIe3Y7HhqjaMj72w,1
UCFjudnPLoaSL1BaRuLahyHg,UC72gBAtyb_VXQlYDcFrh6oQ,1
UCFjudnPLoaSL1BaRuLahyHg,UC2Y_EHWQKevubk4vOEBBFxw,1
UCFjudnPLoaSL1BaRuLahyHg,UCTP3O0rMnc8z8v8jaDQwL0w,1
UCFjudnPLoaSL1BaRuLahyHg,UCAmtbUiIrUIhikru0ZoTFig,1
UCFjudnPLoaSL1BaRuLahyHg,UCRlCV9zSn7avAWh-9_XFWqQ,1
UCFjudnPLoaSL1BaRuLahyHg,UCpl8rF8uv_8uui-QRvuJaRA,1
UCFjudnPLoaSL1BaRuLahyHg,UCsUCN0Yq_UyTvKjOJLmNrnQ,1
UCFjudnPLoaSL1BaRuLahyHg,UCjSKM9j0Q7HLDr1hD6D-TUw,1
UCFjudnPLoaSL1BaRuLahyHg,UChep9kVb5gQmpodEEl10Xlg,1
UCFjudnPLoaSL1BaRuLahyHg,UC-pNP6RMFuLg_-x7Ah_0kEA,1
UCFjudnPLoaSL1BaRuLahyHg,UCDftMWXQoJ6nONfY7GVOVjg,1
UCFjudnPLoaSL1BaRuLahyHg,UCEgEQmRbtL5fwr9_DqAC--g,1
UCFjudnPLoaSL1BaRuLahyHg,UCDQaQv0hr2SS_PO-CMEwVHg,1
UCFjudnPLoaSL1BaRuLahyHg,UCtNfIBnc5S5DbbQj_yxgJTw,1
UCFjudnPLoaSL1BaRuLahyHg,UCvApqeCbLod-wejtT4CcVuA,1
UCFjudnPLoaSL1BaRuLahyHg,UCrJn_rbo_ENAdeqneS-RmRw,1
UCFjudnPLoaSL1BaRuLahyHg,UCTylKrsqkrBKIqubMu_5N0Q,1
UCFjudnPLoaSL1BaRuLahyHg,UCThW2XNsAaBKme5PUt7n-Zg,1
UCFjudnPLoaSL1BaRuLahyHg,UCmjppp6ujz3SAnULvP3sZMw,1
UCFjudnPLoaSL1BaRuLahyHg,UCjmPuazZJzscrwvk0QR9RVw,1
UCFjudnPLoaSL1BaRuLahyHg,UCr1emrogPKkKTs_WTtx71xg,1
UCFjudnPLoaSL1BaRuLahyHg,UCzSfZlOVxBSs5ObD25ywxDQ,1
UCFjudnPLoaSL1BaRuLahyHg,UCujPF2nBgsTD62nWE3lcpIg,1
UCFjudnPLoaSL1BaRuLahyHg,UC4cXueR2bKGFJV0Fk76gwmA,1
UCFjudnPLoaSL1BaRuLahyHg,UCL1MT278vSaQ83ZDkVWn1gw,1
UCFjudnPLoaSL1BaRuLahyHg,UCRETAiYdh2dL5ZxB0_N1zDA,1
UCFjudnPLoaSL1BaRuLahyHg,UCtUR3_CAiE7fCoZHM6cMfyQ,1
UCFjudnPLoaSL1BaRuLahyHg,UCylqlpsh8ENNM1LqgQ1KbxA,1
UCFjudnPLoaSL1BaRuLahyHg,UC6YSZqL0vEcI-niPKIMUGfw,1
UCFjudnPLoaSL1BaRuLahyHg,UC3NMzdMYryaw82kPTnsaljg,1
UCFjudnPLoaSL1BaRuLahyHg,UCsjs5Hp_r86x1xbK6FAeqaA,1
UCFjudnPLoaSL1BaRuLahyHg,UCp4iw5_5SmV9VGTFSNVGOmQ,1
UCFjudnPLoaSL1BaRuLahyHg,UCKDR0f2fu2UzWL8mBv5-BHw,1
UCFjudnPLoaSL1BaRuLahyHg,UCFUuDARXdmmIrLppEqf-rFg,1
UCFjudnPLoaSL1BaRuLahyHg,UC5bG9nc_JV3FsNP2KseQiYw,1
UCFjudnPLoaSL1BaRuLahyHg,UC1vr9aaMI2crB0NvwFHUeoQ,1
UCFjudnPLoaSL1BaRuLahyHg,UCLggDc_a5HriXv7I1h02sOA,1
UCFjudnPLoaSL1BaRuLahyHg,UCDUffaruH6dyUnUGwsTKpgg,1
UCFjudnPLoaSL1BaRuLahyHg,UCDlr1VadSucIZgZ171pRBjQ,1
UCFjudnPLoaSL1BaRuLahyHg,UCySYJU5kUh7X8gVt9la2ISA,1
UCFjudnPLoaSL1BaRuLahyHg,UCHTGCgY2l-DQJIvlA_cpa_Q,1
UCFjudnPLoaSL1BaRuLahyHg,UCNkcuy42zEwddwEcOd_HpnA,1
UCFjudnPLoaSL1BaRuLahyHg,UC2weSE8rpqkGMOp6StYtVfg,1
UCFjudnPLoaSL1BaRuLahyHg,UCpsKOkt5iWTbenzeuq7dsmQ,1
UCFjudnPLoaSL1BaRuLahyHg,UC650pRT-OYzny3GwOH8Cgfw,1
UCFjudnPLoaSL1BaRuLahyHg,UCl0ekS9Tt0jJGtOEM18S63w,1
UCFjudnPLoaSL1BaRuLahyHg,UCiMythXHsw7eQEMykCdmMUA,1
UCFjudnPLoaSL1BaRuLahyHg,UCljDbleJul41G1TzOjOZAVA,1
UCFjudnPLoaSL1BaRuLahyHg,UCAlzM_N6xBlMYmM8EBzX86Q,1
UCFjudnPLoaSL1BaRuLahyHg,UChZknRmJkeGeQk0-mQuhDOg,1
UCFjudnPLoaSL1BaRuLahyHg,UCmvOgzmmXbjUthHy-WJ52hQ,1
UCFjudnPLoaSL1BaRuLahyHg,UCNBnKqWf4d-rS4HwJRQljmQ,1
UCFjudnPLoaSL1BaRuLahyHg,UCOh6DaZC_x9HASnlRylEMfw,1
UCFjudnPLoaSL1BaRuLahyHg,UC-jS_kA9w-OmpupXDx156Rg,1
UCFjudnPLoaSL1BaRuLahyHg,UCCaYwkkbQGcvFoUmothVdQQ,1
UCFjudnPLoaSL1BaRuLahyHg,UCXgr7vXlRrsaskPdo097kGA,1
UC-pNP6RMFuLg_-x7Ah_0kEA,UCQqetiwzzmRNTM5OWuXarGQ,1
UC-pNP6RMFuLg_-x7Ah_0kEA,UC9xr9QvIcDvoZNUX5f-jaZw,1
UC-pNP6RMFuLg_-x7Ah_0kEA,UC-hfX8J5JPJ-dfuakzegMLA,1
UC-pNP6RMFuLg_-x7Ah_0kEA,UCipetjeiWj4CZB6EbyYziZg,1
UC-pNP6RMFuLg_-x7Ah_0kEA,UCiGRBf2RNF0WRKhRVT7zFoA,1
UC-pNP6RMFuLg_-x7Ah_0kEA,UCYwpX26TrCxq8TvbKGRYLXA,1
UC-pNP6RMFuLg_-x7Ah_0kEA,UCDPWkUX3sNNaCx-m1dV4glA,1
UC-pNP6RMFuLg_-x7Ah_0kEA,UC3qn1yJA5PeW9rkGPatQxiw,1
UC-pNP6RMFuLg_-x7Ah_0kEA,UCz3gu01bmjNv0DpRq-K3XYg,1
UC-pNP6RMFuLg_-x7Ah_0kEA,UC8r11yOugM2NuRfitQOxLLg,1
UC-pNP6RMFuLg_-x7Ah_0kEA,UC4wq3DcbfaG6dtCqn8Oyu3w,1
UC-pNP6RMFuLg_-x7Ah_0kEA,UCwha8rxULYMVtNwZWeSkE1A,1
UC-pNP6RMFuLg_-x7Ah_0kEA,UCwO2SXr0ggzwg6QWWrr01nQ,1
UC-pNP6RMFuLg_-x7Ah_0kEA,UCL13XhnRzbGokEkCkEOb0-g,1
UC-pNP6RMFuLg_-x7Ah_0kEA,UCUIIIPTVDVHAXqhC_5V6lPA,1
UC-pNP6RMFuLg_-x7Ah_0kEA,UCXXh7yg5KUFIWylTiKVEFKQ,1
UC-pNP6RMFuLg_-x7Ah_0kEA,UC9vMq1YF-e7C-VO0SHkbUTA,1
UC-pNP6RMFuLg_-x7Ah_0kEA,UCErZPJpHmLCsXs8ZWkAUupQ,1
UC-pNP6RMFuLg_-x7Ah_0kEA,UCQgYjVngJRfPHDLGB5X6ZjA,1
UC-pNP6RMFuLg_-x7Ah_0kEA,UCTwSut16JyAg3mX6LVUNGqA,1
UC-pNP6RMFuLg_-x7Ah_0kEA,UCj-LL25XJnjxepPKCc3NGog,1
UC-pNP6RMFuLg_-x7Ah_0kEA,UCYN4wSQ1Sx4_LurxLlW7MPg,1
UC-pNP6RMFuLg_-x7Ah_0kEA,UCsSXdJct-nsS8DsABoEsaYA,1
UC-pNP6RMFuLg_-x7Ah_0kEA,UCOS8ViEkccrTZx2w2ccxotA,1
UC-pNP6RMFuLg_-x7Ah_0kEA,UCwW2OFy95P7ZBkOPxWkpvYg,1
UC-pNP6RMFuLg_-x7Ah_0kEA,UCi1b_TRQfgO1Z9O2gNGGWNA,1
UC-pNP6RMFuLg_-x7Ah_0kEA,UC7VUuJr9cGh845CmTvf7TlQ,1
UC-pNP6RMFuLg_-x7Ah_0kEA,UCplrIQtaPj6au60_f2-mOYw,1
UC-pNP6RMFuLg_-x7Ah_0kEA,UCSou6a2OuYGSvPjm5psquyA,1
UC-pNP6RMFuLg_-x7Ah_0kEA,UCsJJAvrVGupdmhOqgtDp8dg,1
UC-pNP6RMFuLg_-x7Ah_0kEA,UCFhxtoeARHPnXXPcDrOU3Xg,1
UC-pNP6RMFuLg_-x7Ah_0kEA,UCGzXwyCzMzGmjmCbH3Hg01Q,1
UC-pNP6RMFuLg_-x7Ah_0kEA,UC3MYTqpQqlWBuCB7Th0e0PA,1
UC-pNP6RMFuLg_-x7Ah_0kEA,UC3E9mAgP7VoAE5mZoAexl5g,1
UC-pNP6RMFuLg_-x7Ah_0kEA,UCB5p8a5gklc80jJItP6xTHg,1
UC-pNP6RMFuLg_-x7Ah_0kEA,UCcfdg8crmMJwEuLUsAhV7yg,1
UC-pNP6RMFuLg_-x7Ah_0kEA,UCQtICyzWmhC5woCtbNgaSmg,1
UC-pNP6RMFuLg_-x7Ah_0kEA,UCLFdHr9BEbXHkoJopbEPLZw,1
UC-pNP6RMFuLg_-x7Ah_0kEA,UCQtSFINs1h6GHkpg9o5kMvg,1
UC-pNP6RMFuLg_-x7Ah_0kEA,UCfM3nrxtTQMY5jFx1v1J4Gg,1
UC-pNP6RMFuLg_-x7Ah_0kEA,UCV0iizTBoOfdAFX_thfI9BA,1
UC-pNP6RMFuLg_-x7Ah_0kEA,UCFoIAE8k82D6AV-8gjjKaNg,1
UC-pNP6RMFuLg_-x7Ah_0kEA,UCkd9W714-947dEE6ZOEBATA,1
UC-pNP6RMFuLg_-x7Ah_0kEA,UCA93ym2TXs_Ibyxb4Vcn-6Q,1
UC-pNP6RMFuLg_-x7Ah_0kEA,UCFxE8GbokBrBsPEKM1xrOjQ,1
UC-pNP6RMFuLg_-x7Ah_0kEA,UC8F2V63KZ4ZEay6opX2hAQw,1
UC-pNP6RMFuLg_-x7Ah_0kEA,UC8G5cJONY8L9voMyBW8Eoug,1
UC-pNP6RMFuLg_-x7Ah_0kEA,UC3XTwHxygNCgjndsg-UiCQA,1
UC-pNP6RMFuLg_-x7Ah_0kEA,UCTD6q1nyIe3Y7HhqjaMj72w,1
UC-pNP6RMFuLg_-x7Ah_0kEA,UC72gBAtyb_VXQlYDcFrh6oQ,1
UC-pNP6RMFuLg_-x7Ah_0kEA,UC2Y_EHWQKevubk4vOEBBFxw,1
UC-pNP6RMFuLg_-x7Ah_0kEA,UCTP3O0rMnc8z8v8jaDQwL0w,1
UC-pNP6RMFuLg_-x7Ah_0kEA,UCAmtbUiIrUIhikru0ZoTFig,1
UC-pNP6RMFuLg_-x7Ah_0kEA,UCRlCV9zSn7avAWh-9_XFWqQ,1
UC-pNP6RMFuLg_-x7Ah_0kEA,UCpl8rF8uv_8uui-QRvuJaRA,1
UC-pNP6RMFuLg_-x7Ah_0kEA,UCsUCN0Yq_UyTvKjOJLmNrnQ,1
UC-pNP6RMFuLg_-x7Ah_0kEA,UCjSKM9j0Q7HLDr1hD6D-TUw,1
UC-pNP6RMFuLg_-x7Ah_0kEA,UChep9kVb5gQmpodEEl10Xlg,1
UC-pNP6RMFuLg_-x7Ah_0kEA,UCDftMWXQoJ6nONfY7GVOVjg,1
UC-pNP6RMFuLg_-x7Ah_0kEA,UCEgEQmRbtL5fwr9_DqAC--g,1
UC-pNP6RMFuLg_-x7Ah_0kEA,UCDQaQv0hr2SS_PO-CMEwVHg,1
UC-pNP6RMFuLg_-x7Ah_0kEA,UCtNfIBnc5S5DbbQj_yxgJTw,1
UC-pNP6RMFuLg_-x7Ah_0kEA,UCvApqeCbLod-wejtT4CcVuA,1
UC-pNP6RMFuLg_-x7Ah_0kEA,UCrJn_rbo_ENAdeqneS-RmRw,1
UC-pNP6RMFuLg_-x7Ah_0kEA,UCTylKrsqkrBKIqubMu_5N0Q,1
UC-pNP6RMFuLg_-x7Ah_0kEA,UCThW2XNsAaBKme5PUt7n-Zg,1
UC-pNP6RMFuLg_-x7Ah_0kEA,UCmjppp6ujz3SAnULvP3sZMw,1
UC-pNP6RMFuLg_-x7Ah_0kEA,UCjmPuazZJzscrwvk0QR9RVw,1
UC-pNP6RMFuLg_-x7Ah_0kEA,UCr1emrogPKkKTs_WTtx71xg,1
UC-pNP6RMFuLg_-x7Ah_0kEA,UCzSfZlOVxBSs5ObD25ywxDQ,1
UC-pNP6RMFuLg_-x7Ah_0kEA,UCujPF2nBgsTD62nWE3lcpIg,1
UC-pNP6RMFuLg_-x7Ah_0kEA,UC4cXueR2bKGFJV0Fk76gwmA,1
UC-pNP6RMFuLg_-x7Ah_0kEA,UCL1MT278vSaQ83ZDkVWn1gw,1
UC-pNP6RMFuLg_-x7Ah_0kEA,UCRETAiYdh2dL5ZxB0_N1zDA,1
UC-pNP6RMFuLg_-x7Ah_0kEA,UCtUR3_CAiE7fCoZHM6cMfyQ,1
UC-pNP6RMFuLg_-x7Ah_0kEA,UCylqlpsh8ENNM1LqgQ1KbxA,1
UC-pNP6RMFuLg_-x7Ah_0kEA,UC6YSZqL0vEcI-niPKIMUGfw,1
UC-pNP6RMFuLg_-x7Ah_0kEA,UC3NMzdMYryaw82kPTnsaljg,1
UC-pNP6RMFuLg_-x7Ah_0kEA,UCsjs5Hp_r86x1xbK6FAeqaA,1
UC-pNP6RMFuLg_-x7Ah_0kEA,UCp4iw5_5SmV9VGTFSNVGOmQ,1
UC-pNP6RMFuLg_-x7Ah_0kEA,UCKDR0f2fu2UzWL8mBv5-BHw,1
UC-pNP6RMFuLg_-x7Ah_0kEA,UCFUuDARXdmmIrLppEqf-rFg,1
UC-pNP6RMFuLg_-x7Ah_0kEA,UC5bG9nc_JV3FsNP2KseQiYw,1
UC-pNP6RMFuLg_-x7Ah_0kEA,UC1vr9aaMI2crB0NvwFHUeoQ,1
UC-pNP6RMFuLg_-x7Ah_0kEA,UCLggDc_a5HriXv7I1h02sOA,1
UC-pNP6RMFuLg_-x7Ah_0kEA,UCDUffaruH6dyUnUGwsTKpgg,1
UC-pNP6RMFuLg_-x7Ah_0kEA,UCDlr1VadSucIZgZ171pRBjQ,1
UC-pNP6RMFuLg_-x7Ah_0kEA,UCySYJU5kUh7X8gVt9la2ISA,1
UC-pNP6RMFuLg_-x7Ah_0kEA,UCHTGCgY2l-DQJIvlA_cpa_Q,1
UC-pNP6RMFuLg_-x7Ah_0kEA,UCNkcuy42zEwddwEcOd_HpnA,1
UC-pNP6RMFuLg_-x7Ah_0kEA,UC2weSE8rpqkGMOp6StYtVfg,1
UC-pNP6RMFuLg_-x7Ah_0kEA,UCpsKOkt5iWTbenzeuq7dsmQ,1
UC-pNP6RMFuLg_-x7Ah_0kEA,UC650pRT-OYzny3GwOH8Cgfw,1
UC-pNP6RMFuLg_-x7Ah_0kEA,UCl0ekS9Tt0jJGtOEM18S63w,1
UC-pNP6RMFuLg_-x7Ah_0kEA,UCiMythXHsw7eQEMykCdmMUA,1
UC-pNP6RMFuLg_-x7Ah_0kEA,UCljDbleJul41G1TzOjOZAVA,1
UC-pNP6RMFuLg_-x7Ah_0kEA,UCAlzM_N6xBlMYmM8EBzX86Q,1
UC-pNP6RMFuLg_-x7Ah_0kEA,UChZknRmJkeGeQk0-mQuhDOg,1
UC-pNP6RMFuLg_-x7Ah_0kEA,UCmvOgzmmXbjUthHy-WJ52hQ,1
UC-pNP6RMFuLg_-x7Ah_0kEA,UCNBnKqWf4d-rS4HwJRQljmQ,1
UC-pNP6RMFuLg_-x7Ah_0kEA,UCOh6DaZC_x9HASnlRylEMfw,1
UC-pNP6RMFuLg_-x7Ah_0kEA,UC-jS_kA9w-OmpupXDx156Rg,1
UC-pNP6RMFuLg_-x7Ah_0kEA,UCCaYwkkbQGcvFoUmothVdQQ,1
UC-pNP6RMFuLg_-x7Ah_0kEA,UCXgr7vXlRrsaskPdo097kGA,1
UC1Y7x3h0c95Z8kUhi-Tzaeg,UCPZueDLrCS4BmTBRMA4q0fA,1
UC1Y7x3h0c95Z8kUhi-Tzaeg,UCf5lnNZF7Qrtli9v4N_23WQ,1
UC1Y7x3h0c95Z8kUhi-Tzaeg,UCHTGCgY2l-DQJIvlA_cpa_Q,1
UC1Y7x3h0c95Z8kUhi-Tzaeg,UCg3eIfd7BrsLEqS0BLkftHA,1
UC1Y7x3h0c95Z8kUhi-Tzaeg,UCuP4UK33HKtJE_S39ksmaTw,1
UC1Y7x3h0c95Z8kUhi-Tzaeg,UCusjriFsDHEc2AOjqk-p5ig,1
UC1Y7x3h0c95Z8kUhi-Tzaeg,UCbYoNG5J3Au5BqtbXogfEFw,1
UC1Y7x3h0c95Z8kUhi-Tzaeg,UC8xlJWNHz1V_W6q3fbuQH8g,1
UC1Y7x3h0c95Z8kUhi-Tzaeg,UCN2N_wYOw6fMwCeSzdXLPIw,1
UC1Y7x3h0c95Z8kUhi-Tzaeg,UClsrFGJKWPxxw7MiaEdKLXw,1
UC1Y7x3h0c95Z8kUhi-Tzaeg,UCAV7QIjYhbDJaycQycM_0eQ,1
UC1Y7x3h0c95Z8kUhi-Tzaeg,UCgQJgI9vu1FI2dnC9mrFthw,1
UC1Y7x3h0c95Z8kUhi-Tzaeg,UCVQf0tzL7xRzFJsABVVULpg,1
UC1Y7x3h0c95Z8kUhi-Tzaeg,UCGX_UbAQOXGZknv5iqklwTA,1
UC1Y7x3h0c95Z8kUhi-Tzaeg,UCtNyHmRZtvGF2hSvI2dUBWw,1
UC1Y7x3h0c95Z8kUhi-Tzaeg,UCzZ6dDCEsLMXbc5pCFXIprw,1
UC1Y7x3h0c95Z8kUhi-Tzaeg,UC7IMsCxfZyWN7YQo8-JYa6Q,1
UC1Y7x3h0c95Z8kUhi-Tzaeg,UCNIeXbV_mEwpa412h1aqUWw,1
UC1WlJfQmaIskYhP4gmWoamw,UCIgoiXdIKJyUGmUoH2Lxdzg,1
UC1WlJfQmaIskYhP4gmWoamw,UCbNanjFI51cwGqMAb2rOrBw,1
UC1WlJfQmaIskYhP4gmWoamw,UCZjm6U576nX8WOiLhmMR3bw,1
UC1WlJfQmaIskYhP4gmWoamw,UCat2qkYvqmtDNEmo2PVuhXw,1
UC1WlJfQmaIskYhP4gmWoamw,UCBlm80VQ4YoV3bUJR_XhkaQ,1
UC1WlJfQmaIskYhP4gmWoamw,UC-QOpE7GOxlXcHZ8b7HbQKA,1
UC1WlJfQmaIskYhP4gmWoamw,UCVdjCrh4tQoX3haNAZv-n5A,1
UC1WlJfQmaIskYhP4gmWoamw,UCPNXmbOBVeC4HS-xemvcPtQ,1
UC1WlJfQmaIskYhP4gmWoamw,UCozFYHN0e_-vlQbX3wQGOug,1
UC1WlJfQmaIskYhP4gmWoamw,UCQMMuADgqWUOcJpLwHOzC-g,1
UC1WlJfQmaIskYhP4gmWoamw,UCrqXyRsg-_hTosURZ-uvoKg,1
UC1WlJfQmaIskYhP4gmWoamw,UCGZMgmM92E3njyXNe9-kjAQ,1
UC1WlJfQmaIskYhP4gmWoamw,UCp_dAUfv8i3LW3zWc24dLaQ,1
UC3MYTqpQqlWBuCB7Th0e0PA,UCQqetiwzzmRNTM5OWuXarGQ,1
UC3MYTqpQqlWBuCB7Th0e0PA,UC9xr9QvIcDvoZNUX5f-jaZw,1
UC3MYTqpQqlWBuCB7Th0e0PA,UC-hfX8J5JPJ-dfuakzegMLA,1
UC3MYTqpQqlWBuCB7Th0e0PA,UCipetjeiWj4CZB6EbyYziZg,1
UC3MYTqpQqlWBuCB7Th0e0PA,UCiGRBf2RNF0WRKhRVT7zFoA,1
UC3MYTqpQqlWBuCB7Th0e0PA,UCYwpX26TrCxq8TvbKGRYLXA,1
UC3MYTqpQqlWBuCB7Th0e0PA,UCDPWkUX3sNNaCx-m1dV4glA,1
UC3MYTqpQqlWBuCB7Th0e0PA,UC3qn1yJA5PeW9rkGPatQxiw,1
UC3MYTqpQqlWBuCB7Th0e0PA,UCz3gu01bmjNv0DpRq-K3XYg,1
UC3MYTqpQqlWBuCB7Th0e0PA,UC8r11yOugM2NuRfitQOxLLg,1
UC3MYTqpQqlWBuCB7Th0e0PA,UC4wq3DcbfaG6dtCqn8Oyu3w,1
UC3MYTqpQqlWBuCB7Th0e0PA,UCwha8rxULYMVtNwZWeSkE1A,1
UC3MYTqpQqlWBuCB7Th0e0PA,UCwO2SXr0ggzwg6QWWrr01nQ,1
UC3MYTqpQqlWBuCB7Th0e0PA,UCL13XhnRzbGokEkCkEOb0-g,1
UC3MYTqpQqlWBuCB7Th0e0PA,UCUIIIPTVDVHAXqhC_5V6lPA,1
UC3MYTqpQqlWBuCB7Th0e0PA,UCXXh7yg5KUFIWylTiKVEFKQ,1
UC3MYTqpQqlWBuCB7Th0e0PA,UC9vMq1YF-e7C-VO0SHkbUTA,1
UC3MYTqpQqlWBuCB7Th0e0PA,UCErZPJpHmLCsXs8ZWkAUupQ,1
UC3MYTqpQqlWBuCB7Th0e0PA,UCQgYjVngJRfPHDLGB5X6ZjA,1
UC3MYTqpQqlWBuCB7Th0e0PA,UCTwSut16JyAg3mX6LVUNGqA,1
UC3MYTqpQqlWBuCB7Th0e0PA,UCj-LL25XJnjxepPKCc3NGog,1
UC3MYTqpQqlWBuCB7Th0e0PA,UCYN4wSQ1Sx4_LurxLlW7MPg,1
UC3MYTqpQqlWBuCB7Th0e0PA,UCsSXdJct-nsS8DsABoEsaYA,1
UC3MYTqpQqlWBuCB7Th0e0PA,UCOS8ViEkccrTZx2w2ccxotA,1
UC3MYTqpQqlWBuCB7Th0e0PA,UCwW2OFy95P7ZBkOPxWkpvYg,1
UC3MYTqpQqlWBuCB7Th0e0PA,UCi1b_TRQfgO1Z9O2gNGGWNA,1
UC3MYTqpQqlWBuCB7Th0e0PA,UC7VUuJr9cGh845CmTvf7TlQ,1
UC3MYTqpQqlWBuCB7Th0e0PA,UCplrIQtaPj6au60_f2-mOYw,1
UC3MYTqpQqlWBuCB7Th0e0PA,UCSou6a2OuYGSvPjm5psquyA,1
UC3MYTqpQqlWBuCB7Th0e0PA,UCsJJAvrVGupdmhOqgtDp8dg,1
UC3MYTqpQqlWBuCB7Th0e0PA,UCFhxtoeARHPnXXPcDrOU3Xg,1
UC3MYTqpQqlWBuCB7Th0e0PA,UCGzXwyCzMzGmjmCbH3Hg01Q,1
UC3MYTqpQqlWBuCB7Th0e0PA,UC3E9mAgP7VoAE5mZoAexl5g,1
UC3MYTqpQqlWBuCB7Th0e0PA,UCB5p8a5gklc80jJItP6xTHg,1
UC3MYTqpQqlWBuCB7Th0e0PA,UCcfdg8crmMJwEuLUsAhV7yg,1
UC3MYTqpQqlWBuCB7Th0e0PA,UCQtICyzWmhC5woCtbNgaSmg,1
UC3MYTqpQqlWBuCB7Th0e0PA,UCLFdHr9BEbXHkoJopbEPLZw,1
UC3MYTqpQqlWBuCB7Th0e0PA,UCQtSFINs1h6GHkpg9o5kMvg,1
UC3MYTqpQqlWBuCB7Th0e0PA,UCfM3nrxtTQMY5jFx1v1J4Gg,1
UC3MYTqpQqlWBuCB7Th0e0PA,UCV0iizTBoOfdAFX_thfI9BA,1
UC3MYTqpQqlWBuCB7Th0e0PA,UCFoIAE8k82D6AV-8gjjKaNg,1
UC3MYTqpQqlWBuCB7Th0e0PA,UCkd9W714-947dEE6ZOEBATA,1
UC3MYTqpQqlWBuCB7Th0e0PA,UCA93ym2TXs_Ibyxb4Vcn-6Q,1
UC3MYTqpQqlWBuCB7Th0e0PA,UCFxE8GbokBrBsPEKM1xrOjQ,1
UC3MYTqpQqlWBuCB7Th0e0PA,UC8F2V63KZ4ZEay6opX2hAQw,1
UC3MYTqpQqlWBuCB7Th0e0PA,UC8G5cJONY8L9voMyBW8Eoug,1
UC3MYTqpQqlWBuCB7Th0e0PA,UC3XTwHxygNCgjndsg-UiCQA,1
UC3MYTqpQqlWBuCB7Th0e0PA,UCTD6q1nyIe3Y7HhqjaMj72w,1
UC3MYTqpQqlWBuCB7Th0e0PA,UC72gBAtyb_VXQlYDcFrh6oQ,1
UC3MYTqpQqlWBuCB7Th0e0PA,UC2Y_EHWQKevubk4vOEBBFxw,1
UC3MYTqpQqlWBuCB7Th0e0PA,UCTP3O0rMnc8z8v8jaDQwL0w,1
UC3MYTqpQqlWBuCB7Th0e0PA,UCAmtbUiIrUIhikru0ZoTFig,1
UC3MYTqpQqlWBuCB7Th0e0PA,UCRlCV9zSn7avAWh-9_XFWqQ,1
UC3MYTqpQqlWBuCB7Th0e0PA,UCpl8rF8uv_8uui-QRvuJaRA,1
UC3MYTqpQqlWBuCB7Th0e0PA,UCsUCN0Yq_UyTvKjOJLmNrnQ,1
UC3MYTqpQqlWBuCB7Th0e0PA,UCjSKM9j0Q7HLDr1hD6D-TUw,1
UC3MYTqpQqlWBuCB7Th0e0PA,UChep9kVb5gQmpodEEl10Xlg,1
UC3MYTqpQqlWBuCB7Th0e0PA,UCDftMWXQoJ6nONfY7GVOVjg,1
UC3MYTqpQqlWBuCB7Th0e0PA,UCEgEQmRbtL5fwr9_DqAC--g,1
UC3MYTqpQqlWBuCB7Th0e0PA,UCDQaQv0hr2SS_PO-CMEwVHg,1
UC3MYTqpQqlWBuCB7Th0e0PA,UCtNfIBnc5S5DbbQj_yxgJTw,1
UC3MYTqpQqlWBuCB7Th0e0PA,UCvApqeCbLod-wejtT4CcVuA,1
UC3MYTqpQqlWBuCB7Th0e0PA,UCrJn_rbo_ENAdeqneS-RmRw,1
UC3MYTqpQqlWBuCB7Th0e0PA,UCTylKrsqkrBKIqubMu_5N0Q,1
UC3MYTqpQqlWBuCB7Th0e0PA,UCThW2XNsAaBKme5PUt7n-Zg,1
UC3MYTqpQqlWBuCB7Th0e0PA,UCmjppp6ujz3SAnULvP3sZMw,1
UC3MYTqpQqlWBuCB7Th0e0PA,UCjmPuazZJzscrwvk0QR9RVw,1
UC3MYTqpQqlWBuCB7Th0e0PA,UCr1emrogPKkKTs_WTtx71xg,1
UC3MYTqpQqlWBuCB7Th0e0PA,UCzSfZlOVxBSs5ObD25ywxDQ,1
UC3MYTqpQqlWBuCB7Th0e0PA,UCujPF2nBgsTD62nWE3lcpIg,1
UC3MYTqpQqlWBuCB7Th0e0PA,UC4cXueR2bKGFJV0Fk76gwmA,1
UC3MYTqpQqlWBuCB7Th0e0PA,UCL1MT278vSaQ83ZDkVWn1gw,1
UC3MYTqpQqlWBuCB7Th0e0PA,UCRETAiYdh2dL5ZxB0_N1zDA,1
UC3MYTqpQqlWBuCB7Th0e0PA,UCtUR3_CAiE7fCoZHM6cMfyQ,1
UC3MYTqpQqlWBuCB7Th0e0PA,UCylqlpsh8ENNM1LqgQ1KbxA,1
UC3MYTqpQqlWBuCB7Th0e0PA,UC6YSZqL0vEcI-niPKIMUGfw,1
UC3MYTqpQqlWBuCB7Th0e0PA,UC3NMzdMYryaw82kPTnsaljg,1
UC3MYTqpQqlWBuCB7Th0e0PA,UCsjs5Hp_r86x1xbK6FAeqaA,1
UC3MYTqpQqlWBuCB7Th0e0PA,UCp4iw5_5SmV9VGTFSNVGOmQ,1
UC3MYTqpQqlWBuCB7Th0e0PA,UCKDR0f2fu2UzWL8mBv5-BHw,1
UC3MYTqpQqlWBuCB7Th0e0PA,UCFUuDARXdmmIrLppEqf-rFg,1
UC3MYTqpQqlWBuCB7Th0e0PA,UC5bG9nc_JV3FsNP2KseQiYw,1
UC3MYTqpQqlWBuCB7Th0e0PA,UC1vr9aaMI2crB0NvwFHUeoQ,1
UC3MYTqpQqlWBuCB7Th0e0PA,UCLggDc_a5HriXv7I1h02sOA,1
UC3MYTqpQqlWBuCB7Th0e0PA,UCDUffaruH6dyUnUGwsTKpgg,1
UC3MYTqpQqlWBuCB7Th0e0PA,UCDlr1VadSucIZgZ171pRBjQ,1
UC3MYTqpQqlWBuCB7Th0e0PA,UCySYJU5kUh7X8gVt9la2ISA,1
UC3MYTqpQqlWBuCB7Th0e0PA,UCHTGCgY2l-DQJIvlA_cpa_Q,1
UC3MYTqpQqlWBuCB7Th0e0PA,UCNkcuy42zEwddwEcOd_HpnA,1
UC3MYTqpQqlWBuCB7Th0e0PA,UC2weSE8rpqkGMOp6StYtVfg,1
UC3MYTqpQqlWBuCB7Th0e0PA,UCpsKOkt5iWTbenzeuq7dsmQ,1
UC3MYTqpQqlWBuCB7Th0e0PA,UC650pRT-OYzny3GwOH8Cgfw,1
UC3MYTqpQqlWBuCB7Th0e0PA,UCl0ekS9Tt0jJGtOEM18S63w,1
UC3MYTqpQqlWBuCB7Th0e0PA,UCiMythXHsw7eQEMykCdmMUA,1
UC3MYTqpQqlWBuCB7Th0e0PA,UCljDbleJul41G1TzOjOZAVA,1
UC3MYTqpQqlWBuCB7Th0e0PA,UCAlzM_N6xBlMYmM8EBzX86Q,1
UC3MYTqpQqlWBuCB7Th0e0PA,UChZknRmJkeGeQk0-mQuhDOg,1
UC3MYTqpQqlWBuCB7Th0e0PA,UCmvOgzmmXbjUthHy-WJ52hQ,1
UC3MYTqpQqlWBuCB7Th0e0PA,UCNBnKqWf4d-rS4HwJRQljmQ,1
UC3MYTqpQqlWBuCB7Th0e0PA,UCOh6DaZC_x9HASnlRylEMfw,1
UC3MYTqpQqlWBuCB7Th0e0PA,UC-jS_kA9w-OmpupXDx156Rg,1
UC3MYTqpQqlWBuCB7Th0e0PA,UCCaYwkkbQGcvFoUmothVdQQ,1
UC3MYTqpQqlWBuCB7Th0e0PA,UCXgr7vXlRrsaskPdo097kGA,1
UCOcUI5XkTYNMSFhZNMIPpGg,UCpe5jW3MIqkgTJ-PgkzvM6Q,1
UCOcUI5XkTYNMSFhZNMIPpGg,UCDrmf9y9nLgFY5wnA2hTuGA,1
UCOcUI5XkTYNMSFhZNMIPpGg,UC-fiZBS5Gp1eCJd9ucgWnCg,1
UCOcUI5XkTYNMSFhZNMIPpGg,UCZeIIQrGAedW8tCbKWmGY-A,1
UCOcUI5XkTYNMSFhZNMIPpGg,UCCBYcToQ2dwkd6TJh0FSyDg,1
UCOcUI5XkTYNMSFhZNMIPpGg,UCQqlPPUGqAfWjd-FSh_qn7Q,1
UCOcUI5XkTYNMSFhZNMIPpGg,UCUoYsrx1oZnCZ0usbBJn4fA,1
UCOcUI5XkTYNMSFhZNMIPpGg,UC_LYoGs5C3mbZKZuKuqYCvw,1
UCOcUI5XkTYNMSFhZNMIPpGg,UColMq7LmaoY3MT6aIDGrGvA,1
UCOcUI5XkTYNMSFhZNMIPpGg,UCRvPToDkkumha7WJAfCDk1A,1
UCOcUI5XkTYNMSFhZNMIPpGg,UCu8_3-Wg-YzNyvHYQDEscfw,1
UCOcUI5XkTYNMSFhZNMIPpGg,UCylqlpsh8ENNM1LqgQ1KbxA,1
UCOcUI5XkTYNMSFhZNMIPpGg,UC32oozucwCF3q8d4m8fyOUg,1
UCOcUI5XkTYNMSFhZNMIPpGg,UCV0lM03g5fg5pbPj97-sAtA,1
UCOcUI5XkTYNMSFhZNMIPpGg,UCW-JC6lebVmf2P1dmY_L94g,1
UCOcUI5XkTYNMSFhZNMIPpGg,UCAKuKvcbfnBD3kF5njNu-IA,1
UCOcUI5XkTYNMSFhZNMIPpGg,UC3UVO7pTbeYvZ3ILEyRDskQ,1
UCOcUI5XkTYNMSFhZNMIPpGg,UC816IGbFCZinfYS1LRDaaHg,1
UCOcUI5XkTYNMSFhZNMIPpGg,UC4Avya4kmR4Q0FrfFdBozSQ,1
UCOcUI5XkTYNMSFhZNMIPpGg,UCgJNFj5dnxXpcMvmuhZDPxA,1
UCOcUI5XkTYNMSFhZNMIPpGg,UC1DpqK6vaPEkBOMNvypsKYg,1
UCOcUI5XkTYNMSFhZNMIPpGg,UCpsKOkt5iWTbenzeuq7dsmQ,1
UCOcUI5XkTYNMSFhZNMIPpGg,UCWoAVGVqCn4xtINCMOTM4jg,1
UCOcUI5XkTYNMSFhZNMIPpGg,UClqA491Xa5fQcXcJJa-vTWw,1
UCOcUI5XkTYNMSFhZNMIPpGg,UCe8JZoYkX5oKUZyivHYdXhw,1
UCOcUI5XkTYNMSFhZNMIPpGg,UClhMWQ7XKWywYvbRnuf8QsA,1
UCOcUI5XkTYNMSFhZNMIPpGg,UC5hvEnRUzI4Kfvwnyi4QxqQ,1
UCOcUI5XkTYNMSFhZNMIPpGg,UCGGHbtfbbe0o68etrOf0qxw,1
UCOcUI5XkTYNMSFhZNMIPpGg,UCgQw_Sbq3ugruDUKsq1e0-A,1
UCOcUI5XkTYNMSFhZNMIPpGg,UC6Uj1FT5JjDSF8vudvDxPAA,1
UCOcUI5XkTYNMSFhZNMIPpGg,UC7dadZG7kkGYnsNu6td0FbA,1
UCOcUI5XkTYNMSFhZNMIPpGg,UCsGoJEvb-cFPZ2rWoJcXzEQ,1
UCOcUI5XkTYNMSFhZNMIPpGg,UCuXmOjxC-htcprLgeVXz6Tg,1
UCOcUI5XkTYNMSFhZNMIPpGg,UCHbwIx9pmQuf7i-4_xO2EpA,1
UCOcUI5XkTYNMSFhZNMIPpGg,UCwjUvRseNtJoItylIyIez7Q,1
UCOcUI5XkTYNMSFhZNMIPpGg,UCW80DaMjQlEUibC98Cot-Dg,1
UCOS8ViEkccrTZx2w2ccxotA,UCQqetiwzzmRNTM5OWuXarGQ,1
UCOS8ViEkccrTZx2w2ccxotA,UC9xr9QvIcDvoZNUX5f-jaZw,1
UCOS8ViEkccrTZx2w2ccxotA,UC-hfX8J5JPJ-dfuakzegMLA,1
UCOS8ViEkccrTZx2w2ccxotA,UCipetjeiWj4CZB6EbyYziZg,1
UCOS8ViEkccrTZx2w2ccxotA,UCiGRBf2RNF0WRKhRVT7zFoA,1
UCOS8ViEkccrTZx2w2ccxotA,UCYwpX26TrCxq8TvbKGRYLXA,1
UCOS8ViEkccrTZx2w2ccxotA,UCDPWkUX3sNNaCx-m1dV4glA,1
UCOS8ViEkccrTZx2w2ccxotA,UC3qn1yJA5PeW9rkGPatQxiw,1
UCOS8ViEkccrTZx2w2ccxotA,UCz3gu01bmjNv0DpRq-K3XYg,1
UCOS8ViEkccrTZx2w2ccxotA,UC8r11yOugM2NuRfitQOxLLg,1
UCOS8ViEkccrTZx2w2ccxotA,UC4wq3DcbfaG6dtCqn8Oyu3w,1
UCOS8ViEkccrTZx2w2ccxotA,UCwha8rxULYMVtNwZWeSkE1A,1
UCOS8ViEkccrTZx2w2ccxotA,UCwO2SXr0ggzwg6QWWrr01nQ,1
UCOS8ViEkccrTZx2w2ccxotA,UCL13XhnRzbGokEkCkEOb0-g,1
UCOS8ViEkccrTZx2w2ccxotA,UCUIIIPTVDVHAXqhC_5V6lPA,1
UCOS8ViEkccrTZx2w2ccxotA,UCXXh7yg5KUFIWylTiKVEFKQ,1
UCOS8ViEkccrTZx2w2ccxotA,UC9vMq1YF-e7C-VO0SHkbUTA,1
UCOS8ViEkccrTZx2w2ccxotA,UCErZPJpHmLCsXs8ZWkAUupQ,1
UCOS8ViEkccrTZx2w2ccxotA,UCQgYjVngJRfPHDLGB5X6ZjA,1
UCOS8ViEkccrTZx2w2ccxotA,UCTwSut16JyAg3mX6LVUNGqA,1
UCOS8ViEkccrTZx2w2ccxotA,UCj-LL25XJnjxepPKCc3NGog,1
UCOS8ViEkccrTZx2w2ccxotA,UCYN4wSQ1Sx4_LurxLlW7MPg,1
UCOS8ViEkccrTZx2w2ccxotA,UCsSXdJct-nsS8DsABoEsaYA,1
UCOS8ViEkccrTZx2w2ccxotA,UCwW2OFy95P7ZBkOPxWkpvYg,1
UCOS8ViEkccrTZx2w2ccxotA,UCi1b_TRQfgO1Z9O2gNGGWNA,1
UCOS8ViEkccrTZx2w2ccxotA,UC7VUuJr9cGh845CmTvf7TlQ,1
UCOS8ViEkccrTZx2w2ccxotA,UCplrIQtaPj6au60_f2-mOYw,1
UCOS8ViEkccrTZx2w2ccxotA,UCSou6a2OuYGSvPjm5psquyA,1
UCOS8ViEkccrTZx2w2ccxotA,UCsJJAvrVGupdmhOqgtDp8dg,1
UCOS8ViEkccrTZx2w2ccxotA,UCFhxtoeARHPnXXPcDrOU3Xg,1
UCOS8ViEkccrTZx2w2ccxotA,UCGzXwyCzMzGmjmCbH3Hg01Q,1
UCOS8ViEkccrTZx2w2ccxotA,UC3E9mAgP7VoAE5mZoAexl5g,1
UCOS8ViEkccrTZx2w2ccxotA,UCB5p8a5gklc80jJItP6xTHg,1
UCOS8ViEkccrTZx2w2ccxotA,UCcfdg8crmMJwEuLUsAhV7yg,1
UCOS8ViEkccrTZx2w2ccxotA,UCQtICyzWmhC5woCtbNgaSmg,1
UCOS8ViEkccrTZx2w2ccxotA,UCLFdHr9BEbXHkoJopbEPLZw,1
UCOS8ViEkccrTZx2w2ccxotA,UCQtSFINs1h6GHkpg9o5kMvg,1
UCOS8ViEkccrTZx2w2ccxotA,UCfM3nrxtTQMY5jFx1v1J4Gg,1
UCOS8ViEkccrTZx2w2ccxotA,UCV0iizTBoOfdAFX_thfI9BA,1
UCOS8ViEkccrTZx2w2ccxotA,UCFoIAE8k82D6AV-8gjjKaNg,1
UCOS8ViEkccrTZx2w2ccxotA,UCkd9W714-947dEE6ZOEBATA,1
UCOS8ViEkccrTZx2w2ccxotA,UCA93ym2TXs_Ibyxb4Vcn-6Q,1
UCOS8ViEkccrTZx2w2ccxotA,UCFxE8GbokBrBsPEKM1xrOjQ,1
UCOS8ViEkccrTZx2w2ccxotA,UC8F2V63KZ4ZEay6opX2hAQw,1
UCOS8ViEkccrTZx2w2ccxotA,UC8G5cJONY8L9voMyBW8Eoug,1
UCOS8ViEkccrTZx2w2ccxotA,UC3XTwHxygNCgjndsg-UiCQA,1
UCOS8ViEkccrTZx2w2ccxotA,UCTD6q1nyIe3Y7HhqjaMj72w,1
UCOS8ViEkccrTZx2w2ccxotA,UC72gBAtyb_VXQlYDcFrh6oQ,1
UCOS8ViEkccrTZx2w2ccxotA,UC2Y_EHWQKevubk4vOEBBFxw,1
UCOS8ViEkccrTZx2w2ccxotA,UCTP3O0rMnc8z8v8jaDQwL0w,1
UCOS8ViEkccrTZx2w2ccxotA,UCAmtbUiIrUIhikru0ZoTFig,1
UCOS8ViEkccrTZx2w2ccxotA,UCRlCV9zSn7avAWh-9_XFWqQ,1
UCOS8ViEkccrTZx2w2ccxotA,UCpl8rF8uv_8uui-QRvuJaRA,1
UCOS8ViEkccrTZx2w2ccxotA,UCsUCN0Yq_UyTvKjOJLmNrnQ,1
UCOS8ViEkccrTZx2w2ccxotA,UCjSKM9j0Q7HLDr1hD6D-TUw,1
UCOS8ViEkccrTZx2w2ccxotA,UChep9kVb5gQmpodEEl10Xlg,1
UCOS8ViEkccrTZx2w2ccxotA,UCDftMWXQoJ6nONfY7GVOVjg,1
UCOS8ViEkccrTZx2w2ccxotA,UCEgEQmRbtL5fwr9_DqAC--g,1
UCOS8ViEkccrTZx2w2ccxotA,UCDQaQv0hr2SS_PO-CMEwVHg,1
UCOS8ViEkccrTZx2w2ccxotA,UCtNfIBnc5S5DbbQj_yxgJTw,1
UCOS8ViEkccrTZx2w2ccxotA,UCvApqeCbLod-wejtT4CcVuA,1
UCOS8ViEkccrTZx2w2ccxotA,UCrJn_rbo_ENAdeqneS-RmRw,1
UCOS8ViEkccrTZx2w2ccxotA,UCTylKrsqkrBKIqubMu_5N0Q,1
UCOS8ViEkccrTZx2w2ccxotA,UCThW2XNsAaBKme5PUt7n-Zg,1
UCOS8ViEkccrTZx2w2ccxotA,UCmjppp6ujz3SAnULvP3sZMw,1
UCOS8ViEkccrTZx2w2ccxotA,UCjmPuazZJzscrwvk0QR9RVw,1
UCOS8ViEkccrTZx2w2ccxotA,UCr1emrogPKkKTs_WTtx71xg,1
UCOS8ViEkccrTZx2w2ccxotA,UCzSfZlOVxBSs5ObD25ywxDQ,1
UCOS8ViEkccrTZx2w2ccxotA,UCujPF2nBgsTD62nWE3lcpIg,1
UCOS8ViEkccrTZx2w2ccxotA,UC4cXueR2bKGFJV0Fk76gwmA,1
UCOS8ViEkccrTZx2w2ccxotA,UCL1MT278vSaQ83ZDkVWn1gw,1
UCOS8ViEkccrTZx2w2ccxotA,UCRETAiYdh2dL5ZxB0_N1zDA,1
UCOS8ViEkccrTZx2w2ccxotA,UCtUR3_CAiE7fCoZHM6cMfyQ,1
UCOS8ViEkccrTZx2w2ccxotA,UCylqlpsh8ENNM1LqgQ1KbxA,1
UCOS8ViEkccrTZx2w2ccxotA,UC6YSZqL0vEcI-niPKIMUGfw,1
UCOS8ViEkccrTZx2w2ccxotA,UC3NMzdMYryaw82kPTnsaljg,1
UCOS8ViEkccrTZx2w2ccxotA,UCsjs5Hp_r86x1xbK6FAeqaA,1
UCOS8ViEkccrTZx2w2ccxotA,UCp4iw5_5SmV9VGTFSNVGOmQ,1
UCOS8ViEkccrTZx2w2ccxotA,UCKDR0f2fu2UzWL8mBv5-BHw,1
UCOS8ViEkccrTZx2w2ccxotA,UCFUuDARXdmmIrLppEqf-rFg,1
UCOS8ViEkccrTZx2w2ccxotA,UC5bG9nc_JV3FsNP2KseQiYw,1
UCOS8ViEkccrTZx2w2ccxotA,UC1vr9aaMI2crB0NvwFHUeoQ,1
UCOS8ViEkccrTZx2w2ccxotA,UCLggDc_a5HriXv7I1h02sOA,1
UCOS8ViEkccrTZx2w2ccxotA,UCDUffaruH6dyUnUGwsTKpgg,1
UCOS8ViEkccrTZx2w2ccxotA,UCDlr1VadSucIZgZ171pRBjQ,1
UCOS8ViEkccrTZx2w2ccxotA,UCySYJU5kUh7X8gVt9la2ISA,1
UCOS8ViEkccrTZx2w2ccxotA,UCHTGCgY2l-DQJIvlA_cpa_Q,1
UCOS8ViEkccrTZx2w2ccxotA,UCNkcuy42zEwddwEcOd_HpnA,1
UCOS8ViEkccrTZx2w2ccxotA,UC2weSE8rpqkGMOp6StYtVfg,1
UCOS8ViEkccrTZx2w2ccxotA,UCpsKOkt5iWTbenzeuq7dsmQ,1
UCOS8ViEkccrTZx2w2ccxotA,UC650pRT-OYzny3GwOH8Cgfw,1
UCOS8ViEkccrTZx2w2ccxotA,UCl0ekS9Tt0jJGtOEM18S63w,1
UCOS8ViEkccrTZx2w2ccxotA,UCiMythXHsw7eQEMykCdmMUA,1
UCOS8ViEkccrTZx2w2ccxotA,UCljDbleJul41G1TzOjOZAVA,1
UCOS8ViEkccrTZx2w2ccxotA,UCAlzM_N6xBlMYmM8EBzX86Q,1
UCOS8ViEkccrTZx2w2ccxotA,UChZknRmJkeGeQk0-mQuhDOg,1
UCOS8ViEkccrTZx2w2ccxotA,UCmvOgzmmXbjUthHy-WJ52hQ,1
UCOS8ViEkccrTZx2w2ccxotA,UCNBnKqWf4d-rS4HwJRQljmQ,1
UCOS8ViEkccrTZx2w2ccxotA,UCOh6DaZC_x9HASnlRylEMfw,1
UCOS8ViEkccrTZx2w2ccxotA,UC-jS_kA9w-OmpupXDx156Rg,1
UCOS8ViEkccrTZx2w2ccxotA,UCCaYwkkbQGcvFoUmothVdQQ,1
UCOS8ViEkccrTZx2w2ccxotA,UCXgr7vXlRrsaskPdo097kGA,1
UC3iIU62XKUOWuqL8BqBzj9A,UC094EFEmMSdwVa8NQjjYBXg,1
UC3iIU62XKUOWuqL8BqBzj9A,UC5PrBbmUlQolwqmiru7yZhw,1
UC3iIU62XKUOWuqL8BqBzj9A,UCHu8x4MVkayU6VgwVKd--MQ,1
UC3iIU62XKUOWuqL8BqBzj9A,UCsUCN0Yq_UyTvKjOJLmNrnQ,1
UC3iIU62XKUOWuqL8BqBzj9A,UCGm3gRBEHGRJYmtCryZLtDw,1
UC3iIU62XKUOWuqL8BqBzj9A,UC9Wp6vL5oCU37qC3Aj94WZA,1
UCV3fr-YOixFKCZBbJP1-X4w,UCql1n3Ey6ULMSOACjMe-fxQ,1
UCV3fr-YOixFKCZBbJP1-X4w,UC-HeUTT6_g-VoiWds2a4H-w,1
UCV3fr-YOixFKCZBbJP1-X4w,UCheEJ5GZuIvV0fj-nXyVwXw,1
UCV3fr-YOixFKCZBbJP1-X4w,UCtsxPYw8VUsH_FfnKg-0lmw,1
UCV3fr-YOixFKCZBbJP1-X4w,UCvDwJBBY1mHK70aTEYl6rsA,1
UCV3fr-YOixFKCZBbJP1-X4w,UCfo_yUPzy1f1POwwZxhZ06Q,1
UCV3fr-YOixFKCZBbJP1-X4w,UCRfkkatKrNtAARnXMMYBGlA,1
UCV3fr-YOixFKCZBbJP1-X4w,UCyJhqmMbsvjpoarBBStA2kg,1
UCV3fr-YOixFKCZBbJP1-X4w,UCa36MjQLoPAmgJo-R3G8WQA,1
UCV3fr-YOixFKCZBbJP1-X4w,UCZFQwqh90apuL8eFhvRBkUg,1
UCV3fr-YOixFKCZBbJP1-X4w,UCEHXl4VvvVpq-_4xC5tsbhg,1
UCV3fr-YOixFKCZBbJP1-X4w,UCtCtts20bW6F9CSohau51Iw,1
UCV3fr-YOixFKCZBbJP1-X4w,UCp29O_C7cchZV8IxV7Crdag,1
UCV3fr-YOixFKCZBbJP1-X4w,UCjZgFEowMBrsjodqfovzdKw,1
UCV3fr-YOixFKCZBbJP1-X4w,UC1NiEdJ7gk6FlDexIalWnGg,1
UCV3fr-YOixFKCZBbJP1-X4w,UC3YpzAr7pcdKC7BVFEpYzog,1
UCV3fr-YOixFKCZBbJP1-X4w,UC63tFvbQ_hJhGDi2nbjssjw,1
UCV3fr-YOixFKCZBbJP1-X4w,UCaT4saRcyqCLE657Rq2hhZQ,1
UCV3fr-YOixFKCZBbJP1-X4w,UC14qlobYKqD-DO0j6b75lcA,1
UCV3fr-YOixFKCZBbJP1-X4w,UC0HvfEWozTHbwl_iEmJNvVA,1
UCV3fr-YOixFKCZBbJP1-X4w,UC-Iul5tDYH_oiAMXQH-KaaQ,1
UCV3fr-YOixFKCZBbJP1-X4w,UCgGqw4aqMdMVSGkKiMgrJRQ,1
UCV3fr-YOixFKCZBbJP1-X4w,UCzZ6dDCEsLMXbc5pCFXIprw,1
UCV3fr-YOixFKCZBbJP1-X4w,UChyps3dqY-VY1_wLeq-2lhw,1
UCV3fr-YOixFKCZBbJP1-X4w,UCeQk-WfEA-cJRq4EKeE7TOw,1
UCmjppp6ujz3SAnULvP3sZMw,UCQqetiwzzmRNTM5OWuXarGQ,1
UCmjppp6ujz3SAnULvP3sZMw,UC9xr9QvIcDvoZNUX5f-jaZw,1
UCmjppp6ujz3SAnULvP3sZMw,UC-hfX8J5JPJ-dfuakzegMLA,1
UCmjppp6ujz3SAnULvP3sZMw,UCipetjeiWj4CZB6EbyYziZg,1
UCmjppp6ujz3SAnULvP3sZMw,UCiGRBf2RNF0WRKhRVT7zFoA,1
UCmjppp6ujz3SAnULvP3sZMw,UCYwpX26TrCxq8TvbKGRYLXA,1
UCmjppp6ujz3SAnULvP3sZMw,UCDPWkUX3sNNaCx-m1dV4glA,1
UCmjppp6ujz3SAnULvP3sZMw,UC3qn1yJA5PeW9rkGPatQxiw,1
UCmjppp6ujz3SAnULvP3sZMw,UCz3gu01bmjNv0DpRq-K3XYg,1
UCmjppp6ujz3SAnULvP3sZMw,UC8r11yOugM2NuRfitQOxLLg,1
UCmjppp6ujz3SAnULvP3sZMw,UC4wq3DcbfaG6dtCqn8Oyu3w,1
UCmjppp6ujz3SAnULvP3sZMw,UCwha8rxULYMVtNwZWeSkE1A,1
UCmjppp6ujz3SAnULvP3sZMw,UCwO2SXr0ggzwg6QWWrr01nQ,1
UCmjppp6ujz3SAnULvP3sZMw,UCL13XhnRzbGokEkCkEOb0-g,1
UCmjppp6ujz3SAnULvP3sZMw,UCUIIIPTVDVHAXqhC_5V6lPA,1
UCmjppp6ujz3SAnULvP3sZMw,UCXXh7yg5KUFIWylTiKVEFKQ,1
UCmjppp6ujz3SAnULvP3sZMw,UC9vMq1YF-e7C-VO0SHkbUTA,1
UCmjppp6ujz3SAnULvP3sZMw,UCErZPJpHmLCsXs8ZWkAUupQ,1
UCmjppp6ujz3SAnULvP3sZMw,UCQgYjVngJRfPHDLGB5X6ZjA,1
UCmjppp6ujz3SAnULvP3sZMw,UCTwSut16JyAg3mX6LVUNGqA,1
UCmjppp6ujz3SAnULvP3sZMw,UCj-LL25XJnjxepPKCc3NGog,1
UCmjppp6ujz3SAnULvP3sZMw,UCYN4wSQ1Sx4_LurxLlW7MPg,1
UCmjppp6ujz3SAnULvP3sZMw,UCsSXdJct-nsS8DsABoEsaYA,1
UCmjppp6ujz3SAnULvP3sZMw,UCwW2OFy95P7ZBkOPxWkpvYg,1
UCmjppp6ujz3SAnULvP3sZMw,UCi1b_TRQfgO1Z9O2gNGGWNA,1
UCmjppp6ujz3SAnULvP3sZMw,UC7VUuJr9cGh845CmTvf7TlQ,1
UCmjppp6ujz3SAnULvP3sZMw,UCplrIQtaPj6au60_f2-mOYw,1
UCmjppp6ujz3SAnULvP3sZMw,UCSou6a2OuYGSvPjm5psquyA,1
UCmjppp6ujz3SAnULvP3sZMw,UCsJJAvrVGupdmhOqgtDp8dg,1
UCmjppp6ujz3SAnULvP3sZMw,UCFhxtoeARHPnXXPcDrOU3Xg,1
UCmjppp6ujz3SAnULvP3sZMw,UCGzXwyCzMzGmjmCbH3Hg01Q,1
UCmjppp6ujz3SAnULvP3sZMw,UC3E9mAgP7VoAE5mZoAexl5g,1
UCmjppp6ujz3SAnULvP3sZMw,UCB5p8a5gklc80jJItP6xTHg,1
UCmjppp6ujz3SAnULvP3sZMw,UCcfdg8crmMJwEuLUsAhV7yg,1
UCmjppp6ujz3SAnULvP3sZMw,UCQtICyzWmhC5woCtbNgaSmg,1
UCmjppp6ujz3SAnULvP3sZMw,UCLFdHr9BEbXHkoJopbEPLZw,1
UCmjppp6ujz3SAnULvP3sZMw,UCQtSFINs1h6GHkpg9o5kMvg,1
UCmjppp6ujz3SAnULvP3sZMw,UCfM3nrxtTQMY5jFx1v1J4Gg,1
UCmjppp6ujz3SAnULvP3sZMw,UCV0iizTBoOfdAFX_thfI9BA,1
UCmjppp6ujz3SAnULvP3sZMw,UCFoIAE8k82D6AV-8gjjKaNg,1
UCmjppp6ujz3SAnULvP3sZMw,UCkd9W714-947dEE6ZOEBATA,1
UCmjppp6ujz3SAnULvP3sZMw,UCA93ym2TXs_Ibyxb4Vcn-6Q,1
UCmjppp6ujz3SAnULvP3sZMw,UCFxE8GbokBrBsPEKM1xrOjQ,1
UCmjppp6ujz3SAnULvP3sZMw,UC8F2V63KZ4ZEay6opX2hAQw,1
UCmjppp6ujz3SAnULvP3sZMw,UC8G5cJONY8L9voMyBW8Eoug,1
UCmjppp6ujz3SAnULvP3sZMw,UC3XTwHxygNCgjndsg-UiCQA,1
UCmjppp6ujz3SAnULvP3sZMw,UCTD6q1nyIe3Y7HhqjaMj72w,1
UCmjppp6ujz3SAnULvP3sZMw,UC72gBAtyb_VXQlYDcFrh6oQ,1
UCmjppp6ujz3SAnULvP3sZMw,UC2Y_EHWQKevubk4vOEBBFxw,1
UCmjppp6ujz3SAnULvP3sZMw,UCTP3O0rMnc8z8v8jaDQwL0w,1
UCmjppp6ujz3SAnULvP3sZMw,UCAmtbUiIrUIhikru0ZoTFig,1
UCmjppp6ujz3SAnULvP3sZMw,UCRlCV9zSn7avAWh-9_XFWqQ,1
UCmjppp6ujz3SAnULvP3sZMw,UCpl8rF8uv_8uui-QRvuJaRA,1
UCmjppp6ujz3SAnULvP3sZMw,UCsUCN0Yq_UyTvKjOJLmNrnQ,1
UCmjppp6ujz3SAnULvP3sZMw,UCjSKM9j0Q7HLDr1hD6D-TUw,1
UCmjppp6ujz3SAnULvP3sZMw,UChep9kVb5gQmpodEEl10Xlg,1
UCmjppp6ujz3SAnULvP3sZMw,UCDftMWXQoJ6nONfY7GVOVjg,1
UCmjppp6ujz3SAnULvP3sZMw,UCEgEQmRbtL5fwr9_DqAC--g,1
UCmjppp6ujz3SAnULvP3sZMw,UCDQaQv0hr2SS_PO-CMEwVHg,1
UCmjppp6ujz3SAnULvP3sZMw,UCtNfIBnc5S5DbbQj_yxgJTw,1
UCmjppp6ujz3SAnULvP3sZMw,UCvApqeCbLod-wejtT4CcVuA,1
UCmjppp6ujz3SAnULvP3sZMw,UCrJn_rbo_ENAdeqneS-RmRw,1
UCmjppp6ujz3SAnULvP3sZMw,UCTylKrsqkrBKIqubMu_5N0Q,1
UCmjppp6ujz3SAnULvP3sZMw,UCThW2XNsAaBKme5PUt7n-Zg,1
UCmjppp6ujz3SAnULvP3sZMw,UCjmPuazZJzscrwvk0QR9RVw,1
UCmjppp6ujz3SAnULvP3sZMw,UCr1emrogPKkKTs_WTtx71xg,1
UCmjppp6ujz3SAnULvP3sZMw,UCzSfZlOVxBSs5ObD25ywxDQ,1
UCmjppp6ujz3SAnULvP3sZMw,UCujPF2nBgsTD62nWE3lcpIg,1
UCmjppp6ujz3SAnULvP3sZMw,UC4cXueR2bKGFJV0Fk76gwmA,1
UCmjppp6ujz3SAnULvP3sZMw,UCL1MT278vSaQ83ZDkVWn1gw,1
UCmjppp6ujz3SAnULvP3sZMw,UCRETAiYdh2dL5ZxB0_N1zDA,1
UCmjppp6ujz3SAnULvP3sZMw,UCtUR3_CAiE7fCoZHM6cMfyQ,1
UCmjppp6ujz3SAnULvP3sZMw,UCylqlpsh8ENNM1LqgQ1KbxA,1
UCmjppp6ujz3SAnULvP3sZMw,UC6YSZqL0vEcI-niPKIMUGfw,1
UCmjppp6ujz3SAnULvP3sZMw,UC3NMzdMYryaw82kPTnsaljg,1
UCmjppp6ujz3SAnULvP3sZMw,UCsjs5Hp_r86x1xbK6FAeqaA,1
UCmjppp6ujz3SAnULvP3sZMw,UCp4iw5_5SmV9VGTFSNVGOmQ,1
UCmjppp6ujz3SAnULvP3sZMw,UCKDR0f2fu2UzWL8mBv5-BHw,1
UCmjppp6ujz3SAnULvP3sZMw,UCFUuDARXdmmIrLppEqf-rFg,1
UCmjppp6ujz3SAnULvP3sZMw,UC5bG9nc_JV3FsNP2KseQiYw,1
UCmjppp6ujz3SAnULvP3sZMw,UC1vr9aaMI2crB0NvwFHUeoQ,1
UCmjppp6ujz3SAnULvP3sZMw,UCLggDc_a5HriXv7I1h02sOA,1
UCmjppp6ujz3SAnULvP3sZMw,UCDUffaruH6dyUnUGwsTKpgg,1
UCmjppp6ujz3SAnULvP3sZMw,UCDlr1VadSucIZgZ171pRBjQ,1
UCmjppp6ujz3SAnULvP3sZMw,UCySYJU5kUh7X8gVt9la2ISA,1
UCmjppp6ujz3SAnULvP3sZMw,UCHTGCgY2l-DQJIvlA_cpa_Q,1
UCmjppp6ujz3SAnULvP3sZMw,UCNkcuy42zEwddwEcOd_HpnA,1
UCmjppp6ujz3SAnULvP3sZMw,UC2weSE8rpqkGMOp6StYtVfg,1
UCmjppp6ujz3SAnULvP3sZMw,UCpsKOkt5iWTbenzeuq7dsmQ,1
UCmjppp6ujz3SAnULvP3sZMw,UC650pRT-OYzny3GwOH8Cgfw,1
UCmjppp6ujz3SAnULvP3sZMw,UCl0ekS9Tt0jJGtOEM18S63w,1
UCmjppp6ujz3SAnULvP3sZMw,UCiMythXHsw7eQEMykCdmMUA,1
UCmjppp6ujz3SAnULvP3sZMw,UCljDbleJul41G1TzOjOZAVA,1
UCmjppp6ujz3SAnULvP3sZMw,UCAlzM_N6xBlMYmM8EBzX86Q,1
UCmjppp6ujz3SAnULvP3sZMw,UChZknRmJkeGeQk0-mQuhDOg,1
UCmjppp6ujz3SAnULvP3sZMw,UCmvOgzmmXbjUthHy-WJ52hQ,1
UCmjppp6ujz3SAnULvP3sZMw,UCNBnKqWf4d-rS4HwJRQljmQ,1
UCmjppp6ujz3SAnULvP3sZMw,UCOh6DaZC_x9HASnlRylEMfw,1
UCmjppp6ujz3SAnULvP3sZMw,UC-jS_kA9w-OmpupXDx156Rg,1
UCmjppp6ujz3SAnULvP3sZMw,UCCaYwkkbQGcvFoUmothVdQQ,1
UCmjppp6ujz3SAnULvP3sZMw,UCXgr7vXlRrsaskPdo097kGA,1
UC5PyGvSfFM--OVKmQ3COu6g,UCHMQ_lDhibZ-XZ_3fo6oxwg,1
UC5PyGvSfFM--OVKmQ3COu6g,UCFOxCyF926Y9eHhMeVoWLzw,1
UC5PyGvSfFM--OVKmQ3COu6g,UCaT6M2zp7X6r6Whd8Vv3kHQ,1
UC5PyGvSfFM--OVKmQ3COu6g,UC0RpuMwkDKJYqgKHtsJRuWQ,1
UC5PyGvSfFM--OVKmQ3COu6g,UC5fvhAfm89JH8eDFdvc0xYw,1
UC5PyGvSfFM--OVKmQ3COu6g,UCqilIa8r7iek5sGYg_q6ofA,1
UC5PyGvSfFM--OVKmQ3COu6g,UC0aEyakBPqcBkVJiErfSupQ,1
UC5PyGvSfFM--OVKmQ3COu6g,UCi-vPdnpQreC7BkFs40mJGA,1
UC5PyGvSfFM--OVKmQ3COu6g,UCRznz9-N3Qc1w-qNdLSIY2Q,1
UC5PyGvSfFM--OVKmQ3COu6g,UC_ljZ1hZXR9pzexFz87P5ZA,1
UC5PyGvSfFM--OVKmQ3COu6g,UCIp19h9igblA2YKfSLPDAug,1
UC5PyGvSfFM--OVKmQ3COu6g,UCRcSR3Lvn9DZAmJpVPANfZQ,1
UC5PyGvSfFM--OVKmQ3COu6g,UCGqKxQS-z3NZzZF-2w338AA,1
UC5PyGvSfFM--OVKmQ3COu6g,UCSTAUWVc1_82DHYeqOsqEFA,1
UC5PyGvSfFM--OVKmQ3COu6g,UCs_5qeqdku9tGAq22y3OcuQ,1
UC5PyGvSfFM--OVKmQ3COu6g,UCIUhbSCy3-SGRe5UtqM4fzQ,1
UC5PyGvSfFM--OVKmQ3COu6g,UCwUAv3_LpWVtTIi7lkmTL7A,1
UC5PyGvSfFM--OVKmQ3COu6g,UCyzf29IYjNw67gGIfsjgtxA,1
UC5PyGvSfFM--OVKmQ3COu6g,UCgLrWFdYitoP-b7-PxtUr-w,1
UC5PyGvSfFM--OVKmQ3COu6g,UCY7Hq7F9Lnucf-Yr6JkHZNw,1
UC5PyGvSfFM--OVKmQ3COu6g,UCxKR3RA8T-kxMgq_2WWhRcQ,1
UC5PyGvSfFM--OVKmQ3COu6g,UCtMBF_1O2jY2INlb_luuB_A,1
UCQqetiwzzmRNTM5OWuXarGQ,UC9xr9QvIcDvoZNUX5f-jaZw,1
UCQqetiwzzmRNTM5OWuXarGQ,UC-hfX8J5JPJ-dfuakzegMLA,1
UCQqetiwzzmRNTM5OWuXarGQ,UCipetjeiWj4CZB6EbyYziZg,1
UCQqetiwzzmRNTM5OWuXarGQ,UCiGRBf2RNF0WRKhRVT7zFoA,1
UCQqetiwzzmRNTM5OWuXarGQ,UCYwpX26TrCxq8TvbKGRYLXA,1
UCQqetiwzzmRNTM5OWuXarGQ,UCDPWkUX3sNNaCx-m1dV4glA,1
UCQqetiwzzmRNTM5OWuXarGQ,UC3qn1yJA5PeW9rkGPatQxiw,1
UCQqetiwzzmRNTM5OWuXarGQ,UCz3gu01bmjNv0DpRq-K3XYg,1
UCQqetiwzzmRNTM5OWuXarGQ,UC8r11yOugM2NuRfitQOxLLg,1
UCQqetiwzzmRNTM5OWuXarGQ,UC4wq3DcbfaG6dtCqn8Oyu3w,1
UCQqetiwzzmRNTM5OWuXarGQ,UCwha8rxULYMVtNwZWeSkE1A,1
UCQqetiwzzmRNTM5OWuXarGQ,UCwO2SXr0ggzwg6QWWrr01nQ,1
UCQqetiwzzmRNTM5OWuXarGQ,UCL13XhnRzbGokEkCkEOb0-g,1
UCQqetiwzzmRNTM5OWuXarGQ,UCUIIIPTVDVHAXqhC_5V6lPA,1
UCQqetiwzzmRNTM5OWuXarGQ,UCXXh7yg5KUFIWylTiKVEFKQ,1
UCQqetiwzzmRNTM5OWuXarGQ,UC9vMq1YF-e7C-VO0SHkbUTA,1
UCQqetiwzzmRNTM5OWuXarGQ,UCErZPJpHmLCsXs8ZWkAUupQ,1
UCQqetiwzzmRNTM5OWuXarGQ,UCQgYjVngJRfPHDLGB5X6ZjA,1
UCQqetiwzzmRNTM5OWuXarGQ,UCTwSut16JyAg3mX6LVUNGqA,1
UCQqetiwzzmRNTM5OWuXarGQ,UCj-LL25XJnjxepPKCc3NGog,1
UCQqetiwzzmRNTM5OWuXarGQ,UCYN4wSQ1Sx4_LurxLlW7MPg,1
UCQqetiwzzmRNTM5OWuXarGQ,UCsSXdJct-nsS8DsABoEsaYA,1
UCQqetiwzzmRNTM5OWuXarGQ,UCwW2OFy95P7ZBkOPxWkpvYg,1
UCQqetiwzzmRNTM5OWuXarGQ,UCi1b_TRQfgO1Z9O2gNGGWNA,1
UCQqetiwzzmRNTM5OWuXarGQ,UC7VUuJr9cGh845CmTvf7TlQ,1
UCQqetiwzzmRNTM5OWuXarGQ,UCplrIQtaPj6au60_f2-mOYw,1
UCQqetiwzzmRNTM5OWuXarGQ,UCSou6a2OuYGSvPjm5psquyA,1
UCQqetiwzzmRNTM5OWuXarGQ,UCsJJAvrVGupdmhOqgtDp8dg,1
UCQqetiwzzmRNTM5OWuXarGQ,UCFhxtoeARHPnXXPcDrOU3Xg,1
UCQqetiwzzmRNTM5OWuXarGQ,UCGzXwyCzMzGmjmCbH3Hg01Q,1
UCQqetiwzzmRNTM5OWuXarGQ,UC3E9mAgP7VoAE5mZoAexl5g,1
UCQqetiwzzmRNTM5OWuXarGQ,UCB5p8a5gklc80jJItP6xTHg,1
UCQqetiwzzmRNTM5OWuXarGQ,UCcfdg8crmMJwEuLUsAhV7yg,1
UCQqetiwzzmRNTM5OWuXarGQ,UCQtICyzWmhC5woCtbNgaSmg,1
UCQqetiwzzmRNTM5OWuXarGQ,UCLFdHr9BEbXHkoJopbEPLZw,1
UCQqetiwzzmRNTM5OWuXarGQ,UCQtSFINs1h6GHkpg9o5kMvg,1
UCQqetiwzzmRNTM5OWuXarGQ,UCfM3nrxtTQMY5jFx1v1J4Gg,1
UCQqetiwzzmRNTM5OWuXarGQ,UCV0iizTBoOfdAFX_thfI9BA,1
UCQqetiwzzmRNTM5OWuXarGQ,UCFoIAE8k82D6AV-8gjjKaNg,1
UCQqetiwzzmRNTM5OWuXarGQ,UCkd9W714-947dEE6ZOEBATA,1
UCQqetiwzzmRNTM5OWuXarGQ,UCA93ym2TXs_Ibyxb4Vcn-6Q,1
UCQqetiwzzmRNTM5OWuXarGQ,UCFxE8GbokBrBsPEKM1xrOjQ,1
UCQqetiwzzmRNTM5OWuXarGQ,UC8F2V63KZ4ZEay6opX2hAQw,1
UCQqetiwzzmRNTM5OWuXarGQ,UC8G5cJONY8L9voMyBW8Eoug,1
UCQqetiwzzmRNTM5OWuXarGQ,UC3XTwHxygNCgjndsg-UiCQA,1
UCQqetiwzzmRNTM5OWuXarGQ,UCTD6q1nyIe3Y7HhqjaMj72w,1
UCQqetiwzzmRNTM5OWuXarGQ,UC72gBAtyb_VXQlYDcFrh6oQ,1
UCQqetiwzzmRNTM5OWuXarGQ,UC2Y_EHWQKevubk4vOEBBFxw,1
UCQqetiwzzmRNTM5OWuXarGQ,UCTP3O0rMnc8z8v8jaDQwL0w,1
UCQqetiwzzmRNTM5OWuXarGQ,UCAmtbUiIrUIhikru0ZoTFig,1
UCQqetiwzzmRNTM5OWuXarGQ,UCRlCV9zSn7avAWh-9_XFWqQ,1
UCQqetiwzzmRNTM5OWuXarGQ,UCpl8rF8uv_8uui-QRvuJaRA,1
UCQqetiwzzmRNTM5OWuXarGQ,UCsUCN0Yq_UyTvKjOJLmNrnQ,1
UCQqetiwzzmRNTM5OWuXarGQ,UCjSKM9j0Q7HLDr1hD6D-TUw,1
UCQqetiwzzmRNTM5OWuXarGQ,UChep9kVb5gQmpodEEl10Xlg,1
UCQqetiwzzmRNTM5OWuXarGQ,UCDftMWXQoJ6nONfY7GVOVjg,1
UCQqetiwzzmRNTM5OWuXarGQ,UCEgEQmRbtL5fwr9_DqAC--g,1
UCQqetiwzzmRNTM5OWuXarGQ,UCDQaQv0hr2SS_PO-CMEwVHg,1
UCQqetiwzzmRNTM5OWuXarGQ,UCtNfIBnc5S5DbbQj_yxgJTw,1
UCQqetiwzzmRNTM5OWuXarGQ,UCvApqeCbLod-wejtT4CcVuA,1
UCQqetiwzzmRNTM5OWuXarGQ,UCrJn_rbo_ENAdeqneS-RmRw,1
UCQqetiwzzmRNTM5OWuXarGQ,UCTylKrsqkrBKIqubMu_5N0Q,1
UCQqetiwzzmRNTM5OWuXarGQ,UCThW2XNsAaBKme5PUt7n-Zg,1
UCQqetiwzzmRNTM5OWuXarGQ,UCjmPuazZJzscrwvk0QR9RVw,1
UCQqetiwzzmRNTM5OWuXarGQ,UCr1emrogPKkKTs_WTtx71xg,1
UCQqetiwzzmRNTM5OWuXarGQ,UCzSfZlOVxBSs5ObD25ywxDQ,1
UCQqetiwzzmRNTM5OWuXarGQ,UCujPF2nBgsTD62nWE3lcpIg,1
UCQqetiwzzmRNTM5OWuXarGQ,UC4cXueR2bKGFJV0Fk76gwmA,1
UCQqetiwzzmRNTM5OWuXarGQ,UCL1MT278vSaQ83ZDkVWn1gw,1
UCQqetiwzzmRNTM5OWuXarGQ,UCRETAiYdh2dL5ZxB0_N1zDA,1
UCQqetiwzzmRNTM5OWuXarGQ,UCtUR3_CAiE7fCoZHM6cMfyQ,1
UCQqetiwzzmRNTM5OWuXarGQ,UCylqlpsh8ENNM1LqgQ1KbxA,1
UCQqetiwzzmRNTM5OWuXarGQ,UC6YSZqL0vEcI-niPKIMUGfw,1
UCQqetiwzzmRNTM5OWuXarGQ,UC3NMzdMYryaw82kPTnsaljg,1
UCQqetiwzzmRNTM5OWuXarGQ,UCsjs5Hp_r86x1xbK6FAeqaA,1
UCQqetiwzzmRNTM5OWuXarGQ,UCp4iw5_5SmV9VGTFSNVGOmQ,1
UCQqetiwzzmRNTM5OWuXarGQ,UCKDR0f2fu2UzWL8mBv5-BHw,1
UCQqetiwzzmRNTM5OWuXarGQ,UCFUuDARXdmmIrLppEqf-rFg,1
UCQqetiwzzmRNTM5OWuXarGQ,UC5bG9nc_JV3FsNP2KseQiYw,1
UCQqetiwzzmRNTM5OWuXarGQ,UC1vr9aaMI2crB0NvwFHUeoQ,1
UCQqetiwzzmRNTM5OWuXarGQ,UCLggDc_a5HriXv7I1h02sOA,1
UCQqetiwzzmRNTM5OWuXarGQ,UCDUffaruH6dyUnUGwsTKpgg,1
UCQqetiwzzmRNTM5OWuXarGQ,UCDlr1VadSucIZgZ171pRBjQ,1
UCQqetiwzzmRNTM5OWuXarGQ,UCySYJU5kUh7X8gVt9la2ISA,1
UCQqetiwzzmRNTM5OWuXarGQ,UCHTGCgY2l-DQJIvlA_cpa_Q,1
UCQqetiwzzmRNTM5OWuXarGQ,UCNkcuy42zEwddwEcOd_HpnA,1
UCQqetiwzzmRNTM5OWuXarGQ,UC2weSE8rpqkGMOp6StYtVfg,1
UCQqetiwzzmRNTM5OWuXarGQ,UCpsKOkt5iWTbenzeuq7dsmQ,1
UCQqetiwzzmRNTM5OWuXarGQ,UC650pRT-OYzny3GwOH8Cgfw,1
UCQqetiwzzmRNTM5OWuXarGQ,UCl0ekS9Tt0jJGtOEM18S63w,1
UCQqetiwzzmRNTM5OWuXarGQ,UCiMythXHsw7eQEMykCdmMUA,1
UCQqetiwzzmRNTM5OWuXarGQ,UCljDbleJul41G1TzOjOZAVA,1
UCQqetiwzzmRNTM5OWuXarGQ,UCAlzM_N6xBlMYmM8EBzX86Q,1
UCQqetiwzzmRNTM5OWuXarGQ,UChZknRmJkeGeQk0-mQuhDOg,1
UCQqetiwzzmRNTM5OWuXarGQ,UCmvOgzmmXbjUthHy-WJ52hQ,1
UCQqetiwzzmRNTM5OWuXarGQ,UCNBnKqWf4d-rS4HwJRQljmQ,1
UCQqetiwzzmRNTM5OWuXarGQ,UCOh6DaZC_x9HASnlRylEMfw,1
UCQqetiwzzmRNTM5OWuXarGQ,UC-jS_kA9w-OmpupXDx156Rg,1
UCQqetiwzzmRNTM5OWuXarGQ,UCCaYwkkbQGcvFoUmothVdQQ,1
UCQqetiwzzmRNTM5OWuXarGQ,UCXgr7vXlRrsaskPdo097kGA,1
UCCaYwkkbQGcvFoUmothVdQQ,UC9xr9QvIcDvoZNUX5f-jaZw,1
UCCaYwkkbQGcvFoUmothVdQQ,UC-hfX8J5JPJ-dfuakzegMLA,1
UCCaYwkkbQGcvFoUmothVdQQ,UCipetjeiWj4CZB6EbyYziZg,1
UCCaYwkkbQGcvFoUmothVdQQ,UCiGRBf2RNF0WRKhRVT7zFoA,1
UCCaYwkkbQGcvFoUmothVdQQ,UCYwpX26TrCxq8TvbKGRYLXA,1
UCCaYwkkbQGcvFoUmothVdQQ,UCDPWkUX3sNNaCx-m1dV4glA,1
UCCaYwkkbQGcvFoUmothVdQQ,UC3qn1yJA5PeW9rkGPatQxiw,1
UCCaYwkkbQGcvFoUmothVdQQ,UCz3gu01bmjNv0DpRq-K3XYg,1
UCCaYwkkbQGcvFoUmothVdQQ,UC8r11yOugM2NuRfitQOxLLg,1
UCCaYwkkbQGcvFoUmothVdQQ,UC4wq3DcbfaG6dtCqn8Oyu3w,1
UCCaYwkkbQGcvFoUmothVdQQ,UCwha8rxULYMVtNwZWeSkE1A,1
UCCaYwkkbQGcvFoUmothVdQQ,UCwO2SXr0ggzwg6QWWrr01nQ,1
UCCaYwkkbQGcvFoUmothVdQQ,UCL13XhnRzbGokEkCkEOb0-g,1
UCCaYwkkbQGcvFoUmothVdQQ,UCUIIIPTVDVHAXqhC_5V6lPA,1
UCCaYwkkbQGcvFoUmothVdQQ,UCXXh7yg5KUFIWylTiKVEFKQ,1
UCCaYwkkbQGcvFoUmothVdQQ,UC9vMq1YF-e7C-VO0SHkbUTA,1
UCCaYwkkbQGcvFoUmothVdQQ,UCErZPJpHmLCsXs8ZWkAUupQ,1
UCCaYwkkbQGcvFoUmothVdQQ,UCQgYjVngJRfPHDLGB5X6ZjA,1
UCCaYwkkbQGcvFoUmothVdQQ,UCTwSut16JyAg3mX6LVUNGqA,1
UCCaYwkkbQGcvFoUmothVdQQ,UCj-LL25XJnjxepPKCc3NGog,1
UCCaYwkkbQGcvFoUmothVdQQ,UCYN4wSQ1Sx4_LurxLlW7MPg,1
UCCaYwkkbQGcvFoUmothVdQQ,UCsSXdJct-nsS8DsABoEsaYA,1
UCCaYwkkbQGcvFoUmothVdQQ,UCwW2OFy95P7ZBkOPxWkpvYg,1
UCCaYwkkbQGcvFoUmothVdQQ,UCi1b_TRQfgO1Z9O2gNGGWNA,1
UCCaYwkkbQGcvFoUmothVdQQ,UC7VUuJr9cGh845CmTvf7TlQ,1
UCCaYwkkbQGcvFoUmothVdQQ,UCplrIQtaPj6au60_f2-mOYw,1
UCCaYwkkbQGcvFoUmothVdQQ,UCSou6a2OuYGSvPjm5psquyA,1
UCCaYwkkbQGcvFoUmothVdQQ,UCsJJAvrVGupdmhOqgtDp8dg,1
UCCaYwkkbQGcvFoUmothVdQQ,UCFhxtoeARHPnXXPcDrOU3Xg,1
UCCaYwkkbQGcvFoUmothVdQQ,UCGzXwyCzMzGmjmCbH3Hg01Q,1
UCCaYwkkbQGcvFoUmothVdQQ,UC3E9mAgP7VoAE5mZoAexl5g,1
UCCaYwkkbQGcvFoUmothVdQQ,UCB5p8a5gklc80jJItP6xTHg,1
UCCaYwkkbQGcvFoUmothVdQQ,UCcfdg8crmMJwEuLUsAhV7yg,1
UCCaYwkkbQGcvFoUmothVdQQ,UCQtICyzWmhC5woCtbNgaSmg,1
UCCaYwkkbQGcvFoUmothVdQQ,UCLFdHr9BEbXHkoJopbEPLZw,1
UCCaYwkkbQGcvFoUmothVdQQ,UCQtSFINs1h6GHkpg9o5kMvg,1
UCCaYwkkbQGcvFoUmothVdQQ,UCfM3nrxtTQMY5jFx1v1J4Gg,1
UCCaYwkkbQGcvFoUmothVdQQ,UCV0iizTBoOfdAFX_thfI9BA,1
UCCaYwkkbQGcvFoUmothVdQQ,UCFoIAE8k82D6AV-8gjjKaNg,1
UCCaYwkkbQGcvFoUmothVdQQ,UCkd9W714-947dEE6ZOEBATA,1
UCCaYwkkbQGcvFoUmothVdQQ,UCA93ym2TXs_Ibyxb4Vcn-6Q,1
UCCaYwkkbQGcvFoUmothVdQQ,UCFxE8GbokBrBsPEKM1xrOjQ,1
UCCaYwkkbQGcvFoUmothVdQQ,UC8F2V63KZ4ZEay6opX2hAQw,1
UCCaYwkkbQGcvFoUmothVdQQ,UC8G5cJONY8L9voMyBW8Eoug,1
UCCaYwkkbQGcvFoUmothVdQQ,UC3XTwHxygNCgjndsg-UiCQA,1
UCCaYwkkbQGcvFoUmothVdQQ,UCTD6q1nyIe3Y7HhqjaMj72w,1
UCCaYwkkbQGcvFoUmothVdQQ,UC72gBAtyb_VXQlYDcFrh6oQ,1
UCCaYwkkbQGcvFoUmothVdQQ,UC2Y_EHWQKevubk4vOEBBFxw,1
UCCaYwkkbQGcvFoUmothVdQQ,UCTP3O0rMnc8z8v8jaDQwL0w,1
UCCaYwkkbQGcvFoUmothVdQQ,UCAmtbUiIrUIhikru0ZoTFig,1
UCCaYwkkbQGcvFoUmothVdQQ,UCRlCV9zSn7avAWh-9_XFWqQ,1
UCCaYwkkbQGcvFoUmothVdQQ,UCpl8rF8uv_8uui-QRvuJaRA,1
UCCaYwkkbQGcvFoUmothVdQQ,UCsUCN0Yq_UyTvKjOJLmNrnQ,1
UCCaYwkkbQGcvFoUmothVdQQ,UCjSKM9j0Q7HLDr1hD6D-TUw,1
UCCaYwkkbQGcvFoUmothVdQQ,UChep9kVb5gQmpodEEl10Xlg,1
UCCaYwkkbQGcvFoUmothVdQQ,UCDftMWXQoJ6nONfY7GVOVjg,1
UCCaYwkkbQGcvFoUmothVdQQ,UCEgEQmRbtL5fwr9_DqAC--g,1
UCCaYwkkbQGcvFoUmothVdQQ,UCDQaQv0hr2SS_PO-CMEwVHg,1
UCCaYwkkbQGcvFoUmothVdQQ,UCtNfIBnc5S5DbbQj_yxgJTw,1
UCCaYwkkbQGcvFoUmothVdQQ,UCvApqeCbLod-wejtT4CcVuA,1
UCCaYwkkbQGcvFoUmothVdQQ,UCrJn_rbo_ENAdeqneS-RmRw,1
UCCaYwkkbQGcvFoUmothVdQQ,UCTylKrsqkrBKIqubMu_5N0Q,1
UCCaYwkkbQGcvFoUmothVdQQ,UCThW2XNsAaBKme5PUt7n-Zg,1
UCCaYwkkbQGcvFoUmothVdQQ,UCjmPuazZJzscrwvk0QR9RVw,1
UCCaYwkkbQGcvFoUmothVdQQ,UCr1emrogPKkKTs_WTtx71xg,1
UCCaYwkkbQGcvFoUmothVdQQ,UCzSfZlOVxBSs5ObD25ywxDQ,1
UCCaYwkkbQGcvFoUmothVdQQ,UCujPF2nBgsTD62nWE3lcpIg,1
UCCaYwkkbQGcvFoUmothVdQQ,UC4cXueR2bKGFJV0Fk76gwmA,1
UCCaYwkkbQGcvFoUmothVdQQ,UCL1MT278vSaQ83ZDkVWn1gw,1
UCCaYwkkbQGcvFoUmothVdQQ,UCRETAiYdh2dL5ZxB0_N1zDA,1
UCCaYwkkbQGcvFoUmothVdQQ,UCtUR3_CAiE7fCoZHM6cMfyQ,1
UCCaYwkkbQGcvFoUmothVdQQ,UCylqlpsh8ENNM1LqgQ1KbxA,1
UCCaYwkkbQGcvFoUmothVdQQ,UC6YSZqL0vEcI-niPKIMUGfw,1
UCCaYwkkbQGcvFoUmothVdQQ,UC3NMzdMYryaw82kPTnsaljg,1
UCCaYwkkbQGcvFoUmothVdQQ,UCsjs5Hp_r86x1xbK6FAeqaA,1
UCCaYwkkbQGcvFoUmothVdQQ,UCp4iw5_5SmV9VGTFSNVGOmQ,1
UCCaYwkkbQGcvFoUmothVdQQ,UCKDR0f2fu2UzWL8mBv5-BHw,1
UCCaYwkkbQGcvFoUmothVdQQ,UCFUuDARXdmmIrLppEqf-rFg,1
UCCaYwkkbQGcvFoUmothVdQQ,UC5bG9nc_JV3FsNP2KseQiYw,1
UCCaYwkkbQGcvFoUmothVdQQ,UC1vr9aaMI2crB0NvwFHUeoQ,1
UCCaYwkkbQGcvFoUmothVdQQ,UCLggDc_a5HriXv7I1h02sOA,1
UCCaYwkkbQGcvFoUmothVdQQ,UCDUffaruH6dyUnUGwsTKpgg,1
UCCaYwkkbQGcvFoUmothVdQQ,UCDlr1VadSucIZgZ171pRBjQ,1
UCCaYwkkbQGcvFoUmothVdQQ,UCySYJU5kUh7X8gVt9la2ISA,1
UCCaYwkkbQGcvFoUmothVdQQ,UCHTGCgY2l-DQJIvlA_cpa_Q,1
UCCaYwkkbQGcvFoUmothVdQQ,UCNkcuy42zEwddwEcOd_HpnA,1
UCCaYwkkbQGcvFoUmothVdQQ,UC2weSE8rpqkGMOp6StYtVfg,1
UCCaYwkkbQGcvFoUmothVdQQ,UCpsKOkt5iWTbenzeuq7dsmQ,1
UCCaYwkkbQGcvFoUmothVdQQ,UC650pRT-OYzny3GwOH8Cgfw,1
UCCaYwkkbQGcvFoUmothVdQQ,UCl0ekS9Tt0jJGtOEM18S63w,1
UCCaYwkkbQGcvFoUmothVdQQ,UCiMythXHsw7eQEMykCdmMUA,1
UCCaYwkkbQGcvFoUmothVdQQ,UCljDbleJul41G1TzOjOZAVA,1
UCCaYwkkbQGcvFoUmothVdQQ,UCAlzM_N6xBlMYmM8EBzX86Q,1
UCCaYwkkbQGcvFoUmothVdQQ,UChZknRmJkeGeQk0-mQuhDOg,1
UCCaYwkkbQGcvFoUmothVdQQ,UCmvOgzmmXbjUthHy-WJ52hQ,1
UCCaYwkkbQGcvFoUmothVdQQ,UCNBnKqWf4d-rS4HwJRQljmQ,1
UCCaYwkkbQGcvFoUmothVdQQ,UCOh6DaZC_x9HASnlRylEMfw,1
UCCaYwkkbQGcvFoUmothVdQQ,UC-jS_kA9w-OmpupXDx156Rg,1
UCCaYwkkbQGcvFoUmothVdQQ,UCXgr7vXlRrsaskPdo097kGA,1
UCQgYjVngJRfPHDLGB5X6ZjA,UC9xr9QvIcDvoZNUX5f-jaZw,1
UCQgYjVngJRfPHDLGB5X6ZjA,UC-hfX8J5JPJ-dfuakzegMLA,1
UCQgYjVngJRfPHDLGB5X6ZjA,UCipetjeiWj4CZB6EbyYziZg,1
UCQgYjVngJRfPHDLGB5X6ZjA,UCiGRBf2RNF0WRKhRVT7zFoA,1
UCQgYjVngJRfPHDLGB5X6ZjA,UCYwpX26TrCxq8TvbKGRYLXA,1
UCQgYjVngJRfPHDLGB5X6ZjA,UCDPWkUX3sNNaCx-m1dV4glA,1
UCQgYjVngJRfPHDLGB5X6ZjA,UC3qn1yJA5PeW9rkGPatQxiw,1
UCQgYjVngJRfPHDLGB5X6ZjA,UCz3gu01bmjNv0DpRq-K3XYg,1
UCQgYjVngJRfPHDLGB5X6ZjA,UC8r11yOugM2NuRfitQOxLLg,1
UCQgYjVngJRfPHDLGB5X6ZjA,UC4wq3DcbfaG6dtCqn8Oyu3w,1
UCQgYjVngJRfPHDLGB5X6ZjA,UCwha8rxULYMVtNwZWeSkE1A,1
UCQgYjVngJRfPHDLGB5X6ZjA,UCwO2SXr0ggzwg6QWWrr01nQ,1
UCQgYjVngJRfPHDLGB5X6ZjA,UCL13XhnRzbGokEkCkEOb0-g,1
UCQgYjVngJRfPHDLGB5X6ZjA,UCUIIIPTVDVHAXqhC_5V6lPA,1
UCQgYjVngJRfPHDLGB5X6ZjA,UCXXh7yg5KUFIWylTiKVEFKQ,1
UCQgYjVngJRfPHDLGB5X6ZjA,UC9vMq1YF-e7C-VO0SHkbUTA,1
UCQgYjVngJRfPHDLGB5X6ZjA,UCErZPJpHmLCsXs8ZWkAUupQ,1
UCQgYjVngJRfPHDLGB5X6ZjA,UCTwSut16JyAg3mX6LVUNGqA,1
UCQgYjVngJRfPHDLGB5X6ZjA,UCj-LL25XJnjxepPKCc3NGog,1
UCQgYjVngJRfPHDLGB5X6ZjA,UCYN4wSQ1Sx4_LurxLlW7MPg,1
UCQgYjVngJRfPHDLGB5X6ZjA,UCsSXdJct-nsS8DsABoEsaYA,1
UCQgYjVngJRfPHDLGB5X6ZjA,UCwW2OFy95P7ZBkOPxWkpvYg,1
UCQgYjVngJRfPHDLGB5X6ZjA,UCi1b_TRQfgO1Z9O2gNGGWNA,1
UCQgYjVngJRfPHDLGB5X6ZjA,UC7VUuJr9cGh845CmTvf7TlQ,1
UCQgYjVngJRfPHDLGB5X6ZjA,UCplrIQtaPj6au60_f2-mOYw,1
UCQgYjVngJRfPHDLGB5X6ZjA,UCSou6a2OuYGSvPjm5psquyA,1
UCQgYjVngJRfPHDLGB5X6ZjA,UCsJJAvrVGupdmhOqgtDp8dg,1
UCQgYjVngJRfPHDLGB5X6ZjA,UCFhxtoeARHPnXXPcDrOU3Xg,1
UCQgYjVngJRfPHDLGB5X6ZjA,UCGzXwyCzMzGmjmCbH3Hg01Q,1
UCQgYjVngJRfPHDLGB5X6ZjA,UC3E9mAgP7VoAE5mZoAexl5g,1
UCQgYjVngJRfPHDLGB5X6ZjA,UCB5p8a5gklc80jJItP6xTHg,1
UCQgYjVngJRfPHDLGB5X6ZjA,UCcfdg8crmMJwEuLUsAhV7yg,1
UCQgYjVngJRfPHDLGB5X6ZjA,UCQtICyzWmhC5woCtbNgaSmg,1
UCQgYjVngJRfPHDLGB5X6ZjA,UCLFdHr9BEbXHkoJopbEPLZw,1
UCQgYjVngJRfPHDLGB5X6ZjA,UCQtSFINs1h6GHkpg9o5kMvg,1
UCQgYjVngJRfPHDLGB5X6ZjA,UCfM3nrxtTQMY5jFx1v1J4Gg,1
UCQgYjVngJRfPHDLGB5X6ZjA,UCV0iizTBoOfdAFX_thfI9BA,1
UCQgYjVngJRfPHDLGB5X6ZjA,UCFoIAE8k82D6AV-8gjjKaNg,1
UCQgYjVngJRfPHDLGB5X6ZjA,UCkd9W714-947dEE6ZOEBATA,1
UCQgYjVngJRfPHDLGB5X6ZjA,UCA93ym2TXs_Ibyxb4Vcn-6Q,1
UCQgYjVngJRfPHDLGB5X6ZjA,UCFxE8GbokBrBsPEKM1xrOjQ,1
UCQgYjVngJRfPHDLGB5X6ZjA,UC8F2V63KZ4ZEay6opX2hAQw,1
UCQgYjVngJRfPHDLGB5X6ZjA,UC8G5cJONY8L9voMyBW8Eoug,1
UCQgYjVngJRfPHDLGB5X6ZjA,UC3XTwHxygNCgjndsg-UiCQA,1
UCQgYjVngJRfPHDLGB5X6ZjA,UCTD6q1nyIe3Y7HhqjaMj72w,1
UCQgYjVngJRfPHDLGB5X6ZjA,UC72gBAtyb_VXQlYDcFrh6oQ,1
UCQgYjVngJRfPHDLGB5X6ZjA,UC2Y_EHWQKevubk4vOEBBFxw,1
UCQgYjVngJRfPHDLGB5X6ZjA,UCTP3O0rMnc8z8v8jaDQwL0w,1
UCQgYjVngJRfPHDLGB5X6ZjA,UCAmtbUiIrUIhikru0ZoTFig,1
UCQgYjVngJRfPHDLGB5X6ZjA,UCRlCV9zSn7avAWh-9_XFWqQ,1
UCQgYjVngJRfPHDLGB5X6ZjA,UCpl8rF8uv_8uui-QRvuJaRA,1
UCQgYjVngJRfPHDLGB5X6ZjA,UCsUCN0Yq_UyTvKjOJLmNrnQ,1
UCQgYjVngJRfPHDLGB5X6ZjA,UCjSKM9j0Q7HLDr1hD6D-TUw,1
UCQgYjVngJRfPHDLGB5X6ZjA,UChep9kVb5gQmpodEEl10Xlg,1
UCQgYjVngJRfPHDLGB5X6ZjA,UCDftMWXQoJ6nONfY7GVOVjg,1
UCQgYjVngJRfPHDLGB5X6ZjA,UCEgEQmRbtL5fwr9_DqAC--g,1
UCQgYjVngJRfPHDLGB5X6ZjA,UCDQaQv0hr2SS_PO-CMEwVHg,1
UCQgYjVngJRfPHDLGB5X6ZjA,UCtNfIBnc5S5DbbQj_yxgJTw,1
UCQgYjVngJRfPHDLGB5X6ZjA,UCvApqeCbLod-wejtT4CcVuA,1
UCQgYjVngJRfPHDLGB5X6ZjA,UCrJn_rbo_ENAdeqneS-RmRw,1
UCQgYjVngJRfPHDLGB5X6ZjA,UCTylKrsqkrBKIqubMu_5N0Q,1
UCQgYjVngJRfPHDLGB5X6ZjA,UCThW2XNsAaBKme5PUt7n-Zg,1
UCQgYjVngJRfPHDLGB5X6ZjA,UCjmPuazZJzscrwvk0QR9RVw,1
UCQgYjVngJRfPHDLGB5X6ZjA,UCr1emrogPKkKTs_WTtx71xg,1
UCQgYjVngJRfPHDLGB5X6ZjA,UCzSfZlOVxBSs5ObD25ywxDQ,1
UCQgYjVngJRfPHDLGB5X6ZjA,UCujPF2nBgsTD62nWE3lcpIg,1
UCQgYjVngJRfPHDLGB5X6ZjA,UC4cXueR2bKGFJV0Fk76gwmA,1
UCQgYjVngJRfPHDLGB5X6ZjA,UCL1MT278vSaQ83ZDkVWn1gw,1
UCQgYjVngJRfPHDLGB5X6ZjA,UCRETAiYdh2dL5ZxB0_N1zDA,1
UCQgYjVngJRfPHDLGB5X6ZjA,UCtUR3_CAiE7fCoZHM6cMfyQ,1
UCQgYjVngJRfPHDLGB5X6ZjA,UCylqlpsh8ENNM1LqgQ1KbxA,1
UCQgYjVngJRfPHDLGB5X6ZjA,UC6YSZqL0vEcI-niPKIMUGfw,1
UCQgYjVngJRfPHDLGB5X6ZjA,UC3NMzdMYryaw82kPTnsaljg,1
UCQgYjVngJRfPHDLGB5X6ZjA,UCsjs5Hp_r86x1xbK6FAeqaA,1
UCQgYjVngJRfPHDLGB5X6ZjA,UCp4iw5_5SmV9VGTFSNVGOmQ,1
UCQgYjVngJRfPHDLGB5X6ZjA,UCKDR0f2fu2UzWL8mBv5-BHw,1
UCQgYjVngJRfPHDLGB5X6ZjA,UCFUuDARXdmmIrLppEqf-rFg,1
UCQgYjVngJRfPHDLGB5X6ZjA,UC5bG9nc_JV3FsNP2KseQiYw,1
UCQgYjVngJRfPHDLGB5X6ZjA,UC1vr9aaMI2crB0NvwFHUeoQ,1
UCQgYjVngJRfPHDLGB5X6ZjA,UCLggDc_a5HriXv7I1h02sOA,1
UCQgYjVngJRfPHDLGB5X6ZjA,UCDUffaruH6dyUnUGwsTKpgg,1
UCQgYjVngJRfPHDLGB5X6ZjA,UCDlr1VadSucIZgZ171pRBjQ,1
UCQgYjVngJRfPHDLGB5X6ZjA,UCySYJU5kUh7X8gVt9la2ISA,1
UCQgYjVngJRfPHDLGB5X6ZjA,UCHTGCgY2l-DQJIvlA_cpa_Q,1
UCQgYjVngJRfPHDLGB5X6ZjA,UCNkcuy42zEwddwEcOd_HpnA,1
UCQgYjVngJRfPHDLGB5X6ZjA,UC2weSE8rpqkGMOp6StYtVfg,1
UCQgYjVngJRfPHDLGB5X6ZjA,UCpsKOkt5iWTbenzeuq7dsmQ,1
UCQgYjVngJRfPHDLGB5X6ZjA,UC650pRT-OYzny3GwOH8Cgfw,1
UCQgYjVngJRfPHDLGB5X6ZjA,UCl0ekS9Tt0jJGtOEM18S63w,1
UCQgYjVngJRfPHDLGB5X6ZjA,UCiMythXHsw7eQEMykCdmMUA,1
UCQgYjVngJRfPHDLGB5X6ZjA,UCljDbleJul41G1TzOjOZAVA,1
UCQgYjVngJRfPHDLGB5X6ZjA,UCAlzM_N6xBlMYmM8EBzX86Q,1
UCQgYjVngJRfPHDLGB5X6ZjA,UChZknRmJkeGeQk0-mQuhDOg,1
UCQgYjVngJRfPHDLGB5X6ZjA,UCmvOgzmmXbjUthHy-WJ52hQ,1
UCQgYjVngJRfPHDLGB5X6ZjA,UCNBnKqWf4d-rS4HwJRQljmQ,1
UCQgYjVngJRfPHDLGB5X6ZjA,UCOh6DaZC_x9HASnlRylEMfw,1
UCQgYjVngJRfPHDLGB5X6ZjA,UC-jS_kA9w-OmpupXDx156Rg,1
UCQgYjVngJRfPHDLGB5X6ZjA,UCXgr7vXlRrsaskPdo097kGA,1
UCN2N_wYOw6fMwCeSzdXLPIw,UCPZueDLrCS4BmTBRMA4q0fA,1
UCN2N_wYOw6fMwCeSzdXLPIw,UCf5lnNZF7Qrtli9v4N_23WQ,1
UCN2N_wYOw6fMwCeSzdXLPIw,UCHTGCgY2l-DQJIvlA_cpa_Q,1
UCN2N_wYOw6fMwCeSzdXLPIw,UCg3eIfd7BrsLEqS0BLkftHA,1
UCN2N_wYOw6fMwCeSzdXLPIw,UCuP4UK33HKtJE_S39ksmaTw,1
UCN2N_wYOw6fMwCeSzdXLPIw,UCusjriFsDHEc2AOjqk-p5ig,1
UCN2N_wYOw6fMwCeSzdXLPIw,UCbYoNG5J3Au5BqtbXogfEFw,1
UCN2N_wYOw6fMwCeSzdXLPIw,UC8xlJWNHz1V_W6q3fbuQH8g,1
UCN2N_wYOw6fMwCeSzdXLPIw,UClsrFGJKWPxxw7MiaEdKLXw,1
UCN2N_wYOw6fMwCeSzdXLPIw,UCAV7QIjYhbDJaycQycM_0eQ,1
UCN2N_wYOw6fMwCeSzdXLPIw,UCgQJgI9vu1FI2dnC9mrFthw,1
UCN2N_wYOw6fMwCeSzdXLPIw,UCVQf0tzL7xRzFJsABVVULpg,1
UCN2N_wYOw6fMwCeSzdXLPIw,UCGX_UbAQOXGZknv5iqklwTA,1
UCN2N_wYOw6fMwCeSzdXLPIw,UCtNyHmRZtvGF2hSvI2dUBWw,1
UCN2N_wYOw6fMwCeSzdXLPIw,UCzZ6dDCEsLMXbc5pCFXIprw,1
UCN2N_wYOw6fMwCeSzdXLPIw,UC7IMsCxfZyWN7YQo8-JYa6Q,1
UCN2N_wYOw6fMwCeSzdXLPIw,UCNIeXbV_mEwpa412h1aqUWw,1
UC9vMq1YF-e7C-VO0SHkbUTA,UC9xr9QvIcDvoZNUX5f-jaZw,1
UC9vMq1YF-e7C-VO0SHkbUTA,UC-hfX8J5JPJ-dfuakzegMLA,1
UC9vMq1YF-e7C-VO0SHkbUTA,UCipetjeiWj4CZB6EbyYziZg,1
UC9vMq1YF-e7C-VO0SHkbUTA,UCiGRBf2RNF0WRKhRVT7zFoA,1
UC9vMq1YF-e7C-VO0SHkbUTA,UCYwpX26TrCxq8TvbKGRYLXA,1
UC9vMq1YF-e7C-VO0SHkbUTA,UCDPWkUX3sNNaCx-m1dV4glA,1
UC9vMq1YF-e7C-VO0SHkbUTA,UC3qn1yJA5PeW9rkGPatQxiw,1
UC9vMq1YF-e7C-VO0SHkbUTA,UCz3gu01bmjNv0DpRq-K3XYg,1
UC9vMq1YF-e7C-VO0SHkbUTA,UC8r11yOugM2NuRfitQOxLLg,1
UC9vMq1YF-e7C-VO0SHkbUTA,UC4wq3DcbfaG6dtCqn8Oyu3w,1
UC9vMq1YF-e7C-VO0SHkbUTA,UCwha8rxULYMVtNwZWeSkE1A,1
UC9vMq1YF-e7C-VO0SHkbUTA,UCwO2SXr0ggzwg6QWWrr01nQ,1
UC9vMq1YF-e7C-VO0SHkbUTA,UCL13XhnRzbGokEkCkEOb0-g,1
UC9vMq1YF-e7C-VO0SHkbUTA,UCUIIIPTVDVHAXqhC_5V6lPA,1
UC9vMq1YF-e7C-VO0SHkbUTA,UCXXh7yg5KUFIWylTiKVEFKQ,1
UC9vMq1YF-e7C-VO0SHkbUTA,UCErZPJpHmLCsXs8ZWkAUupQ,1
UC9vMq1YF-e7C-VO0SHkbUTA,UCTwSut16JyAg3mX6LVUNGqA,1
UC9vMq1YF-e7C-VO0SHkbUTA,UCj-LL25XJnjxepPKCc3NGog,1
UC9vMq1YF-e7C-VO0SHkbUTA,UCYN4wSQ1Sx4_LurxLlW7MPg,1
UC9vMq1YF-e7C-VO0SHkbUTA,UCsSXdJct-nsS8DsABoEsaYA,1
UC9vMq1YF-e7C-VO0SHkbUTA,UCwW2OFy95P7ZBkOPxWkpvYg,1
UC9vMq1YF-e7C-VO0SHkbUTA,UCi1b_TRQfgO1Z9O2gNGGWNA,1
UC9vMq1YF-e7C-VO0SHkbUTA,UC7VUuJr9cGh845CmTvf7TlQ,1
UC9vMq1YF-e7C-VO0SHkbUTA,UCplrIQtaPj6au60_f2-mOYw,1
UC9vMq1YF-e7C-VO0SHkbUTA,UCSou6a2OuYGSvPjm5psquyA,1
UC9vMq1YF-e7C-VO0SHkbUTA,UCsJJAvrVGupdmhOqgtDp8dg,1
UC9vMq1YF-e7C-VO0SHkbUTA,UCFhxtoeARHPnXXPcDrOU3Xg,1
UC9vMq1YF-e7C-VO0SHkbUTA,UCGzXwyCzMzGmjmCbH3Hg01Q,1
UC9vMq1YF-e7C-VO0SHkbUTA,UC3E9mAgP7VoAE5mZoAexl5g,1
UC9vMq1YF-e7C-VO0SHkbUTA,UCB5p8a5gklc80jJItP6xTHg,1
UC9vMq1YF-e7C-VO0SHkbUTA,UCcfdg8crmMJwEuLUsAhV7yg,1
UC9vMq1YF-e7C-VO0SHkbUTA,UCQtICyzWmhC5woCtbNgaSmg,1
UC9vMq1YF-e7C-VO0SHkbUTA,UCLFdHr9BEbXHkoJopbEPLZw,1
UC9vMq1YF-e7C-VO0SHkbUTA,UCQtSFINs1h6GHkpg9o5kMvg,1
UC9vMq1YF-e7C-VO0SHkbUTA,UCfM3nrxtTQMY5jFx1v1J4Gg,1
UC9vMq1YF-e7C-VO0SHkbUTA,UCV0iizTBoOfdAFX_thfI9BA,1
UC9vMq1YF-e7C-VO0SHkbUTA,UCFoIAE8k82D6AV-8gjjKaNg,1
UC9vMq1YF-e7C-VO0SHkbUTA,UCkd9W714-947dEE6ZOEBATA,1
UC9vMq1YF-e7C-VO0SHkbUTA,UCA93ym2TXs_Ibyxb4Vcn-6Q,1
UC9vMq1YF-e7C-VO0SHkbUTA,UCFxE8GbokBrBsPEKM1xrOjQ,1
UC9vMq1YF-e7C-VO0SHkbUTA,UC8F2V63KZ4ZEay6opX2hAQw,1
UC9vMq1YF-e7C-VO0SHkbUTA,UC8G5cJONY8L9voMyBW8Eoug,1
UC9vMq1YF-e7C-VO0SHkbUTA,UC3XTwHxygNCgjndsg-UiCQA,1
UC9vMq1YF-e7C-VO0SHkbUTA,UCTD6q1nyIe3Y7HhqjaMj72w,1
UC9vMq1YF-e7C-VO0SHkbUTA,UC72gBAtyb_VXQlYDcFrh6oQ,1
UC9vMq1YF-e7C-VO0SHkbUTA,UC2Y_EHWQKevubk4vOEBBFxw,1
UC9vMq1YF-e7C-VO0SHkbUTA,UCTP3O0rMnc8z8v8jaDQwL0w,1
UC9vMq1YF-e7C-VO0SHkbUTA,UCAmtbUiIrUIhikru0ZoTFig,1
UC9vMq1YF-e7C-VO0SHkbUTA,UCRlCV9zSn7avAWh-9_XFWqQ,1
UC9vMq1YF-e7C-VO0SHkbUTA,UCpl8rF8uv_8uui-QRvuJaRA,1
UC9vMq1YF-e7C-VO0SHkbUTA,UCsUCN0Yq_UyTvKjOJLmNrnQ,1
UC9vMq1YF-e7C-VO0SHkbUTA,UCjSKM9j0Q7HLDr1hD6D-TUw,1
UC9vMq1YF-e7C-VO0SHkbUTA,UChep9kVb5gQmpodEEl10Xlg,1
UC9vMq1YF-e7C-VO0SHkbUTA,UCDftMWXQoJ6nONfY7GVOVjg,1
UC9vMq1YF-e7C-VO0SHkbUTA,UCEgEQmRbtL5fwr9_DqAC--g,1
UC9vMq1YF-e7C-VO0SHkbUTA,UCDQaQv0hr2SS_PO-CMEwVHg,1
UC9vMq1YF-e7C-VO0SHkbUTA,UCtNfIBnc5S5DbbQj_yxgJTw,1
UC9vMq1YF-e7C-VO0SHkbUTA,UCvApqeCbLod-wejtT4CcVuA,1
UC9vMq1YF-e7C-VO0SHkbUTA,UCrJn_rbo_ENAdeqneS-RmRw,1
UC9vMq1YF-e7C-VO0SHkbUTA,UCTylKrsqkrBKIqubMu_5N0Q,1
UC9vMq1YF-e7C-VO0SHkbUTA,UCThW2XNsAaBKme5PUt7n-Zg,1
UC9vMq1YF-e7C-VO0SHkbUTA,UCjmPuazZJzscrwvk0QR9RVw,1
UC9vMq1YF-e7C-VO0SHkbUTA,UCr1emrogPKkKTs_WTtx71xg,1
UC9vMq1YF-e7C-VO0SHkbUTA,UCzSfZlOVxBSs5ObD25ywxDQ,1
UC9vMq1YF-e7C-VO0SHkbUTA,UCujPF2nBgsTD62nWE3lcpIg,1
UC9vMq1YF-e7C-VO0SHkbUTA,UC4cXueR2bKGFJV0Fk76gwmA,1
UC9vMq1YF-e7C-VO0SHkbUTA,UCL1MT278vSaQ83ZDkVWn1gw,1
UC9vMq1YF-e7C-VO0SHkbUTA,UCRETAiYdh2dL5ZxB0_N1zDA,1
UC9vMq1YF-e7C-VO0SHkbUTA,UCtUR3_CAiE7fCoZHM6cMfyQ,1
UC9vMq1YF-e7C-VO0SHkbUTA,UCylqlpsh8ENNM1LqgQ1KbxA,1
UC9vMq1YF-e7C-VO0SHkbUTA,UC6YSZqL0vEcI-niPKIMUGfw,1
UC9vMq1YF-e7C-VO0SHkbUTA,UC3NMzdMYryaw82kPTnsaljg,1
UC9vMq1YF-e7C-VO0SHkbUTA,UCsjs5Hp_r86x1xbK6FAeqaA,1
UC9vMq1YF-e7C-VO0SHkbUTA,UCp4iw5_5SmV9VGTFSNVGOmQ,1
UC9vMq1YF-e7C-VO0SHkbUTA,UCKDR0f2fu2UzWL8mBv5-BHw,1
UC9vMq1YF-e7C-VO0SHkbUTA,UCFUuDARXdmmIrLppEqf-rFg,1
UC9vMq1YF-e7C-VO0SHkbUTA,UC5bG9nc_JV3FsNP2KseQiYw,1
UC9vMq1YF-e7C-VO0SHkbUTA,UC1vr9aaMI2crB0NvwFHUeoQ,1
UC9vMq1YF-e7C-VO0SHkbUTA,UCLggDc_a5HriXv7I1h02sOA,1
UC9vMq1YF-e7C-VO0SHkbUTA,UCDUffaruH6dyUnUGwsTKpgg,1
UC9vMq1YF-e7C-VO0SHkbUTA,UCDlr1VadSucIZgZ171pRBjQ,1
UC9vMq1YF-e7C-VO0SHkbUTA,UCySYJU5kUh7X8gVt9la2ISA,1
UC9vMq1YF-e7C-VO0SHkbUTA,UCHTGCgY2l-DQJIvlA_cpa_Q,1
UC9vMq1YF-e7C-VO0SHkbUTA,UCNkcuy42zEwddwEcOd_HpnA,1
UC9vMq1YF-e7C-VO0SHkbUTA,UC2weSE8rpqkGMOp6StYtVfg,1
UC9vMq1YF-e7C-VO0SHkbUTA,UCpsKOkt5iWTbenzeuq7dsmQ,1
UC9vMq1YF-e7C-VO0SHkbUTA,UC650pRT-OYzny3GwOH8Cgfw,1
UC9vMq1YF-e7C-VO0SHkbUTA,UCl0ekS9Tt0jJGtOEM18S63w,1
UC9vMq1YF-e7C-VO0SHkbUTA,UCiMythXHsw7eQEMykCdmMUA,1
UC9vMq1YF-e7C-VO0SHkbUTA,UCljDbleJul41G1TzOjOZAVA,1
UC9vMq1YF-e7C-VO0SHkbUTA,UCAlzM_N6xBlMYmM8EBzX86Q,1
UC9vMq1YF-e7C-VO0SHkbUTA,UChZknRmJkeGeQk0-mQuhDOg,1
UC9vMq1YF-e7C-VO0SHkbUTA,UCmvOgzmmXbjUthHy-WJ52hQ,1
UC9vMq1YF-e7C-VO0SHkbUTA,UCNBnKqWf4d-rS4HwJRQljmQ,1
UC9vMq1YF-e7C-VO0SHkbUTA,UCOh6DaZC_x9HASnlRylEMfw,1
UC9vMq1YF-e7C-VO0SHkbUTA,UC-jS_kA9w-OmpupXDx156Rg,1
UC9vMq1YF-e7C-VO0SHkbUTA,UCXgr7vXlRrsaskPdo097kGA,1
UC8F2V63KZ4ZEay6opX2hAQw,UC9xr9QvIcDvoZNUX5f-jaZw,1
UC8F2V63KZ4ZEay6opX2hAQw,UC-hfX8J5JPJ-dfuakzegMLA,1
UC8F2V63KZ4ZEay6opX2hAQw,UCipetjeiWj4CZB6EbyYziZg,1
UC8F2V63KZ4ZEay6opX2hAQw,UCiGRBf2RNF0WRKhRVT7zFoA,1
UC8F2V63KZ4ZEay6opX2hAQw,UCYwpX26TrCxq8TvbKGRYLXA,1
UC8F2V63KZ4ZEay6opX2hAQw,UCDPWkUX3sNNaCx-m1dV4glA,1
UC8F2V63KZ4ZEay6opX2hAQw,UC3qn1yJA5PeW9rkGPatQxiw,1
UC8F2V63KZ4ZEay6opX2hAQw,UCz3gu01bmjNv0DpRq-K3XYg,1
UC8F2V63KZ4ZEay6opX2hAQw,UC8r11yOugM2NuRfitQOxLLg,1
UC8F2V63KZ4ZEay6opX2hAQw,UC4wq3DcbfaG6dtCqn8Oyu3w,1
UC8F2V63KZ4ZEay6opX2hAQw,UCwha8rxULYMVtNwZWeSkE1A,1
UC8F2V63KZ4ZEay6opX2hAQw,UCwO2SXr0ggzwg6QWWrr01nQ,1
UC8F2V63KZ4ZEay6opX2hAQw,UCL13XhnRzbGokEkCkEOb0-g,1
UC8F2V63KZ4ZEay6opX2hAQw,UCUIIIPTVDVHAXqhC_5V6lPA,1
UC8F2V63KZ4ZEay6opX2hAQw,UCXXh7yg5KUFIWylTiKVEFKQ,1
UC8F2V63KZ4ZEay6opX2hAQw,UCErZPJpHmLCsXs8ZWkAUupQ,1
UC8F2V63KZ4ZEay6opX2hAQw,UCTwSut16JyAg3mX6LVUNGqA,1
UC8F2V63KZ4ZEay6opX2hAQw,UCj-LL25XJnjxepPKCc3NGog,1
UC8F2V63KZ4ZEay6opX2hAQw,UCYN4wSQ1Sx4_LurxLlW7MPg,1
UC8F2V63KZ4ZEay6opX2hAQw,UCsSXdJct-nsS8DsABoEsaYA,1
UC8F2V63KZ4ZEay6opX2hAQw,UCwW2OFy95P7ZBkOPxWkpvYg,1
UC8F2V63KZ4ZEay6opX2hAQw,UCi1b_TRQfgO1Z9O2gNGGWNA,1
UC8F2V63KZ4ZEay6opX2hAQw,UC7VUuJr9cGh845CmTvf7TlQ,1
UC8F2V63KZ4ZEay6opX2hAQw,UCplrIQtaPj6au60_f2-mOYw,1
UC8F2V63KZ4ZEay6opX2hAQw,UCSou6a2OuYGSvPjm5psquyA,1
UC8F2V63KZ4ZEay6opX2hAQw,UCsJJAvrVGupdmhOqgtDp8dg,1
UC8F2V63KZ4ZEay6opX2hAQw,UCFhxtoeARHPnXXPcDrOU3Xg,1
UC8F2V63KZ4ZEay6opX2hAQw,UCGzXwyCzMzGmjmCbH3Hg01Q,1
UC8F2V63KZ4ZEay6opX2hAQw,UC3E9mAgP7VoAE5mZoAexl5g,1
UC8F2V63KZ4ZEay6opX2hAQw,UCB5p8a5gklc80jJItP6xTHg,1
UC8F2V63KZ4ZEay6opX2hAQw,UCcfdg8crmMJwEuLUsAhV7yg,1
UC8F2V63KZ4ZEay6opX2hAQw,UCQtICyzWmhC5woCtbNgaSmg,1
UC8F2V63KZ4ZEay6opX2hAQw,UCLFdHr9BEbXHkoJopbEPLZw,1
UC8F2V63KZ4ZEay6opX2hAQw,UCQtSFINs1h6GHkpg9o5kMvg,1
UC8F2V63KZ4ZEay6opX2hAQw,UCfM3nrxtTQMY5jFx1v1J4Gg,1
UC8F2V63KZ4ZEay6opX2hAQw,UCV0iizTBoOfdAFX_thfI9BA,1
UC8F2V63KZ4ZEay6opX2hAQw,UCFoIAE8k82D6AV-8gjjKaNg,1
UC8F2V63KZ4ZEay6opX2hAQw,UCkd9W714-947dEE6ZOEBATA,1
UC8F2V63KZ4ZEay6opX2hAQw,UCA93ym2TXs_Ibyxb4Vcn-6Q,1
UC8F2V63KZ4ZEay6opX2hAQw,UCFxE8GbokBrBsPEKM1xrOjQ,1
UC8F2V63KZ4ZEay6opX2hAQw,UC8G5cJONY8L9voMyBW8Eoug,1
UC8F2V63KZ4ZEay6opX2hAQw,UC3XTwHxygNCgjndsg-UiCQA,1
UC8F2V63KZ4ZEay6opX2hAQw,UCTD6q1nyIe3Y7HhqjaMj72w,1
UC8F2V63KZ4ZEay6opX2hAQw,UC72gBAtyb_VXQlYDcFrh6oQ,1
UC8F2V63KZ4ZEay6opX2hAQw,UC2Y_EHWQKevubk4vOEBBFxw,1
UC8F2V63KZ4ZEay6opX2hAQw,UCTP3O0rMnc8z8v8jaDQwL0w,1
UC8F2V63KZ4ZEay6opX2hAQw,UCAmtbUiIrUIhikru0ZoTFig,1
UC8F2V63KZ4ZEay6opX2hAQw,UCRlCV9zSn7avAWh-9_XFWqQ,1
UC8F2V63KZ4ZEay6opX2hAQw,UCpl8rF8uv_8uui-QRvuJaRA,1
UC8F2V63KZ4ZEay6opX2hAQw,UCsUCN0Yq_UyTvKjOJLmNrnQ,1
UC8F2V63KZ4ZEay6opX2hAQw,UCjSKM9j0Q7HLDr1hD6D-TUw,1
UC8F2V63KZ4ZEay6opX2hAQw,UChep9kVb5gQmpodEEl10Xlg,1
UC8F2V63KZ4ZEay6opX2hAQw,UCDftMWXQoJ6nONfY7GVOVjg,1
UC8F2V63KZ4ZEay6opX2hAQw,UCEgEQmRbtL5fwr9_DqAC--g,1
UC8F2V63KZ4ZEay6opX2hAQw,UCDQaQv0hr2SS_PO-CMEwVHg,1
UC8F2V63KZ4ZEay6opX2hAQw,UCtNfIBnc5S5DbbQj_yxgJTw,1
UC8F2V63KZ4ZEay6opX2hAQw,UCvApqeCbLod-wejtT4CcVuA,1
UC8F2V63KZ4ZEay6opX2hAQw,UCrJn_rbo_ENAdeqneS-RmRw,1
UC8F2V63KZ4ZEay6opX2hAQw,UCTylKrsqkrBKIqubMu_5N0Q,1
UC8F2V63KZ4ZEay6opX2hAQw,UCThW2XNsAaBKme5PUt7n-Zg,1
UC8F2V63KZ4ZEay6opX2hAQw,UCjmPuazZJzscrwvk0QR9RVw,1
UC8F2V63KZ4ZEay6opX2hAQw,UCr1emrogPKkKTs_WTtx71xg,1
UC8F2V63KZ4ZEay6opX2hAQw,UCzSfZlOVxBSs5ObD25ywxDQ,1
UC8F2V63KZ4ZEay6opX2hAQw,UCujPF2nBgsTD62nWE3lcpIg,1
UC8F2V63KZ4ZEay6opX2hAQw,UC4cXueR2bKGFJV0Fk76gwmA,1
UC8F2V63KZ4ZEay6opX2hAQw,UCL1MT278vSaQ83ZDkVWn1gw,1
UC8F2V63KZ4ZEay6opX2hAQw,UCRETAiYdh2dL5ZxB0_N1zDA,1
UC8F2V63KZ4ZEay6opX2hAQw,UCtUR3_CAiE7fCoZHM6cMfyQ,1
UC8F2V63KZ4ZEay6opX2hAQw,UCylqlpsh8ENNM1LqgQ1KbxA,1
UC8F2V63KZ4ZEay6opX2hAQw,UC6YSZqL0vEcI-niPKIMUGfw,1
UC8F2V63KZ4ZEay6opX2hAQw,UC3NMzdMYryaw82kPTnsaljg,1
UC8F2V63KZ4ZEay6opX2hAQw,UCsjs5Hp_r86x1xbK6FAeqaA,1
UC8F2V63KZ4ZEay6opX2hAQw,UCp4iw5_5SmV9VGTFSNVGOmQ,1
UC8F2V63KZ4ZEay6opX2hAQw,UCKDR0f2fu2UzWL8mBv5-BHw,1
UC8F2V63KZ4ZEay6opX2hAQw,UCFUuDARXdmmIrLppEqf-rFg,1
UC8F2V63KZ4ZEay6opX2hAQw,UC5bG9nc_JV3FsNP2KseQiYw,1
UC8F2V63KZ4ZEay6opX2hAQw,UC1vr9aaMI2crB0NvwFHUeoQ,1
UC8F2V63KZ4ZEay6opX2hAQw,UCLggDc_a5HriXv7I1h02sOA,1
UC8F2V63KZ4ZEay6opX2hAQw,UCDUffaruH6dyUnUGwsTKpgg,1
UC8F2V63KZ4ZEay6opX2hAQw,UCDlr1VadSucIZgZ171pRBjQ,1
UC8F2V63KZ4ZEay6opX2hAQw,UCySYJU5kUh7X8gVt9la2ISA,1
UC8F2V63KZ4ZEay6opX2hAQw,UCHTGCgY2l-DQJIvlA_cpa_Q,1
UC8F2V63KZ4ZEay6opX2hAQw,UCNkcuy42zEwddwEcOd_HpnA,1
UC8F2V63KZ4ZEay6opX2hAQw,UC2weSE8rpqkGMOp6StYtVfg,1
UC8F2V63KZ4ZEay6opX2hAQw,UCpsKOkt5iWTbenzeuq7dsmQ,1
UC8F2V63KZ4ZEay6opX2hAQw,UC650pRT-OYzny3GwOH8Cgfw,1
UC8F2V63KZ4ZEay6opX2hAQw,UCl0ekS9Tt0jJGtOEM18S63w,1
UC8F2V63KZ4ZEay6opX2hAQw,UCiMythXHsw7eQEMykCdmMUA,1
UC8F2V63KZ4ZEay6opX2hAQw,UCljDbleJul41G1TzOjOZAVA,1
UC8F2V63KZ4ZEay6opX2hAQw,UCAlzM_N6xBlMYmM8EBzX86Q,1
UC8F2V63KZ4ZEay6opX2hAQw,UChZknRmJkeGeQk0-mQuhDOg,1
UC8F2V63KZ4ZEay6opX2hAQw,UCmvOgzmmXbjUthHy-WJ52hQ,1
UC8F2V63KZ4ZEay6opX2hAQw,UCNBnKqWf4d-rS4HwJRQljmQ,1
UC8F2V63KZ4ZEay6opX2hAQw,UCOh6DaZC_x9HASnlRylEMfw,1
UC8F2V63KZ4ZEay6opX2hAQw,UC-jS_kA9w-OmpupXDx156Rg,1
UC8F2V63KZ4ZEay6opX2hAQw,UCXgr7vXlRrsaskPdo097kGA,1
UCheEJ5GZuIvV0fj-nXyVwXw,UCql1n3Ey6ULMSOACjMe-fxQ,1
UCheEJ5GZuIvV0fj-nXyVwXw,UC-HeUTT6_g-VoiWds2a4H-w,1
UCheEJ5GZuIvV0fj-nXyVwXw,UCtsxPYw8VUsH_FfnKg-0lmw,1
UCheEJ5GZuIvV0fj-nXyVwXw,UCvDwJBBY1mHK70aTEYl6rsA,1
UCheEJ5GZuIvV0fj-nXyVwXw,UCfo_yUPzy1f1POwwZxhZ06Q,1
UCheEJ5GZuIvV0fj-nXyVwXw,UCRfkkatKrNtAARnXMMYBGlA,1
UCheEJ5GZuIvV0fj-nXyVwXw,UCyJhqmMbsvjpoarBBStA2kg,1
UCheEJ5GZuIvV0fj-nXyVwXw,UCa36MjQLoPAmgJo-R3G8WQA,1
UCheEJ5GZuIvV0fj-nXyVwXw,UCZFQwqh90apuL8eFhvRBkUg,1
UCheEJ5GZuIvV0fj-nXyVwXw,UCEHXl4VvvVpq-_4xC5tsbhg,1
UCheEJ5GZuIvV0fj-nXyVwXw,UCtCtts20bW6F9CSohau51Iw,1
UCheEJ5GZuIvV0fj-nXyVwXw,UCp29O_C7cchZV8IxV7Crdag,1
UCheEJ5GZuIvV0fj-nXyVwXw,UCjZgFEowMBrsjodqfovzdKw,1
UCheEJ5GZuIvV0fj-nXyVwXw,UC1NiEdJ7gk6FlDexIalWnGg,1
UCheEJ5GZuIvV0fj-nXyVwXw,UC3YpzAr7pcdKC7BVFEpYzog,1
UCheEJ5GZuIvV0fj-nXyVwXw,UC63tFvbQ_hJhGDi2nbjssjw,1
UCheEJ5GZuIvV0fj-nXyVwXw,UCaT4saRcyqCLE657Rq2hhZQ,1
UCheEJ5GZuIvV0fj-nXyVwXw,UC14qlobYKqD-DO0j6b75lcA,1
UCheEJ5GZuIvV0fj-nXyVwXw,UC0HvfEWozTHbwl_iEmJNvVA,1
UCheEJ5GZuIvV0fj-nXyVwXw,UC-Iul5tDYH_oiAMXQH-KaaQ,1
UCheEJ5GZuIvV0fj-nXyVwXw,UCgGqw4aqMdMVSGkKiMgrJRQ,1
UCheEJ5GZuIvV0fj-nXyVwXw,UCzZ6dDCEsLMXbc5pCFXIprw,1
UCheEJ5GZuIvV0fj-nXyVwXw,UChyps3dqY-VY1_wLeq-2lhw,1
UCheEJ5GZuIvV0fj-nXyVwXw,UCeQk-WfEA-cJRq4EKeE7TOw,1
UCujPF2nBgsTD62nWE3lcpIg,UC9xr9QvIcDvoZNUX5f-jaZw,1
UCujPF2nBgsTD62nWE3lcpIg,UC-hfX8J5JPJ-dfuakzegMLA,1
UCujPF2nBgsTD62nWE3lcpIg,UCipetjeiWj4CZB6EbyYziZg,1
UCujPF2nBgsTD62nWE3lcpIg,UCiGRBf2RNF0WRKhRVT7zFoA,1
UCujPF2nBgsTD62nWE3lcpIg,UCYwpX26TrCxq8TvbKGRYLXA,1
UCujPF2nBgsTD62nWE3lcpIg,UCDPWkUX3sNNaCx-m1dV4glA,1
UCujPF2nBgsTD62nWE3lcpIg,UC3qn1yJA5PeW9rkGPatQxiw,1
UCujPF2nBgsTD62nWE3lcpIg,UCz3gu01bmjNv0DpRq-K3XYg,1
UCujPF2nBgsTD62nWE3lcpIg,UC8r11yOugM2NuRfitQOxLLg,1
UCujPF2nBgsTD62nWE3lcpIg,UC4wq3DcbfaG6dtCqn8Oyu3w,1
UCujPF2nBgsTD62nWE3lcpIg,UCwha8rxULYMVtNwZWeSkE1A,1
UCujPF2nBgsTD62nWE3lcpIg,UCwO2SXr0ggzwg6QWWrr01nQ,1
UCujPF2nBgsTD62nWE3lcpIg,UCL13XhnRzbGokEkCkEOb0-g,1
UCujPF2nBgsTD62nWE3lcpIg,UCUIIIPTVDVHAXqhC_5V6lPA,1
UCujPF2nBgsTD62nWE3lcpIg,UCXXh7yg5KUFIWylTiKVEFKQ,1
UCujPF2nBgsTD62nWE3lcpIg,UCErZPJpHmLCsXs8ZWkAUupQ,1
UCujPF2nBgsTD62nWE3lcpIg,UCTwSut16JyAg3mX6LVUNGqA,1
UCujPF2nBgsTD62nWE3lcpIg,UCj-LL25XJnjxepPKCc3NGog,1
UCujPF2nBgsTD62nWE3lcpIg,UCYN4wSQ1Sx4_LurxLlW7MPg,1
UCujPF2nBgsTD62nWE3lcpIg,UCsSXdJct-nsS8DsABoEsaYA,1
UCujPF2nBgsTD62nWE3lcpIg,UCwW2OFy95P7ZBkOPxWkpvYg,1
UCujPF2nBgsTD62nWE3lcpIg,UCi1b_TRQfgO1Z9O2gNGGWNA,1
UCujPF2nBgsTD62nWE3lcpIg,UC7VUuJr9cGh845CmTvf7TlQ,1
UCujPF2nBgsTD62nWE3lcpIg,UCplrIQtaPj6au60_f2-mOYw,1
UCujPF2nBgsTD62nWE3lcpIg,UCSou6a2OuYGSvPjm5psquyA,1
UCujPF2nBgsTD62nWE3lcpIg,UCsJJAvrVGupdmhOqgtDp8dg,1
UCujPF2nBgsTD62nWE3lcpIg,UCFhxtoeARHPnXXPcDrOU3Xg,1
UCujPF2nBgsTD62nWE3lcpIg,UCGzXwyCzMzGmjmCbH3Hg01Q,1
UCujPF2nBgsTD62nWE3lcpIg,UC3E9mAgP7VoAE5mZoAexl5g,1
UCujPF2nBgsTD62nWE3lcpIg,UCB5p8a5gklc80jJItP6xTHg,1
UCujPF2nBgsTD62nWE3lcpIg,UCcfdg8crmMJwEuLUsAhV7yg,1
UCujPF2nBgsTD62nWE3lcpIg,UCQtICyzWmhC5woCtbNgaSmg,1
UCujPF2nBgsTD62nWE3lcpIg,UCLFdHr9BEbXHkoJopbEPLZw,1
UCujPF2nBgsTD62nWE3lcpIg,UCQtSFINs1h6GHkpg9o5kMvg,1
UCujPF2nBgsTD62nWE3lcpIg,UCfM3nrxtTQMY5jFx1v1J4Gg,1
UCujPF2nBgsTD62nWE3lcpIg,UCV0iizTBoOfdAFX_thfI9BA,1
UCujPF2nBgsTD62nWE3lcpIg,UCFoIAE8k82D6AV-8gjjKaNg,1
UCujPF2nBgsTD62nWE3lcpIg,UCkd9W714-947dEE6ZOEBATA,1
UCujPF2nBgsTD62nWE3lcpIg,UCA93ym2TXs_Ibyxb4Vcn-6Q,1
UCujPF2nBgsTD62nWE3lcpIg,UCFxE8GbokBrBsPEKM1xrOjQ,1
UCujPF2nBgsTD62nWE3lcpIg,UC8G5cJONY8L9voMyBW8Eoug,1
UCujPF2nBgsTD62nWE3lcpIg,UC3XTwHxygNCgjndsg-UiCQA,1
UCujPF2nBgsTD62nWE3lcpIg,UCTD6q1nyIe3Y7HhqjaMj72w,1
UCujPF2nBgsTD62nWE3lcpIg,UC72gBAtyb_VXQlYDcFrh6oQ,1
UCujPF2nBgsTD62nWE3lcpIg,UC2Y_EHWQKevubk4vOEBBFxw,1
UCujPF2nBgsTD62nWE3lcpIg,UCTP3O0rMnc8z8v8jaDQwL0w,1
UCujPF2nBgsTD62nWE3lcpIg,UCAmtbUiIrUIhikru0ZoTFig,1
UCujPF2nBgsTD62nWE3lcpIg,UCRlCV9zSn7avAWh-9_XFWqQ,1
UCujPF2nBgsTD62nWE3lcpIg,UCpl8rF8uv_8uui-QRvuJaRA,1
UCujPF2nBgsTD62nWE3lcpIg,UCsUCN0Yq_UyTvKjOJLmNrnQ,1
UCujPF2nBgsTD62nWE3lcpIg,UCjSKM9j0Q7HLDr1hD6D-TUw,1
UCujPF2nBgsTD62nWE3lcpIg,UChep9kVb5gQmpodEEl10Xlg,1
UCujPF2nBgsTD62nWE3lcpIg,UCDftMWXQoJ6nONfY7GVOVjg,1
UCujPF2nBgsTD62nWE3lcpIg,UCEgEQmRbtL5fwr9_DqAC--g,1
UCujPF2nBgsTD62nWE3lcpIg,UCDQaQv0hr2SS_PO-CMEwVHg,1
UCujPF2nBgsTD62nWE3lcpIg,UCtNfIBnc5S5DbbQj_yxgJTw,1
UCujPF2nBgsTD62nWE3lcpIg,UCvApqeCbLod-wejtT4CcVuA,1
UCujPF2nBgsTD62nWE3lcpIg,UCrJn_rbo_ENAdeqneS-RmRw,1
UCujPF2nBgsTD62nWE3lcpIg,UCTylKrsqkrBKIqubMu_5N0Q,1
UCujPF2nBgsTD62nWE3lcpIg,UCThW2XNsAaBKme5PUt7n-Zg,1
UCujPF2nBgsTD62nWE3lcpIg,UCjmPuazZJzscrwvk0QR9RVw,1
UCujPF2nBgsTD62nWE3lcpIg,UCr1emrogPKkKTs_WTtx71xg,1
UCujPF2nBgsTD62nWE3lcpIg,UCzSfZlOVxBSs5ObD25ywxDQ,1
UCujPF2nBgsTD62nWE3lcpIg,UC4cXueR2bKGFJV0Fk76gwmA,1
UCujPF2nBgsTD62nWE3lcpIg,UCL1MT278vSaQ83ZDkVWn1gw,1
UCujPF2nBgsTD62nWE3lcpIg,UCRETAiYdh2dL5ZxB0_N1zDA,1
UCujPF2nBgsTD62nWE3lcpIg,UCtUR3_CAiE7fCoZHM6cMfyQ,1
UCujPF2nBgsTD62nWE3lcpIg,UCylqlpsh8ENNM1LqgQ1KbxA,1
UCujPF2nBgsTD62nWE3lcpIg,UC6YSZqL0vEcI-niPKIMUGfw,1
UCujPF2nBgsTD62nWE3lcpIg,UC3NMzdMYryaw82kPTnsaljg,1
UCujPF2nBgsTD62nWE3lcpIg,UCsjs5Hp_r86x1xbK6FAeqaA,1
UCujPF2nBgsTD62nWE3lcpIg,UCp4iw5_5SmV9VGTFSNVGOmQ,1
UCujPF2nBgsTD62nWE3lcpIg,UCKDR0f2fu2UzWL8mBv5-BHw,1
UCujPF2nBgsTD62nWE3lcpIg,UCFUuDARXdmmIrLppEqf-rFg,1
UCujPF2nBgsTD62nWE3lcpIg,UC5bG9nc_JV3FsNP2KseQiYw,1
UCujPF2nBgsTD62nWE3lcpIg,UC1vr9aaMI2crB0NvwFHUeoQ,1
UCujPF2nBgsTD62nWE3lcpIg,UCLggDc_a5HriXv7I1h02sOA,1
UCujPF2nBgsTD62nWE3lcpIg,UCDUffaruH6dyUnUGwsTKpgg,1
UCujPF2nBgsTD62nWE3lcpIg,UCDlr1VadSucIZgZ171pRBjQ,1
UCujPF2nBgsTD62nWE3lcpIg,UCySYJU5kUh7X8gVt9la2ISA,1
UCujPF2nBgsTD62nWE3lcpIg,UCHTGCgY2l-DQJIvlA_cpa_Q,1
UCujPF2nBgsTD62nWE3lcpIg,UCNkcuy42zEwddwEcOd_HpnA,1
UCujPF2nBgsTD62nWE3lcpIg,UC2weSE8rpqkGMOp6StYtVfg,1
UCujPF2nBgsTD62nWE3lcpIg,UCpsKOkt5iWTbenzeuq7dsmQ,1
UCujPF2nBgsTD62nWE3lcpIg,UC650pRT-OYzny3GwOH8Cgfw,1
UCujPF2nBgsTD62nWE3lcpIg,UCl0ekS9Tt0jJGtOEM18S63w,1
UCujPF2nBgsTD62nWE3lcpIg,UCiMythXHsw7eQEMykCdmMUA,1
UCujPF2nBgsTD62nWE3lcpIg,UCljDbleJul41G1TzOjOZAVA,1
UCujPF2nBgsTD62nWE3lcpIg,UCAlzM_N6xBlMYmM8EBzX86Q,1
UCujPF2nBgsTD62nWE3lcpIg,UChZknRmJkeGeQk0-mQuhDOg,1
UCujPF2nBgsTD62nWE3lcpIg,UCmvOgzmmXbjUthHy-WJ52hQ,1
UCujPF2nBgsTD62nWE3lcpIg,UCNBnKqWf4d-rS4HwJRQljmQ,1
UCujPF2nBgsTD62nWE3lcpIg,UCOh6DaZC_x9HASnlRylEMfw,1
UCujPF2nBgsTD62nWE3lcpIg,UC-jS_kA9w-OmpupXDx156Rg,1
UCujPF2nBgsTD62nWE3lcpIg,UCXgr7vXlRrsaskPdo097kGA,1
UCV0iizTBoOfdAFX_thfI9BA,UC9xr9QvIcDvoZNUX5f-jaZw,1
UCV0iizTBoOfdAFX_thfI9BA,UC-hfX8J5JPJ-dfuakzegMLA,1
UCV0iizTBoOfdAFX_thfI9BA,UCipetjeiWj4CZB6EbyYziZg,1
UCV0iizTBoOfdAFX_thfI9BA,UCiGRBf2RNF0WRKhRVT7zFoA,1
UCV0iizTBoOfdAFX_thfI9BA,UCYwpX26TrCxq8TvbKGRYLXA,1
UCV0iizTBoOfdAFX_thfI9BA,UCDPWkUX3sNNaCx-m1dV4glA,1
UCV0iizTBoOfdAFX_thfI9BA,UC3qn1yJA5PeW9rkGPatQxiw,1
UCV0iizTBoOfdAFX_thfI9BA,UCz3gu01bmjNv0DpRq-K3XYg,1
UCV0iizTBoOfdAFX_thfI9BA,UC8r11yOugM2NuRfitQOxLLg,1
UCV0iizTBoOfdAFX_thfI9BA,UC4wq3DcbfaG6dtCqn8Oyu3w,1
UCV0iizTBoOfdAFX_thfI9BA,UCwha8rxULYMVtNwZWeSkE1A,1
UCV0iizTBoOfdAFX_thfI9BA,UCwO2SXr0ggzwg6QWWrr01nQ,1
UCV0iizTBoOfdAFX_thfI9BA,UCL13XhnRzbGokEkCkEOb0-g,1
UCV0iizTBoOfdAFX_thfI9BA,UCUIIIPTVDVHAXqhC_5V6lPA,1
UCV0iizTBoOfdAFX_thfI9BA,UCXXh7yg5KUFIWylTiKVEFKQ,1
UCV0iizTBoOfdAFX_thfI9BA,UCErZPJpHmLCsXs8ZWkAUupQ,1
UCV0iizTBoOfdAFX_thfI9BA,UCTwSut16JyAg3mX6LVUNGqA,1
UCV0iizTBoOfdAFX_thfI9BA,UCj-LL25XJnjxepPKCc3NGog,1
UCV0iizTBoOfdAFX_thfI9BA,UCYN4wSQ1Sx4_LurxLlW7MPg,1
UCV0iizTBoOfdAFX_thfI9BA,UCsSXdJct-nsS8DsABoEsaYA,1
UCV0iizTBoOfdAFX_thfI9BA,UCwW2OFy95P7ZBkOPxWkpvYg,1
UCV0iizTBoOfdAFX_thfI9BA,UCi1b_TRQfgO1Z9O2gNGGWNA,1
UCV0iizTBoOfdAFX_thfI9BA,UC7VUuJr9cGh845CmTvf7TlQ,1
UCV0iizTBoOfdAFX_thfI9BA,UCplrIQtaPj6au60_f2-mOYw,1
UCV0iizTBoOfdAFX_thfI9BA,UCSou6a2OuYGSvPjm5psquyA,1
UCV0iizTBoOfdAFX_thfI9BA,UCsJJAvrVGupdmhOqgtDp8dg,1
UCV0iizTBoOfdAFX_thfI9BA,UCFhxtoeARHPnXXPcDrOU3Xg,1
UCV0iizTBoOfdAFX_thfI9BA,UCGzXwyCzMzGmjmCbH3Hg01Q,1
UCV0iizTBoOfdAFX_thfI9BA,UC3E9mAgP7VoAE5mZoAexl5g,1
UCV0iizTBoOfdAFX_thfI9BA,UCB5p8a5gklc80jJItP6xTHg,1
UCV0iizTBoOfdAFX_thfI9BA,UCcfdg8crmMJwEuLUsAhV7yg,1
UCV0iizTBoOfdAFX_thfI9BA,UCQtICyzWmhC5woCtbNgaSmg,1
UCV0iizTBoOfdAFX_thfI9BA,UCLFdHr9BEbXHkoJopbEPLZw,1
UCV0iizTBoOfdAFX_thfI9BA,UCQtSFINs1h6GHkpg9o5kMvg,1
UCV0iizTBoOfdAFX_thfI9BA,UCfM3nrxtTQMY5jFx1v1J4Gg,1
UCV0iizTBoOfdAFX_thfI9BA,UCFoIAE8k82D6AV-8gjjKaNg,1
UCV0iizTBoOfdAFX_thfI9BA,UCkd9W714-947dEE6ZOEBATA,1
UCV0iizTBoOfdAFX_thfI9BA,UCA93ym2TXs_Ibyxb4Vcn-6Q,1
UCV0iizTBoOfdAFX_thfI9BA,UCFxE8GbokBrBsPEKM1xrOjQ,1
UCV0iizTBoOfdAFX_thfI9BA,UC8G5cJONY8L9voMyBW8Eoug,1
UCV0iizTBoOfdAFX_thfI9BA,UC3XTwHxygNCgjndsg-UiCQA,1
UCV0iizTBoOfdAFX_thfI9BA,UCTD6q1nyIe3Y7HhqjaMj72w,1
UCV0iizTBoOfdAFX_thfI9BA,UC72gBAtyb_VXQlYDcFrh6oQ,1
UCV0iizTBoOfdAFX_thfI9BA,UC2Y_EHWQKevubk4vOEBBFxw,1
UCV0iizTBoOfdAFX_thfI9BA,UCTP3O0rMnc8z8v8jaDQwL0w,1
UCV0iizTBoOfdAFX_thfI9BA,UCAmtbUiIrUIhikru0ZoTFig,1
UCV0iizTBoOfdAFX_thfI9BA,UCRlCV9zSn7avAWh-9_XFWqQ,1
UCV0iizTBoOfdAFX_thfI9BA,UCpl8rF8uv_8uui-QRvuJaRA,1
UCV0iizTBoOfdAFX_thfI9BA,UCsUCN0Yq_UyTvKjOJLmNrnQ,1
UCV0iizTBoOfdAFX_thfI9BA,UCjSKM9j0Q7HLDr1hD6D-TUw,1
UCV0iizTBoOfdAFX_thfI9BA,UChep9kVb5gQmpodEEl10Xlg,1
UCV0iizTBoOfdAFX_thfI9BA,UCDftMWXQoJ6nONfY7GVOVjg,1
UCV0iizTBoOfdAFX_thfI9BA,UCEgEQmRbtL5fwr9_DqAC--g,1
UCV0iizTBoOfdAFX_thfI9BA,UCDQaQv0hr2SS_PO-CMEwVHg,1
UCV0iizTBoOfdAFX_thfI9BA,UCtNfIBnc5S5DbbQj_yxgJTw,1
UCV0iizTBoOfdAFX_thfI9BA,UCvApqeCbLod-wejtT4CcVuA,1
UCV0iizTBoOfdAFX_thfI9BA,UCrJn_rbo_ENAdeqneS-RmRw,1
UCV0iizTBoOfdAFX_thfI9BA,UCTylKrsqkrBKIqubMu_5N0Q,1
UCV0iizTBoOfdAFX_thfI9BA,UCThW2XNsAaBKme5PUt7n-Zg,1
UCV0iizTBoOfdAFX_thfI9BA,UCjmPuazZJzscrwvk0QR9RVw,1
UCV0iizTBoOfdAFX_thfI9BA,UCr1emrogPKkKTs_WTtx71xg,1
UCV0iizTBoOfdAFX_thfI9BA,UCzSfZlOVxBSs5ObD25ywxDQ,1
UCV0iizTBoOfdAFX_thfI9BA,UC4cXueR2bKGFJV0Fk76gwmA,1
UCV0iizTBoOfdAFX_thfI9BA,UCL1MT278vSaQ83ZDkVWn1gw,1
UCV0iizTBoOfdAFX_thfI9BA,UCRETAiYdh2dL5ZxB0_N1zDA,1
UCV0iizTBoOfdAFX_thfI9BA,UCtUR3_CAiE7fCoZHM6cMfyQ,1
UCV0iizTBoOfdAFX_thfI9BA,UCylqlpsh8ENNM1LqgQ1KbxA,1
UCV0iizTBoOfdAFX_thfI9BA,UC6YSZqL0vEcI-niPKIMUGfw,1
UCV0iizTBoOfdAFX_thfI9BA,UC3NMzdMYryaw82kPTnsaljg,1
UCV0iizTBoOfdAFX_thfI9BA,UCsjs5Hp_r86x1xbK6FAeqaA,1
UCV0iizTBoOfdAFX_thfI9BA,UCp4iw5_5SmV9VGTFSNVGOmQ,1
UCV0iizTBoOfdAFX_thfI9BA,UCKDR0f2fu2UzWL8mBv5-BHw,1
UCV0iizTBoOfdAFX_thfI9BA,UCFUuDARXdmmIrLppEqf-rFg,1
UCV0iizTBoOfdAFX_thfI9BA,UC5bG9nc_JV3FsNP2KseQiYw,1
UCV0iizTBoOfdAFX_thfI9BA,UC1vr9aaMI2crB0NvwFHUeoQ,1
UCV0iizTBoOfdAFX_thfI9BA,UCLggDc_a5HriXv7I1h02sOA,1
UCV0iizTBoOfdAFX_thfI9BA,UCDUffaruH6dyUnUGwsTKpgg,1
UCV0iizTBoOfdAFX_thfI9BA,UCDlr1VadSucIZgZ171pRBjQ,1
UCV0iizTBoOfdAFX_thfI9BA,UCySYJU5kUh7X8gVt9la2ISA,1
UCV0iizTBoOfdAFX_thfI9BA,UCHTGCgY2l-DQJIvlA_cpa_Q,1
UCV0iizTBoOfdAFX_thfI9BA,UCNkcuy42zEwddwEcOd_HpnA,1
UCV0iizTBoOfdAFX_thfI9BA,UC2weSE8rpqkGMOp6StYtVfg,1
UCV0iizTBoOfdAFX_thfI9BA,UCpsKOkt5iWTbenzeuq7dsmQ,1
UCV0iizTBoOfdAFX_thfI9BA,UC650pRT-OYzny3GwOH8Cgfw,1
UCV0iizTBoOfdAFX_thfI9BA,UCl0ekS9Tt0jJGtOEM18S63w,1
UCV0iizTBoOfdAFX_thfI9BA,UCiMythXHsw7eQEMykCdmMUA,1
UCV0iizTBoOfdAFX_thfI9BA,UCljDbleJul41G1TzOjOZAVA,1
UCV0iizTBoOfdAFX_thfI9BA,UCAlzM_N6xBlMYmM8EBzX86Q,1
UCV0iizTBoOfdAFX_thfI9BA,UChZknRmJkeGeQk0-mQuhDOg,1
UCV0iizTBoOfdAFX_thfI9BA,UCmvOgzmmXbjUthHy-WJ52hQ,1
UCV0iizTBoOfdAFX_thfI9BA,UCNBnKqWf4d-rS4HwJRQljmQ,1
UCV0iizTBoOfdAFX_thfI9BA,UCOh6DaZC_x9HASnlRylEMfw,1
UCV0iizTBoOfdAFX_thfI9BA,UC-jS_kA9w-OmpupXDx156Rg,1
UCV0iizTBoOfdAFX_thfI9BA,UCXgr7vXlRrsaskPdo097kGA,1
UCp29O_C7cchZV8IxV7Crdag,UCql1n3Ey6ULMSOACjMe-fxQ,1
UCp29O_C7cchZV8IxV7Crdag,UC-HeUTT6_g-VoiWds2a4H-w,1
UCp29O_C7cchZV8IxV7Crdag,UCtsxPYw8VUsH_FfnKg-0lmw,1
UCp29O_C7cchZV8IxV7Crdag,UCvDwJBBY1mHK70aTEYl6rsA,1
UCp29O_C7cchZV8IxV7Crdag,UCfo_yUPzy1f1POwwZxhZ06Q,1
UCp29O_C7cchZV8IxV7Crdag,UCRfkkatKrNtAARnXMMYBGlA,1
UCp29O_C7cchZV8IxV7Crdag,UCyJhqmMbsvjpoarBBStA2kg,1
UCp29O_C7cchZV8IxV7Crdag,UCa36MjQLoPAmgJo-R3G8WQA,1
UCp29O_C7cchZV8IxV7Crdag,UCZFQwqh90apuL8eFhvRBkUg,1
UCp29O_C7cchZV8IxV7Crdag,UCEHXl4VvvVpq-_4xC5tsbhg,1
UCp29O_C7cchZV8IxV7Crdag,UCtCtts20bW6F9CSohau51Iw,1
UCp29O_C7cchZV8IxV7Crdag,UCjZgFEowMBrsjodqfovzdKw,1
UCp29O_C7cchZV8IxV7Crdag,UC1NiEdJ7gk6FlDexIalWnGg,1
UCp29O_C7cchZV8IxV7Crdag,UC3YpzAr7pcdKC7BVFEpYzog,1
UCp29O_C7cchZV8IxV7Crdag,UC63tFvbQ_hJhGDi2nbjssjw,1
UCp29O_C7cchZV8IxV7Crdag,UCaT4saRcyqCLE657Rq2hhZQ,1
UCp29O_C7cchZV8IxV7Crdag,UC14qlobYKqD-DO0j6b75lcA,1
UCp29O_C7cchZV8IxV7Crdag,UC0HvfEWozTHbwl_iEmJNvVA,1
UCp29O_C7cchZV8IxV7Crdag,UC-Iul5tDYH_oiAMXQH-KaaQ,1
UCp29O_C7cchZV8IxV7Crdag,UCgGqw4aqMdMVSGkKiMgrJRQ,1
UCp29O_C7cchZV8IxV7Crdag,UCzZ6dDCEsLMXbc5pCFXIprw,1
UCp29O_C7cchZV8IxV7Crdag,UChyps3dqY-VY1_wLeq-2lhw,1
UCp29O_C7cchZV8IxV7Crdag,UCeQk-WfEA-cJRq4EKeE7TOw,1
UCkxdJ_yGN2gghOMo2ybQtXQ,UCTTILH6QCIxbTnEWxwRqs1g,1
UCkxdJ_yGN2gghOMo2ybQtXQ,UCOY3XpD9qMCRSA8AA8c4CAw,1
UCkxdJ_yGN2gghOMo2ybQtXQ,UCc_F88PzGWtA1OPNUEASulA,1
UCkxdJ_yGN2gghOMo2ybQtXQ,UCcFIBN-rtC3d3hXeuN5TfWw,1
UCkxdJ_yGN2gghOMo2ybQtXQ,UCXVLc8CmAO813ubM-fLvCDw,1
UCkxdJ_yGN2gghOMo2ybQtXQ,UCXO1BBohNWXkK9SBDAG2ySg,1
UCkxdJ_yGN2gghOMo2ybQtXQ,UCxcoDvP-g2_KTZDmVZtvb3w,1
UCkxdJ_yGN2gghOMo2ybQtXQ,UCefAH1MbvADWUjE9WVcB9EQ,1
UCkxdJ_yGN2gghOMo2ybQtXQ,UCwEe1RKlEv1UpNWmWYfSh4w,1
UCkxdJ_yGN2gghOMo2ybQtXQ,UCbrtvygfRT6QXqWDNrOf-cA,1
UCkxdJ_yGN2gghOMo2ybQtXQ,UChT7pzGytNd92Nmvi-zuWog,1
UCkxdJ_yGN2gghOMo2ybQtXQ,UCdQAuWwyC99MB7Y02Umj26Q,1
UCkxdJ_yGN2gghOMo2ybQtXQ,UCCUmP4PlbwgikVFpYwbtRTg,1
UCjZgFEowMBrsjodqfovzdKw,UCql1n3Ey6ULMSOACjMe-fxQ,1
UCjZgFEowMBrsjodqfovzdKw,UCfXykdbSU97rj987LDUGfvg,1
UCjZgFEowMBrsjodqfovzdKw,UC-HeUTT6_g-VoiWds2a4H-w,1
UCjZgFEowMBrsjodqfovzdKw,UCtsxPYw8VUsH_FfnKg-0lmw,1
UCjZgFEowMBrsjodqfovzdKw,UCvDwJBBY1mHK70aTEYl6rsA,1
UCjZgFEowMBrsjodqfovzdKw,UCwCfs-2zbD5k0lG-UVg_JBw,1
UCjZgFEowMBrsjodqfovzdKw,UCfo_yUPzy1f1POwwZxhZ06Q,1
UCjZgFEowMBrsjodqfovzdKw,UCRfkkatKrNtAARnXMMYBGlA,1
UCjZgFEowMBrsjodqfovzdKw,UCyJhqmMbsvjpoarBBStA2kg,1
UCjZgFEowMBrsjodqfovzdKw,UCa36MjQLoPAmgJo-R3G8WQA,1
UCjZgFEowMBrsjodqfovzdKw,UC2ngpd8UBQu4gcUYy0goAtg,1
UCjZgFEowMBrsjodqfovzdKw,UCZFQwqh90apuL8eFhvRBkUg,1
UCjZgFEowMBrsjodqfovzdKw,UCEHXl4VvvVpq-_4xC5tsbhg,1
UCjZgFEowMBrsjodqfovzdKw,UCtCtts20bW6F9CSohau51Iw,1
UCjZgFEowMBrsjodqfovzdKw,UCO0zwwLWGyDgQmWPJ5Qrr1w,1
UCjZgFEowMBrsjodqfovzdKw,UCXN2s7DwTJm33xO-pNkAdaA,1
UCjZgFEowMBrsjodqfovzdKw,UCq3mDTTRZnUybct5M9OSXbg,1
UCjZgFEowMBrsjodqfovzdKw,UCIXLDYqR_syskKRJy_x9W9Q,1
UCjZgFEowMBrsjodqfovzdKw,UCLXYp1Cvc5DLtq5UQL5D9vw,1
UCjZgFEowMBrsjodqfovzdKw,UC1NiEdJ7gk6FlDexIalWnGg,1
UCjZgFEowMBrsjodqfovzdKw,UC3YpzAr7pcdKC7BVFEpYzog,1
UCjZgFEowMBrsjodqfovzdKw,UC63tFvbQ_hJhGDi2nbjssjw,1
UCjZgFEowMBrsjodqfovzdKw,UCaT4saRcyqCLE657Rq2hhZQ,1
UCjZgFEowMBrsjodqfovzdKw,UC14qlobYKqD-DO0j6b75lcA,1
UCjZgFEowMBrsjodqfovzdKw,UC0HvfEWozTHbwl_iEmJNvVA,1
UCjZgFEowMBrsjodqfovzdKw,UC-Iul5tDYH_oiAMXQH-KaaQ,1
UCjZgFEowMBrsjodqfovzdKw,UCgGqw4aqMdMVSGkKiMgrJRQ,1
UCjZgFEowMBrsjodqfovzdKw,UCzZ6dDCEsLMXbc5pCFXIprw,1
UCjZgFEowMBrsjodqfovzdKw,UChyps3dqY-VY1_wLeq-2lhw,1
UCjZgFEowMBrsjodqfovzdKw,UCfjhejO7LZy4doXURa7LZCQ,1
UCjZgFEowMBrsjodqfovzdKw,UCeQk-WfEA-cJRq4EKeE7TOw,1
UC4wq3DcbfaG6dtCqn8Oyu3w,UC9xr9QvIcDvoZNUX5f-jaZw,1
UC4wq3DcbfaG6dtCqn8Oyu3w,UC-hfX8J5JPJ-dfuakzegMLA,1
UC4wq3DcbfaG6dtCqn8Oyu3w,UCipetjeiWj4CZB6EbyYziZg,1
UC4wq3DcbfaG6dtCqn8Oyu3w,UCiGRBf2RNF0WRKhRVT7zFoA,1
UC4wq3DcbfaG6dtCqn8Oyu3w,UCYwpX26TrCxq8TvbKGRYLXA,1
UC4wq3DcbfaG6dtCqn8Oyu3w,UCDPWkUX3sNNaCx-m1dV4glA,1
UC4wq3DcbfaG6dtCqn8Oyu3w,UC3qn1yJA5PeW9rkGPatQxiw,1
UC4wq3DcbfaG6dtCqn8Oyu3w,UCz3gu01bmjNv0DpRq-K3XYg,1
UC4wq3DcbfaG6dtCqn8Oyu3w,UC8r11yOugM2NuRfitQOxLLg,1
UC4wq3DcbfaG6dtCqn8Oyu3w,UCwha8rxULYMVtNwZWeSkE1A,1
UC4wq3DcbfaG6dtCqn8Oyu3w,UCwO2SXr0ggzwg6QWWrr01nQ,1
UC4wq3DcbfaG6dtCqn8Oyu3w,UCL13XhnRzbGokEkCkEOb0-g,1
UC4wq3DcbfaG6dtCqn8Oyu3w,UCUIIIPTVDVHAXqhC_5V6lPA,1
UC4wq3DcbfaG6dtCqn8Oyu3w,UCXXh7yg5KUFIWylTiKVEFKQ,1
UC4wq3DcbfaG6dtCqn8Oyu3w,UCErZPJpHmLCsXs8ZWkAUupQ,1
UC4wq3DcbfaG6dtCqn8Oyu3w,UCTwSut16JyAg3mX6LVUNGqA,1
UC4wq3DcbfaG6dtCqn8Oyu3w,UCj-LL25XJnjxepPKCc3NGog,1
UC4wq3DcbfaG6dtCqn8Oyu3w,UCYN4wSQ1Sx4_LurxLlW7MPg,1
UC4wq3DcbfaG6dtCqn8Oyu3w,UCsSXdJct-nsS8DsABoEsaYA,1
UC4wq3DcbfaG6dtCqn8Oyu3w,UCwW2OFy95P7ZBkOPxWkpvYg,1
UC4wq3DcbfaG6dtCqn8Oyu3w,UCi1b_TRQfgO1Z9O2gNGGWNA,1
UC4wq3DcbfaG6dtCqn8Oyu3w,UC7VUuJr9cGh845CmTvf7TlQ,1
UC4wq3DcbfaG6dtCqn8Oyu3w,UCplrIQtaPj6au60_f2-mOYw,1
UC4wq3DcbfaG6dtCqn8Oyu3w,UCSou6a2OuYGSvPjm5psquyA,1
UC4wq3DcbfaG6dtCqn8Oyu3w,UCsJJAvrVGupdmhOqgtDp8dg,1
UC4wq3DcbfaG6dtCqn8Oyu3w,UCFhxtoeARHPnXXPcDrOU3Xg,1
UC4wq3DcbfaG6dtCqn8Oyu3w,UCGzXwyCzMzGmjmCbH3Hg01Q,1
UC4wq3DcbfaG6dtCqn8Oyu3w,UC3E9mAgP7VoAE5mZoAexl5g,1
UC4wq3DcbfaG6dtCqn8Oyu3w,UCB5p8a5gklc80jJItP6xTHg,1
UC4wq3DcbfaG6dtCqn8Oyu3w,UCcfdg8crmMJwEuLUsAhV7yg,1
UC4wq3DcbfaG6dtCqn8Oyu3w,UCQtICyzWmhC5woCtbNgaSmg,1
UC4wq3DcbfaG6dtCqn8Oyu3w,UCLFdHr9BEbXHkoJopbEPLZw,1
UC4wq3DcbfaG6dtCqn8Oyu3w,UCQtSFINs1h6GHkpg9o5kMvg,1
UC4wq3DcbfaG6dtCqn8Oyu3w,UCfM3nrxtTQMY5jFx1v1J4Gg,1
UC4wq3DcbfaG6dtCqn8Oyu3w,UCFoIAE8k82D6AV-8gjjKaNg,1
UC4wq3DcbfaG6dtCqn8Oyu3w,UCkd9W714-947dEE6ZOEBATA,1
UC4wq3DcbfaG6dtCqn8Oyu3w,UCA93ym2TXs_Ibyxb4Vcn-6Q,1
UC4wq3DcbfaG6dtCqn8Oyu3w,UCFxE8GbokBrBsPEKM1xrOjQ,1
UC4wq3DcbfaG6dtCqn8Oyu3w,UC8G5cJONY8L9voMyBW8Eoug,1
UC4wq3DcbfaG6dtCqn8Oyu3w,UC3XTwHxygNCgjndsg-UiCQA,1
UC4wq3DcbfaG6dtCqn8Oyu3w,UCTD6q1nyIe3Y7HhqjaMj72w,1
UC4wq3DcbfaG6dtCqn8Oyu3w,UC72gBAtyb_VXQlYDcFrh6oQ,1
UC4wq3DcbfaG6dtCqn8Oyu3w,UC2Y_EHWQKevubk4vOEBBFxw,1
UC4wq3DcbfaG6dtCqn8Oyu3w,UCTP3O0rMnc8z8v8jaDQwL0w,1
UC4wq3DcbfaG6dtCqn8Oyu3w,UCAmtbUiIrUIhikru0ZoTFig,1
UC4wq3DcbfaG6dtCqn8Oyu3w,UCRlCV9zSn7avAWh-9_XFWqQ,1
UC4wq3DcbfaG6dtCqn8Oyu3w,UCpl8rF8uv_8uui-QRvuJaRA,1
UC4wq3DcbfaG6dtCqn8Oyu3w,UCsUCN0Yq_UyTvKjOJLmNrnQ,1
UC4wq3DcbfaG6dtCqn8Oyu3w,UCjSKM9j0Q7HLDr1hD6D-TUw,1
UC4wq3DcbfaG6dtCqn8Oyu3w,UChep9kVb5gQmpodEEl10Xlg,1
UC4wq3DcbfaG6dtCqn8Oyu3w,UCDftMWXQoJ6nONfY7GVOVjg,1
UC4wq3DcbfaG6dtCqn8Oyu3w,UCEgEQmRbtL5fwr9_DqAC--g,1
UC4wq3DcbfaG6dtCqn8Oyu3w,UCDQaQv0hr2SS_PO-CMEwVHg,1
UC4wq3DcbfaG6dtCqn8Oyu3w,UCtNfIBnc5S5DbbQj_yxgJTw,1
UC4wq3DcbfaG6dtCqn8Oyu3w,UCvApqeCbLod-wejtT4CcVuA,1
UC4wq3DcbfaG6dtCqn8Oyu3w,UCrJn_rbo_ENAdeqneS-RmRw,1
UC4wq3DcbfaG6dtCqn8Oyu3w,UCTylKrsqkrBKIqubMu_5N0Q,1
UC4wq3DcbfaG6dtCqn8Oyu3w,UCThW2XNsAaBKme5PUt7n-Zg,1
UC4wq3DcbfaG6dtCqn8Oyu3w,UCjmPuazZJzscrwvk0QR9RVw,1
UC4wq3DcbfaG6dtCqn8Oyu3w,UCr1emrogPKkKTs_WTtx71xg,1
UC4wq3DcbfaG6dtCqn8Oyu3w,UCzSfZlOVxBSs5ObD25ywxDQ,1
UC4wq3DcbfaG6dtCqn8Oyu3w,UC4cXueR2bKGFJV0Fk76gwmA,1
UC4wq3DcbfaG6dtCqn8Oyu3w,UCL1MT278vSaQ83ZDkVWn1gw,1
UC4wq3DcbfaG6dtCqn8Oyu3w,UCRETAiYdh2dL5ZxB0_N1zDA,1
UC4wq3DcbfaG6dtCqn8Oyu3w,UCtUR3_CAiE7fCoZHM6cMfyQ,1
UC4wq3DcbfaG6dtCqn8Oyu3w,UCylqlpsh8ENNM1LqgQ1KbxA,1
UC4wq3DcbfaG6dtCqn8Oyu3w,UC6YSZqL0vEcI-niPKIMUGfw,1
UC4wq3DcbfaG6dtCqn8Oyu3w,UC3NMzdMYryaw82kPTnsaljg,1
UC4wq3DcbfaG6dtCqn8Oyu3w,UCsjs5Hp_r86x1xbK6FAeqaA,1
UC4wq3DcbfaG6dtCqn8Oyu3w,UCp4iw5_5SmV9VGTFSNVGOmQ,1
UC4wq3DcbfaG6dtCqn8Oyu3w,UCKDR0f2fu2UzWL8mBv5-BHw,1
UC4wq3DcbfaG6dtCqn8Oyu3w,UCFUuDARXdmmIrLppEqf-rFg,1
UC4wq3DcbfaG6dtCqn8Oyu3w,UC5bG9nc_JV3FsNP2KseQiYw,1
UC4wq3DcbfaG6dtCqn8Oyu3w,UC1vr9aaMI2crB0NvwFHUeoQ,1
UC4wq3DcbfaG6dtCqn8Oyu3w,UCLggDc_a5HriXv7I1h02sOA,1
UC4wq3DcbfaG6dtCqn8Oyu3w,UCDUffaruH6dyUnUGwsTKpgg,1
UC4wq3DcbfaG6dtCqn8Oyu3w,UCDlr1VadSucIZgZ171pRBjQ,1
UC4wq3DcbfaG6dtCqn8Oyu3w,UCySYJU5kUh7X8gVt9la2ISA,1
UC4wq3DcbfaG6dtCqn8Oyu3w,UCHTGCgY2l-DQJIvlA_cpa_Q,1
UC4wq3DcbfaG6dtCqn8Oyu3w,UCNkcuy42zEwddwEcOd_HpnA,1
UC4wq3DcbfaG6dtCqn8Oyu3w,UC2weSE8rpqkGMOp6StYtVfg,1
UC4wq3DcbfaG6dtCqn8Oyu3w,UCpsKOkt5iWTbenzeuq7dsmQ,1
UC4wq3DcbfaG6dtCqn8Oyu3w,UC650pRT-OYzny3GwOH8Cgfw,1
UC4wq3DcbfaG6dtCqn8Oyu3w,UCl0ekS9Tt0jJGtOEM18S63w,1
UC4wq3DcbfaG6dtCqn8Oyu3w,UCiMythXHsw7eQEMykCdmMUA,1
UC4wq3DcbfaG6dtCqn8Oyu3w,UCljDbleJul41G1TzOjOZAVA,1
UC4wq3DcbfaG6dtCqn8Oyu3w,UCAlzM_N6xBlMYmM8EBzX86Q,1
UC4wq3DcbfaG6dtCqn8Oyu3w,UChZknRmJkeGeQk0-mQuhDOg,1
UC4wq3DcbfaG6dtCqn8Oyu3w,UCmvOgzmmXbjUthHy-WJ52hQ,1
UC4wq3DcbfaG6dtCqn8Oyu3w,UCNBnKqWf4d-rS4HwJRQljmQ,1
UC4wq3DcbfaG6dtCqn8Oyu3w,UCOh6DaZC_x9HASnlRylEMfw,1
UC4wq3DcbfaG6dtCqn8Oyu3w,UC-jS_kA9w-OmpupXDx156Rg,1
UC4wq3DcbfaG6dtCqn8Oyu3w,UCXgr7vXlRrsaskPdo097kGA,1
UCVC2QugcI1G4RvlCiUqd1aQ,UCJp3OrVYcBorC94sKwdch_A,1
UCVC2QugcI1G4RvlCiUqd1aQ,UCbrtvygfRT6QXqWDNrOf-cA,1
UCVC2QugcI1G4RvlCiUqd1aQ,UC5wuDq3U3vRAhOQI3D7gNdw,1
UCVC2QugcI1G4RvlCiUqd1aQ,UCjJf-AJKRFFWtiN-CSwkDmA,1
UCVC2QugcI1G4RvlCiUqd1aQ,UC_6KbBY1bsYXz9fwFS0eQRg,1
UCVC2QugcI1G4RvlCiUqd1aQ,UCpsKOkt5iWTbenzeuq7dsmQ,1
UCVC2QugcI1G4RvlCiUqd1aQ,UCnU8wO1OurAmGstDw6VGjgQ,1
UCXVLc8CmAO813ubM-fLvCDw,UCTTILH6QCIxbTnEWxwRqs1g,1
UCXVLc8CmAO813ubM-fLvCDw,UCOY3XpD9qMCRSA8AA8c4CAw,1
UCXVLc8CmAO813ubM-fLvCDw,UCc_F88PzGWtA1OPNUEASulA,1
UCXVLc8CmAO813ubM-fLvCDw,UCcFIBN-rtC3d3hXeuN5TfWw,1
UCXVLc8CmAO813ubM-fLvCDw,UCXO1BBohNWXkK9SBDAG2ySg,1
UCXVLc8CmAO813ubM-fLvCDw,UCxcoDvP-g2_KTZDmVZtvb3w,1
UCXVLc8CmAO813ubM-fLvCDw,UCefAH1MbvADWUjE9WVcB9EQ,1
UCXVLc8CmAO813ubM-fLvCDw,UCwEe1RKlEv1UpNWmWYfSh4w,1
UCXVLc8CmAO813ubM-fLvCDw,UCbrtvygfRT6QXqWDNrOf-cA,1
UCXVLc8CmAO813ubM-fLvCDw,UChT7pzGytNd92Nmvi-zuWog,1
UCXVLc8CmAO813ubM-fLvCDw,UCdQAuWwyC99MB7Y02Umj26Q,1
UCXVLc8CmAO813ubM-fLvCDw,UCCUmP4PlbwgikVFpYwbtRTg,1
UCwW2OFy95P7ZBkOPxWkpvYg,UC9xr9QvIcDvoZNUX5f-jaZw,1
UCwW2OFy95P7ZBkOPxWkpvYg,UC-hfX8J5JPJ-dfuakzegMLA,1
UCwW2OFy95P7ZBkOPxWkpvYg,UCipetjeiWj4CZB6EbyYziZg,1
UCwW2OFy95P7ZBkOPxWkpvYg,UCiGRBf2RNF0WRKhRVT7zFoA,1
UCwW2OFy95P7ZBkOPxWkpvYg,UCYwpX26TrCxq8TvbKGRYLXA,1
UCwW2OFy95P7ZBkOPxWkpvYg,UCDPWkUX3sNNaCx-m1dV4glA,1
UCwW2OFy95P7ZBkOPxWkpvYg,UC3qn1yJA5PeW9rkGPatQxiw,1
UCwW2OFy95P7ZBkOPxWkpvYg,UCz3gu01bmjNv0DpRq-K3XYg,1
UCwW2OFy95P7ZBkOPxWkpvYg,UC8r11yOugM2NuRfitQOxLLg,1
UCwW2OFy95P7ZBkOPxWkpvYg,UCwha8rxULYMVtNwZWeSkE1A,1
UCwW2OFy95P7ZBkOPxWkpvYg,UCwO2SXr0ggzwg6QWWrr01nQ,1
UCwW2OFy95P7ZBkOPxWkpvYg,UCL13XhnRzbGokEkCkEOb0-g,1
UCwW2OFy95P7ZBkOPxWkpvYg,UCUIIIPTVDVHAXqhC_5V6lPA,1
UCwW2OFy95P7ZBkOPxWkpvYg,UCXXh7yg5KUFIWylTiKVEFKQ,1
UCwW2OFy95P7ZBkOPxWkpvYg,UCErZPJpHmLCsXs8ZWkAUupQ,1
UCwW2OFy95P7ZBkOPxWkpvYg,UCTwSut16JyAg3mX6LVUNGqA,1
UCwW2OFy95P7ZBkOPxWkpvYg,UCj-LL25XJnjxepPKCc3NGog,1
UCwW2OFy95P7ZBkOPxWkpvYg,UCYN4wSQ1Sx4_LurxLlW7MPg,1
UCwW2OFy95P7ZBkOPxWkpvYg,UCsSXdJct-nsS8DsABoEsaYA,1
UCwW2OFy95P7ZBkOPxWkpvYg,UCi1b_TRQfgO1Z9O2gNGGWNA,1
UCwW2OFy95P7ZBkOPxWkpvYg,UC7VUuJr9cGh845CmTvf7TlQ,1
UCwW2OFy95P7ZBkOPxWkpvYg,UCplrIQtaPj6au60_f2-mOYw,1
UCwW2OFy95P7ZBkOPxWkpvYg,UCSou6a2OuYGSvPjm5psquyA,1
UCwW2OFy95P7ZBkOPxWkpvYg,UCsJJAvrVGupdmhOqgtDp8dg,1
UCwW2OFy95P7ZBkOPxWkpvYg,UCFhxtoeARHPnXXPcDrOU3Xg,1
UCwW2OFy95P7ZBkOPxWkpvYg,UCGzXwyCzMzGmjmCbH3Hg01Q,1
UCwW2OFy95P7ZBkOPxWkpvYg,UC3E9mAgP7VoAE5mZoAexl5g,1
UCwW2OFy95P7ZBkOPxWkpvYg,UCB5p8a5gklc80jJItP6xTHg,1
UCwW2OFy95P7ZBkOPxWkpvYg,UCcfdg8crmMJwEuLUsAhV7yg,1
UCwW2OFy95P7ZBkOPxWkpvYg,UCQtICyzWmhC5woCtbNgaSmg,1
UCwW2OFy95P7ZBkOPxWkpvYg,UCLFdHr9BEbXHkoJopbEPLZw,1
UCwW2OFy95P7ZBkOPxWkpvYg,UCQtSFINs1h6GHkpg9o5kMvg,1
UCwW2OFy95P7ZBkOPxWkpvYg,UCfM3nrxtTQMY5jFx1v1J4Gg,1
UCwW2OFy95P7ZBkOPxWkpvYg,UCFoIAE8k82D6AV-8gjjKaNg,1
UCwW2OFy95P7ZBkOPxWkpvYg,UCkd9W714-947dEE6ZOEBATA,1
UCwW2OFy95P7ZBkOPxWkpvYg,UCA93ym2TXs_Ibyxb4Vcn-6Q,1
UCwW2OFy95P7ZBkOPxWkpvYg,UCFxE8GbokBrBsPEKM1xrOjQ,1
UCwW2OFy95P7ZBkOPxWkpvYg,UC8G5cJONY8L9voMyBW8Eoug,1
UCwW2OFy95P7ZBkOPxWkpvYg,UC3XTwHxygNCgjndsg-UiCQA,1
UCwW2OFy95P7ZBkOPxWkpvYg,UCTD6q1nyIe3Y7HhqjaMj72w,1
UCwW2OFy95P7ZBkOPxWkpvYg,UC72gBAtyb_VXQlYDcFrh6oQ,1
UCwW2OFy95P7ZBkOPxWkpvYg,UC2Y_EHWQKevubk4vOEBBFxw,1
UCwW2OFy95P7ZBkOPxWkpvYg,UCTP3O0rMnc8z8v8jaDQwL0w,1
UCwW2OFy95P7ZBkOPxWkpvYg,UCAmtbUiIrUIhikru0ZoTFig,1
UCwW2OFy95P7ZBkOPxWkpvYg,UCRlCV9zSn7avAWh-9_XFWqQ,1
UCwW2OFy95P7ZBkOPxWkpvYg,UCpl8rF8uv_8uui-QRvuJaRA,1
UCwW2OFy95P7ZBkOPxWkpvYg,UCsUCN0Yq_UyTvKjOJLmNrnQ,1
UCwW2OFy95P7ZBkOPxWkpvYg,UCjSKM9j0Q7HLDr1hD6D-TUw,1
UCwW2OFy95P7ZBkOPxWkpvYg,UChep9kVb5gQmpodEEl10Xlg,1
UCwW2OFy95P7ZBkOPxWkpvYg,UCDftMWXQoJ6nONfY7GVOVjg,1
UCwW2OFy95P7ZBkOPxWkpvYg,UCEgEQmRbtL5fwr9_DqAC--g,1
UCwW2OFy95P7ZBkOPxWkpvYg,UCDQaQv0hr2SS_PO-CMEwVHg,1
UCwW2OFy95P7ZBkOPxWkpvYg,UCtNfIBnc5S5DbbQj_yxgJTw,1
UCwW2OFy95P7ZBkOPxWkpvYg,UCvApqeCbLod-wejtT4CcVuA,1
UCwW2OFy95P7ZBkOPxWkpvYg,UCrJn_rbo_ENAdeqneS-RmRw,1
UCwW2OFy95P7ZBkOPxWkpvYg,UCTylKrsqkrBKIqubMu_5N0Q,1
UCwW2OFy95P7ZBkOPxWkpvYg,UCThW2XNsAaBKme5PUt7n-Zg,1
UCwW2OFy95P7ZBkOPxWkpvYg,UCjmPuazZJzscrwvk0QR9RVw,1
UCwW2OFy95P7ZBkOPxWkpvYg,UCr1emrogPKkKTs_WTtx71xg,1
UCwW2OFy95P7ZBkOPxWkpvYg,UCzSfZlOVxBSs5ObD25ywxDQ,1
UCwW2OFy95P7ZBkOPxWkpvYg,UC4cXueR2bKGFJV0Fk76gwmA,1
UCwW2OFy95P7ZBkOPxWkpvYg,UCL1MT278vSaQ83ZDkVWn1gw,1
UCwW2OFy95P7ZBkOPxWkpvYg,UCRETAiYdh2dL5ZxB0_N1zDA,1
UCwW2OFy95P7ZBkOPxWkpvYg,UCtUR3_CAiE7fCoZHM6cMfyQ,1
UCwW2OFy95P7ZBkOPxWkpvYg,UCylqlpsh8ENNM1LqgQ1KbxA,1
UCwW2OFy95P7ZBkOPxWkpvYg,UC6YSZqL0vEcI-niPKIMUGfw,1
UCwW2OFy95P7ZBkOPxWkpvYg,UC3NMzdMYryaw82kPTnsaljg,1
UCwW2OFy95P7ZBkOPxWkpvYg,UCsjs5Hp_r86x1xbK6FAeqaA,1
UCwW2OFy95P7ZBkOPxWkpvYg,UCp4iw5_5SmV9VGTFSNVGOmQ,1
UCwW2OFy95P7ZBkOPxWkpvYg,UCKDR0f2fu2UzWL8mBv5-BHw,1
UCwW2OFy95P7ZBkOPxWkpvYg,UCFUuDARXdmmIrLppEqf-rFg,1
UCwW2OFy95P7ZBkOPxWkpvYg,UC5bG9nc_JV3FsNP2KseQiYw,1
UCwW2OFy95P7ZBkOPxWkpvYg,UC1vr9aaMI2crB0NvwFHUeoQ,1
UCwW2OFy95P7ZBkOPxWkpvYg,UCLggDc_a5HriXv7I1h02sOA,1
UCwW2OFy95P7ZBkOPxWkpvYg,UCDUffaruH6dyUnUGwsTKpgg,1
UCwW2OFy95P7ZBkOPxWkpvYg,UCDlr1VadSucIZgZ171pRBjQ,1
UCwW2OFy95P7ZBkOPxWkpvYg,UCySYJU5kUh7X8gVt9la2ISA,1
UCwW2OFy95P7ZBkOPxWkpvYg,UCHTGCgY2l-DQJIvlA_cpa_Q,1
UCwW2OFy95P7ZBkOPxWkpvYg,UCNkcuy42zEwddwEcOd_HpnA,1
UCwW2OFy95P7ZBkOPxWkpvYg,UC2weSE8rpqkGMOp6StYtVfg,1
UCwW2OFy95P7ZBkOPxWkpvYg,UCpsKOkt5iWTbenzeuq7dsmQ,1
UCwW2OFy95P7ZBkOPxWkpvYg,UC650pRT-OYzny3GwOH8Cgfw,1
UCwW2OFy95P7ZBkOPxWkpvYg,UCl0ekS9Tt0jJGtOEM18S63w,1
UCwW2OFy95P7ZBkOPxWkpvYg,UCiMythXHsw7eQEMykCdmMUA,1
UCwW2OFy95P7ZBkOPxWkpvYg,UCljDbleJul41G1TzOjOZAVA,1
UCwW2OFy95P7ZBkOPxWkpvYg,UCAlzM_N6xBlMYmM8EBzX86Q,1
UCwW2OFy95P7ZBkOPxWkpvYg,UChZknRmJkeGeQk0-mQuhDOg,1
UCwW2OFy95P7ZBkOPxWkpvYg,UCmvOgzmmXbjUthHy-WJ52hQ,1
UCwW2OFy95P7ZBkOPxWkpvYg,UCNBnKqWf4d-rS4HwJRQljmQ,1
UCwW2OFy95P7ZBkOPxWkpvYg,UCOh6DaZC_x9HASnlRylEMfw,1
UCwW2OFy95P7ZBkOPxWkpvYg,UC-jS_kA9w-OmpupXDx156Rg,1
UCwW2OFy95P7ZBkOPxWkpvYg,UCXgr7vXlRrsaskPdo097kGA,1
UC3XTwHxygNCgjndsg-UiCQA,UC9xr9QvIcDvoZNUX5f-jaZw,1
UC3XTwHxygNCgjndsg-UiCQA,UC-hfX8J5JPJ-dfuakzegMLA,1
UC3XTwHxygNCgjndsg-UiCQA,UCipetjeiWj4CZB6EbyYziZg,1
UC3XTwHxygNCgjndsg-UiCQA,UCiGRBf2RNF0WRKhRVT7zFoA,1
UC3XTwHxygNCgjndsg-UiCQA,UCYwpX26TrCxq8TvbKGRYLXA,1
UC3XTwHxygNCgjndsg-UiCQA,UCDPWkUX3sNNaCx-m1dV4glA,1
UC3XTwHxygNCgjndsg-UiCQA,UC3qn1yJA5PeW9rkGPatQxiw,1
UC3XTwHxygNCgjndsg-UiCQA,UCz3gu01bmjNv0DpRq-K3XYg,1
UC3XTwHxygNCgjndsg-UiCQA,UC8r11yOugM2NuRfitQOxLLg,1
UC3XTwHxygNCgjndsg-UiCQA,UCwha8rxULYMVtNwZWeSkE1A,1
UC3XTwHxygNCgjndsg-UiCQA,UCwO2SXr0ggzwg6QWWrr01nQ,1
UC3XTwHxygNCgjndsg-UiCQA,UCL13XhnRzbGokEkCkEOb0-g,1
UC3XTwHxygNCgjndsg-UiCQA,UCUIIIPTVDVHAXqhC_5V6lPA,1
UC3XTwHxygNCgjndsg-UiCQA,UCXXh7yg5KUFIWylTiKVEFKQ,1
UC3XTwHxygNCgjndsg-UiCQA,UCErZPJpHmLCsXs8ZWkAUupQ,1
UC3XTwHxygNCgjndsg-UiCQA,UCTwSut16JyAg3mX6LVUNGqA,1
UC3XTwHxygNCgjndsg-UiCQA,UCj-LL25XJnjxepPKCc3NGog,1
UC3XTwHxygNCgjndsg-UiCQA,UCYN4wSQ1Sx4_LurxLlW7MPg,1
UC3XTwHxygNCgjndsg-UiCQA,UCsSXdJct-nsS8DsABoEsaYA,1
UC3XTwHxygNCgjndsg-UiCQA,UCi1b_TRQfgO1Z9O2gNGGWNA,1
UC3XTwHxygNCgjndsg-UiCQA,UC7VUuJr9cGh845CmTvf7TlQ,1
UC3XTwHxygNCgjndsg-UiCQA,UCplrIQtaPj6au60_f2-mOYw,1
UC3XTwHxygNCgjndsg-UiCQA,UCSou6a2OuYGSvPjm5psquyA,1
UC3XTwHxygNCgjndsg-UiCQA,UCsJJAvrVGupdmhOqgtDp8dg,1
UC3XTwHxygNCgjndsg-UiCQA,UCFhxtoeARHPnXXPcDrOU3Xg,1
UC3XTwHxygNCgjndsg-UiCQA,UCGzXwyCzMzGmjmCbH3Hg01Q,1
UC3XTwHxygNCgjndsg-UiCQA,UC3E9mAgP7VoAE5mZoAexl5g,1
UC3XTwHxygNCgjndsg-UiCQA,UCB5p8a5gklc80jJItP6xTHg,1
UC3XTwHxygNCgjndsg-UiCQA,UCcfdg8crmMJwEuLUsAhV7yg,1
UC3XTwHxygNCgjndsg-UiCQA,UCQtICyzWmhC5woCtbNgaSmg,1
UC3XTwHxygNCgjndsg-UiCQA,UCLFdHr9BEbXHkoJopbEPLZw,1
UC3XTwHxygNCgjndsg-UiCQA,UCQtSFINs1h6GHkpg9o5kMvg,1
UC3XTwHxygNCgjndsg-UiCQA,UCfM3nrxtTQMY5jFx1v1J4Gg,1
UC3XTwHxygNCgjndsg-UiCQA,UCFoIAE8k82D6AV-8gjjKaNg,1
UC3XTwHxygNCgjndsg-UiCQA,UCkd9W714-947dEE6ZOEBATA,1
UC3XTwHxygNCgjndsg-UiCQA,UCA93ym2TXs_Ibyxb4Vcn-6Q,1
UC3XTwHxygNCgjndsg-UiCQA,UCFxE8GbokBrBsPEKM1xrOjQ,1
UC3XTwHxygNCgjndsg-UiCQA,UC8G5cJONY8L9voMyBW8Eoug,1
UC3XTwHxygNCgjndsg-UiCQA,UCTD6q1nyIe3Y7HhqjaMj72w,1
UC3XTwHxygNCgjndsg-UiCQA,UC72gBAtyb_VXQlYDcFrh6oQ,1
UC3XTwHxygNCgjndsg-UiCQA,UC2Y_EHWQKevubk4vOEBBFxw,1
UC3XTwHxygNCgjndsg-UiCQA,UCTP3O0rMnc8z8v8jaDQwL0w,1
UC3XTwHxygNCgjndsg-UiCQA,UCAmtbUiIrUIhikru0ZoTFig,1
UC3XTwHxygNCgjndsg-UiCQA,UCRlCV9zSn7avAWh-9_XFWqQ,1
UC3XTwHxygNCgjndsg-UiCQA,UCpl8rF8uv_8uui-QRvuJaRA,1
UC3XTwHxygNCgjndsg-UiCQA,UCsUCN0Yq_UyTvKjOJLmNrnQ,1
UC3XTwHxygNCgjndsg-UiCQA,UCjSKM9j0Q7HLDr1hD6D-TUw,1
UC3XTwHxygNCgjndsg-UiCQA,UChep9kVb5gQmpodEEl10Xlg,1
UC3XTwHxygNCgjndsg-UiCQA,UCDftMWXQoJ6nONfY7GVOVjg,1
UC3XTwHxygNCgjndsg-UiCQA,UCEgEQmRbtL5fwr9_DqAC--g,1
UC3XTwHxygNCgjndsg-UiCQA,UCDQaQv0hr2SS_PO-CMEwVHg,1
UC3XTwHxygNCgjndsg-UiCQA,UCtNfIBnc5S5DbbQj_yxgJTw,1
UC3XTwHxygNCgjndsg-UiCQA,UCvApqeCbLod-wejtT4CcVuA,1
UC3XTwHxygNCgjndsg-UiCQA,UCrJn_rbo_ENAdeqneS-RmRw,1
UC3XTwHxygNCgjndsg-UiCQA,UCTylKrsqkrBKIqubMu_5N0Q,1
UC3XTwHxygNCgjndsg-UiCQA,UCThW2XNsAaBKme5PUt7n-Zg,1
UC3XTwHxygNCgjndsg-UiCQA,UCjmPuazZJzscrwvk0QR9RVw,1
UC3XTwHxygNCgjndsg-UiCQA,UCr1emrogPKkKTs_WTtx71xg,1
UC3XTwHxygNCgjndsg-UiCQA,UCzSfZlOVxBSs5ObD25ywxDQ,1
UC3XTwHxygNCgjndsg-UiCQA,UC4cXueR2bKGFJV0Fk76gwmA,1
UC3XTwHxygNCgjndsg-UiCQA,UCL1MT278vSaQ83ZDkVWn1gw,1
UC3XTwHxygNCgjndsg-UiCQA,UCRETAiYdh2dL5ZxB0_N1zDA,1
UC3XTwHxygNCgjndsg-UiCQA,UCtUR3_CAiE7fCoZHM6cMfyQ,1
UC3XTwHxygNCgjndsg-UiCQA,UCylqlpsh8ENNM1LqgQ1KbxA,1
UC3XTwHxygNCgjndsg-UiCQA,UC6YSZqL0vEcI-niPKIMUGfw,1
UC3XTwHxygNCgjndsg-UiCQA,UC3NMzdMYryaw82kPTnsaljg,1
UC3XTwHxygNCgjndsg-UiCQA,UCsjs5Hp_r86x1xbK6FAeqaA,1
UC3XTwHxygNCgjndsg-UiCQA,UCp4iw5_5SmV9VGTFSNVGOmQ,1
UC3XTwHxygNCgjndsg-UiCQA,UCKDR0f2fu2UzWL8mBv5-BHw,1
UC3XTwHxygNCgjndsg-UiCQA,UCFUuDARXdmmIrLppEqf-rFg,1
UC3XTwHxygNCgjndsg-UiCQA,UC5bG9nc_JV3FsNP2KseQiYw,1
UC3XTwHxygNCgjndsg-UiCQA,UC1vr9aaMI2crB0NvwFHUeoQ,1
UC3XTwHxygNCgjndsg-UiCQA,UCLggDc_a5HriXv7I1h02sOA,1
UC3XTwHxygNCgjndsg-UiCQA,UCDUffaruH6dyUnUGwsTKpgg,1
UC3XTwHxygNCgjndsg-UiCQA,UCDlr1VadSucIZgZ171pRBjQ,1
UC3XTwHxygNCgjndsg-UiCQA,UCySYJU5kUh7X8gVt9la2ISA,1
UC3XTwHxygNCgjndsg-UiCQA,UCHTGCgY2l-DQJIvlA_cpa_Q,1
UC3XTwHxygNCgjndsg-UiCQA,UCNkcuy42zEwddwEcOd_HpnA,1
UC3XTwHxygNCgjndsg-UiCQA,UC2weSE8rpqkGMOp6StYtVfg,1
UC3XTwHxygNCgjndsg-UiCQA,UCpsKOkt5iWTbenzeuq7dsmQ,1
UC3XTwHxygNCgjndsg-UiCQA,UC650pRT-OYzny3GwOH8Cgfw,1
UC3XTwHxygNCgjndsg-UiCQA,UCl0ekS9Tt0jJGtOEM18S63w,1
UC3XTwHxygNCgjndsg-UiCQA,UCiMythXHsw7eQEMykCdmMUA,1
UC3XTwHxygNCgjndsg-UiCQA,UCljDbleJul41G1TzOjOZAVA,1
UC3XTwHxygNCgjndsg-UiCQA,UCAlzM_N6xBlMYmM8EBzX86Q,1
UC3XTwHxygNCgjndsg-UiCQA,UChZknRmJkeGeQk0-mQuhDOg,1
UC3XTwHxygNCgjndsg-UiCQA,UCmvOgzmmXbjUthHy-WJ52hQ,1
UC3XTwHxygNCgjndsg-UiCQA,UCNBnKqWf4d-rS4HwJRQljmQ,1
UC3XTwHxygNCgjndsg-UiCQA,UCOh6DaZC_x9HASnlRylEMfw,1
UC3XTwHxygNCgjndsg-UiCQA,UC-jS_kA9w-OmpupXDx156Rg,1
UC3XTwHxygNCgjndsg-UiCQA,UCXgr7vXlRrsaskPdo097kGA,1
UCgQw_Sbq3ugruDUKsq1e0-A,UCpe5jW3MIqkgTJ-PgkzvM6Q,1
UCgQw_Sbq3ugruDUKsq1e0-A,UCDrmf9y9nLgFY5wnA2hTuGA,1
UCgQw_Sbq3ugruDUKsq1e0-A,UC-fiZBS5Gp1eCJd9ucgWnCg,1
UCgQw_Sbq3ugruDUKsq1e0-A,UCZeIIQrGAedW8tCbKWmGY-A,1
UCgQw_Sbq3ugruDUKsq1e0-A,UCCBYcToQ2dwkd6TJh0FSyDg,1
UCgQw_Sbq3ugruDUKsq1e0-A,UCQqlPPUGqAfWjd-FSh_qn7Q,1
UCgQw_Sbq3ugruDUKsq1e0-A,UCUoYsrx1oZnCZ0usbBJn4fA,1
UCgQw_Sbq3ugruDUKsq1e0-A,UC_LYoGs5C3mbZKZuKuqYCvw,1
UCgQw_Sbq3ugruDUKsq1e0-A,UColMq7LmaoY3MT6aIDGrGvA,1
UCgQw_Sbq3ugruDUKsq1e0-A,UCRvPToDkkumha7WJAfCDk1A,1
UCgQw_Sbq3ugruDUKsq1e0-A,UCu8_3-Wg-YzNyvHYQDEscfw,1
UCgQw_Sbq3ugruDUKsq1e0-A,UCylqlpsh8ENNM1LqgQ1KbxA,1
UCgQw_Sbq3ugruDUKsq1e0-A,UC32oozucwCF3q8d4m8fyOUg,1
UCgQw_Sbq3ugruDUKsq1e0-A,UCV0lM03g5fg5pbPj97-sAtA,1
UCgQw_Sbq3ugruDUKsq1e0-A,UCW-JC6lebVmf2P1dmY_L94g,1
UCgQw_Sbq3ugruDUKsq1e0-A,UCAKuKvcbfnBD3kF5njNu-IA,1
UCgQw_Sbq3ugruDUKsq1e0-A,UC3UVO7pTbeYvZ3ILEyRDskQ,1
UCgQw_Sbq3ugruDUKsq1e0-A,UC816IGbFCZinfYS1LRDaaHg,1
UCgQw_Sbq3ugruDUKsq1e0-A,UC4Avya4kmR4Q0FrfFdBozSQ,1
UCgQw_Sbq3ugruDUKsq1e0-A,UCgJNFj5dnxXpcMvmuhZDPxA,1
UCgQw_Sbq3ugruDUKsq1e0-A,UC1DpqK6vaPEkBOMNvypsKYg,1
UCgQw_Sbq3ugruDUKsq1e0-A,UCpsKOkt5iWTbenzeuq7dsmQ,1
UCgQw_Sbq3ugruDUKsq1e0-A,UCWoAVGVqCn4xtINCMOTM4jg,1
UCgQw_Sbq3ugruDUKsq1e0-A,UClqA491Xa5fQcXcJJa-vTWw,1
UCgQw_Sbq3ugruDUKsq1e0-A,UCe8JZoYkX5oKUZyivHYdXhw,1
UCgQw_Sbq3ugruDUKsq1e0-A,UClhMWQ7XKWywYvbRnuf8QsA,1
UCgQw_Sbq3ugruDUKsq1e0-A,UC5hvEnRUzI4Kfvwnyi4QxqQ,1
UCgQw_Sbq3ugruDUKsq1e0-A,UCGGHbtfbbe0o68etrOf0qxw,1
UCgQw_Sbq3ugruDUKsq1e0-A,UC6Uj1FT5JjDSF8vudvDxPAA,1
UCgQw_Sbq3ugruDUKsq1e0-A,UC7dadZG7kkGYnsNu6td0FbA,1
UCgQw_Sbq3ugruDUKsq1e0-A,UCsGoJEvb-cFPZ2rWoJcXzEQ,1
UCgQw_Sbq3ugruDUKsq1e0-A,UCuXmOjxC-htcprLgeVXz6Tg,1
UCgQw_Sbq3ugruDUKsq1e0-A,UCHbwIx9pmQuf7i-4_xO2EpA,1
UCgQw_Sbq3ugruDUKsq1e0-A,UCwjUvRseNtJoItylIyIez7Q,1
UCgQw_Sbq3ugruDUKsq1e0-A,UCW80DaMjQlEUibC98Cot-Dg,1
UCL13XhnRzbGokEkCkEOb0-g,UC9xr9QvIcDvoZNUX5f-jaZw,1
UCL13XhnRzbGokEkCkEOb0-g,UC-hfX8J5JPJ-dfuakzegMLA,1
UCL13XhnRzbGokEkCkEOb0-g,UCipetjeiWj4CZB6EbyYziZg,1
UCL13XhnRzbGokEkCkEOb0-g,UCiGRBf2RNF0WRKhRVT7zFoA,1
UCL13XhnRzbGokEkCkEOb0-g,UCYwpX26TrCxq8TvbKGRYLXA,1
UCL13XhnRzbGokEkCkEOb0-g,UCDPWkUX3sNNaCx-m1dV4glA,1
UCL13XhnRzbGokEkCkEOb0-g,UC3qn1yJA5PeW9rkGPatQxiw,1
UCL13XhnRzbGokEkCkEOb0-g,UCz3gu01bmjNv0DpRq-K3XYg,1
UCL13XhnRzbGokEkCkEOb0-g,UC8r11yOugM2NuRfitQOxLLg,1
UCL13XhnRzbGokEkCkEOb0-g,UCwha8rxULYMVtNwZWeSkE1A,1
UCL13XhnRzbGokEkCkEOb0-g,UCwO2SXr0ggzwg6QWWrr01nQ,1
UCL13XhnRzbGokEkCkEOb0-g,UCUIIIPTVDVHAXqhC_5V6lPA,1
UCL13XhnRzbGokEkCkEOb0-g,UCXXh7yg5KUFIWylTiKVEFKQ,1
UCL13XhnRzbGokEkCkEOb0-g,UCErZPJpHmLCsXs8ZWkAUupQ,1
UCL13XhnRzbGokEkCkEOb0-g,UCTwSut16JyAg3mX6LVUNGqA,1
UCL13XhnRzbGokEkCkEOb0-g,UCj-LL25XJnjxepPKCc3NGog,1
UCL13XhnRzbGokEkCkEOb0-g,UCYN4wSQ1Sx4_LurxLlW7MPg,1
UCL13XhnRzbGokEkCkEOb0-g,UCsSXdJct-nsS8DsABoEsaYA,1
UCL13XhnRzbGokEkCkEOb0-g,UCi1b_TRQfgO1Z9O2gNGGWNA,1
UCL13XhnRzbGokEkCkEOb0-g,UC7VUuJr9cGh845CmTvf7TlQ,1
UCL13XhnRzbGokEkCkEOb0-g,UCplrIQtaPj6au60_f2-mOYw,1
UCL13XhnRzbGokEkCkEOb0-g,UCSou6a2OuYGSvPjm5psquyA,1
UCL13XhnRzbGokEkCkEOb0-g,UCsJJAvrVGupdmhOqgtDp8dg,1
UCL13XhnRzbGokEkCkEOb0-g,UCFhxtoeARHPnXXPcDrOU3Xg,1
UCL13XhnRzbGokEkCkEOb0-g,UCGzXwyCzMzGmjmCbH3Hg01Q,1
UCL13XhnRzbGokEkCkEOb0-g,UC3E9mAgP7VoAE5mZoAexl5g,1
UCL13XhnRzbGokEkCkEOb0-g,UCB5p8a5gklc80jJItP6xTHg,1
UCL13XhnRzbGokEkCkEOb0-g,UCcfdg8crmMJwEuLUsAhV7yg,1
UCL13XhnRzbGokEkCkEOb0-g,UCQtICyzWmhC5woCtbNgaSmg,1
UCL13XhnRzbGokEkCkEOb0-g,UCLFdHr9BEbXHkoJopbEPLZw,1
UCL13XhnRzbGokEkCkEOb0-g,UCQtSFINs1h6GHkpg9o5kMvg,1
UCL13XhnRzbGokEkCkEOb0-g,UCfM3nrxtTQMY5jFx1v1J4Gg,1
UCL13XhnRzbGokEkCkEOb0-g,UCFoIAE8k82D6AV-8gjjKaNg,1
UCL13XhnRzbGokEkCkEOb0-g,UCkd9W714-947dEE6ZOEBATA,1
UCL13XhnRzbGokEkCkEOb0-g,UCA93ym2TXs_Ibyxb4Vcn-6Q,1
UCL13XhnRzbGokEkCkEOb0-g,UCFxE8GbokBrBsPEKM1xrOjQ,1
UCL13XhnRzbGokEkCkEOb0-g,UC8G5cJONY8L9voMyBW8Eoug,1
UCL13XhnRzbGokEkCkEOb0-g,UCTD6q1nyIe3Y7HhqjaMj72w,1
UCL13XhnRzbGokEkCkEOb0-g,UC72gBAtyb_VXQlYDcFrh6oQ,1
UCL13XhnRzbGokEkCkEOb0-g,UC2Y_EHWQKevubk4vOEBBFxw,1
UCL13XhnRzbGokEkCkEOb0-g,UCTP3O0rMnc8z8v8jaDQwL0w,1
UCL13XhnRzbGokEkCkEOb0-g,UCAmtbUiIrUIhikru0ZoTFig,1
UCL13XhnRzbGokEkCkEOb0-g,UCRlCV9zSn7avAWh-9_XFWqQ,1
UCL13XhnRzbGokEkCkEOb0-g,UCpl8rF8uv_8uui-QRvuJaRA,1
UCL13XhnRzbGokEkCkEOb0-g,UCsUCN0Yq_UyTvKjOJLmNrnQ,1
UCL13XhnRzbGokEkCkEOb0-g,UCjSKM9j0Q7HLDr1hD6D-TUw,1
UCL13XhnRzbGokEkCkEOb0-g,UChep9kVb5gQmpodEEl10Xlg,1
UCL13XhnRzbGokEkCkEOb0-g,UCDftMWXQoJ6nONfY7GVOVjg,1
UCL13XhnRzbGokEkCkEOb0-g,UCEgEQmRbtL5fwr9_DqAC--g,1
UCL13XhnRzbGokEkCkEOb0-g,UCDQaQv0hr2SS_PO-CMEwVHg,1
UCL13XhnRzbGokEkCkEOb0-g,UCtNfIBnc5S5DbbQj_yxgJTw,1
UCL13XhnRzbGokEkCkEOb0-g,UCvApqeCbLod-wejtT4CcVuA,1
UCL13XhnRzbGokEkCkEOb0-g,UCrJn_rbo_ENAdeqneS-RmRw,1
UCL13XhnRzbGokEkCkEOb0-g,UCTylKrsqkrBKIqubMu_5N0Q,1
UCL13XhnRzbGokEkCkEOb0-g,UCThW2XNsAaBKme5PUt7n-Zg,1
UCL13XhnRzbGokEkCkEOb0-g,UCjmPuazZJzscrwvk0QR9RVw,1
UCL13XhnRzbGokEkCkEOb0-g,UCr1emrogPKkKTs_WTtx71xg,1
UCL13XhnRzbGokEkCkEOb0-g,UCzSfZlOVxBSs5ObD25ywxDQ,1
UCL13XhnRzbGokEkCkEOb0-g,UC4cXueR2bKGFJV0Fk76gwmA,1
UCL13XhnRzbGokEkCkEOb0-g,UCL1MT278vSaQ83ZDkVWn1gw,1
UCL13XhnRzbGokEkCkEOb0-g,UCRETAiYdh2dL5ZxB0_N1zDA,1
UCL13XhnRzbGokEkCkEOb0-g,UCtUR3_CAiE7fCoZHM6cMfyQ,1
UCL13XhnRzbGokEkCkEOb0-g,UCylqlpsh8ENNM1LqgQ1KbxA,1
UCL13XhnRzbGokEkCkEOb0-g,UC6YSZqL0vEcI-niPKIMUGfw,1
UCL13XhnRzbGokEkCkEOb0-g,UC3NMzdMYryaw82kPTnsaljg,1
UCL13XhnRzbGokEkCkEOb0-g,UCsjs5Hp_r86x1xbK6FAeqaA,1
UCL13XhnRzbGokEkCkEOb0-g,UCp4iw5_5SmV9VGTFSNVGOmQ,1
UCL13XhnRzbGokEkCkEOb0-g,UCKDR0f2fu2UzWL8mBv5-BHw,1
UCL13XhnRzbGokEkCkEOb0-g,UCFUuDARXdmmIrLppEqf-rFg,1
UCL13XhnRzbGokEkCkEOb0-g,UC5bG9nc_JV3FsNP2KseQiYw,1
UCL13XhnRzbGokEkCkEOb0-g,UC1vr9aaMI2crB0NvwFHUeoQ,1
UCL13XhnRzbGokEkCkEOb0-g,UCLggDc_a5HriXv7I1h02sOA,1
UCL13XhnRzbGokEkCkEOb0-g,UCDUffaruH6dyUnUGwsTKpgg,1
UCL13XhnRzbGokEkCkEOb0-g,UCDlr1VadSucIZgZ171pRBjQ,1
UCL13XhnRzbGokEkCkEOb0-g,UCySYJU5kUh7X8gVt9la2ISA,1
UCL13XhnRzbGokEkCkEOb0-g,UCHTGCgY2l-DQJIvlA_cpa_Q,1
UCL13XhnRzbGokEkCkEOb0-g,UCNkcuy42zEwddwEcOd_HpnA,1
UCL13XhnRzbGokEkCkEOb0-g,UC2weSE8rpqkGMOp6StYtVfg,1
UCL13XhnRzbGokEkCkEOb0-g,UCpsKOkt5iWTbenzeuq7dsmQ,1
UCL13XhnRzbGokEkCkEOb0-g,UC650pRT-OYzny3GwOH8Cgfw,1
UCL13XhnRzbGokEkCkEOb0-g,UCl0ekS9Tt0jJGtOEM18S63w,1
UCL13XhnRzbGokEkCkEOb0-g,UCiMythXHsw7eQEMykCdmMUA,1
UCL13XhnRzbGokEkCkEOb0-g,UCljDbleJul41G1TzOjOZAVA,1
UCL13XhnRzbGokEkCkEOb0-g,UCAlzM_N6xBlMYmM8EBzX86Q,1
UCL13XhnRzbGokEkCkEOb0-g,UChZknRmJkeGeQk0-mQuhDOg,1
UCL13XhnRzbGokEkCkEOb0-g,UCmvOgzmmXbjUthHy-WJ52hQ,1
UCL13XhnRzbGokEkCkEOb0-g,UCNBnKqWf4d-rS4HwJRQljmQ,1
UCL13XhnRzbGokEkCkEOb0-g,UCOh6DaZC_x9HASnlRylEMfw,1
UCL13XhnRzbGokEkCkEOb0-g,UC-jS_kA9w-OmpupXDx156Rg,1
UCL13XhnRzbGokEkCkEOb0-g,UCXgr7vXlRrsaskPdo097kGA,1
UCQtSFINs1h6GHkpg9o5kMvg,UC9xr9QvIcDvoZNUX5f-jaZw,1
UCQtSFINs1h6GHkpg9o5kMvg,UC-hfX8J5JPJ-dfuakzegMLA,1
UCQtSFINs1h6GHkpg9o5kMvg,UCipetjeiWj4CZB6EbyYziZg,1
UCQtSFINs1h6GHkpg9o5kMvg,UCiGRBf2RNF0WRKhRVT7zFoA,1
UCQtSFINs1h6GHkpg9o5kMvg,UCYwpX26TrCxq8TvbKGRYLXA,1
UCQtSFINs1h6GHkpg9o5kMvg,UCDPWkUX3sNNaCx-m1dV4glA,1
UCQtSFINs1h6GHkpg9o5kMvg,UC3qn1yJA5PeW9rkGPatQxiw,1
UCQtSFINs1h6GHkpg9o5kMvg,UCz3gu01bmjNv0DpRq-K3XYg,1
UCQtSFINs1h6GHkpg9o5kMvg,UC8r11yOugM2NuRfitQOxLLg,1
UCQtSFINs1h6GHkpg9o5kMvg,UCwha8rxULYMVtNwZWeSkE1A,1
UCQtSFINs1h6GHkpg9o5kMvg,UCwO2SXr0ggzwg6QWWrr01nQ,1
UCQtSFINs1h6GHkpg9o5kMvg,UCUIIIPTVDVHAXqhC_5V6lPA,1
UCQtSFINs1h6GHkpg9o5kMvg,UCXXh7yg5KUFIWylTiKVEFKQ,1
UCQtSFINs1h6GHkpg9o5kMvg,UCErZPJpHmLCsXs8ZWkAUupQ,1
UCQtSFINs1h6GHkpg9o5kMvg,UCTwSut16JyAg3mX6LVUNGqA,1
UCQtSFINs1h6GHkpg9o5kMvg,UCj-LL25XJnjxepPKCc3NGog,1
UCQtSFINs1h6GHkpg9o5kMvg,UCYN4wSQ1Sx4_LurxLlW7MPg,1
UCQtSFINs1h6GHkpg9o5kMvg,UCsSXdJct-nsS8DsABoEsaYA,1
UCQtSFINs1h6GHkpg9o5kMvg,UCi1b_TRQfgO1Z9O2gNGGWNA,1
UCQtSFINs1h6GHkpg9o5kMvg,UC7VUuJr9cGh845CmTvf7TlQ,1
UCQtSFINs1h6GHkpg9o5kMvg,UCplrIQtaPj6au60_f2-mOYw,1
UCQtSFINs1h6GHkpg9o5kMvg,UCSou6a2OuYGSvPjm5psquyA,1
UCQtSFINs1h6GHkpg9o5kMvg,UCsJJAvrVGupdmhOqgtDp8dg,1
UCQtSFINs1h6GHkpg9o5kMvg,UCFhxtoeARHPnXXPcDrOU3Xg,1
UCQtSFINs1h6GHkpg9o5kMvg,UCGzXwyCzMzGmjmCbH3Hg01Q,1
UCQtSFINs1h6GHkpg9o5kMvg,UC3E9mAgP7VoAE5mZoAexl5g,1
UCQtSFINs1h6GHkpg9o5kMvg,UCB5p8a5gklc80jJItP6xTHg,1
UCQtSFINs1h6GHkpg9o5kMvg,UCcfdg8crmMJwEuLUsAhV7yg,1
UCQtSFINs1h6GHkpg9o5kMvg,UCQtICyzWmhC5woCtbNgaSmg,1
UCQtSFINs1h6GHkpg9o5kMvg,UCLFdHr9BEbXHkoJopbEPLZw,1
UCQtSFINs1h6GHkpg9o5kMvg,UCfM3nrxtTQMY5jFx1v1J4Gg,1
UCQtSFINs1h6GHkpg9o5kMvg,UCFoIAE8k82D6AV-8gjjKaNg,1
UCQtSFINs1h6GHkpg9o5kMvg,UCkd9W714-947dEE6ZOEBATA,1
UCQtSFINs1h6GHkpg9o5kMvg,UCA93ym2TXs_Ibyxb4Vcn-6Q,1
UCQtSFINs1h6GHkpg9o5kMvg,UCFxE8GbokBrBsPEKM1xrOjQ,1
UCQtSFINs1h6GHkpg9o5kMvg,UC8G5cJONY8L9voMyBW8Eoug,1
UCQtSFINs1h6GHkpg9o5kMvg,UCTD6q1nyIe3Y7HhqjaMj72w,1
UCQtSFINs1h6GHkpg9o5kMvg,UC72gBAtyb_VXQlYDcFrh6oQ,1
UCQtSFINs1h6GHkpg9o5kMvg,UC2Y_EHWQKevubk4vOEBBFxw,1
UCQtSFINs1h6GHkpg9o5kMvg,UCTP3O0rMnc8z8v8jaDQwL0w,1
UCQtSFINs1h6GHkpg9o5kMvg,UCAmtbUiIrUIhikru0ZoTFig,1
UCQtSFINs1h6GHkpg9o5kMvg,UCRlCV9zSn7avAWh-9_XFWqQ,1
UCQtSFINs1h6GHkpg9o5kMvg,UCpl8rF8uv_8uui-QRvuJaRA,1
UCQtSFINs1h6GHkpg9o5kMvg,UCsUCN0Yq_UyTvKjOJLmNrnQ,1
UCQtSFINs1h6GHkpg9o5kMvg,UCjSKM9j0Q7HLDr1hD6D-TUw,1
UCQtSFINs1h6GHkpg9o5kMvg,UChep9kVb5gQmpodEEl10Xlg,1
UCQtSFINs1h6GHkpg9o5kMvg,UCDftMWXQoJ6nONfY7GVOVjg,1
UCQtSFINs1h6GHkpg9o5kMvg,UCEgEQmRbtL5fwr9_DqAC--g,1
UCQtSFINs1h6GHkpg9o5kMvg,UCDQaQv0hr2SS_PO-CMEwVHg,1
UCQtSFINs1h6GHkpg9o5kMvg,UCtNfIBnc5S5DbbQj_yxgJTw,1
UCQtSFINs1h6GHkpg9o5kMvg,UCvApqeCbLod-wejtT4CcVuA,1
UCQtSFINs1h6GHkpg9o5kMvg,UCrJn_rbo_ENAdeqneS-RmRw,1
UCQtSFINs1h6GHkpg9o5kMvg,UCTylKrsqkrBKIqubMu_5N0Q,1
UCQtSFINs1h6GHkpg9o5kMvg,UCThW2XNsAaBKme5PUt7n-Zg,1
UCQtSFINs1h6GHkpg9o5kMvg,UCjmPuazZJzscrwvk0QR9RVw,1
UCQtSFINs1h6GHkpg9o5kMvg,UCr1emrogPKkKTs_WTtx71xg,1
UCQtSFINs1h6GHkpg9o5kMvg,UCzSfZlOVxBSs5ObD25ywxDQ,1
UCQtSFINs1h6GHkpg9o5kMvg,UC4cXueR2bKGFJV0Fk76gwmA,1
UCQtSFINs1h6GHkpg9o5kMvg,UCL1MT278vSaQ83ZDkVWn1gw,1
UCQtSFINs1h6GHkpg9o5kMvg,UCRETAiYdh2dL5ZxB0_N1zDA,1
UCQtSFINs1h6GHkpg9o5kMvg,UCtUR3_CAiE7fCoZHM6cMfyQ,1
UCQtSFINs1h6GHkpg9o5kMvg,UCylqlpsh8ENNM1LqgQ1KbxA,1
UCQtSFINs1h6GHkpg9o5kMvg,UC6YSZqL0vEcI-niPKIMUGfw,1
UCQtSFINs1h6GHkpg9o5kMvg,UC3NMzdMYryaw82kPTnsaljg,1
UCQtSFINs1h6GHkpg9o5kMvg,UCsjs5Hp_r86x1xbK6FAeqaA,1
UCQtSFINs1h6GHkpg9o5kMvg,UCp4iw5_5SmV9VGTFSNVGOmQ,1
UCQtSFINs1h6GHkpg9o5kMvg,UCKDR0f2fu2UzWL8mBv5-BHw,1
UCQtSFINs1h6GHkpg9o5kMvg,UCFUuDARXdmmIrLppEqf-rFg,1
UCQtSFINs1h6GHkpg9o5kMvg,UC5bG9nc_JV3FsNP2KseQiYw,1
UCQtSFINs1h6GHkpg9o5kMvg,UC1vr9aaMI2crB0NvwFHUeoQ,1
UCQtSFINs1h6GHkpg9o5kMvg,UCLggDc_a5HriXv7I1h02sOA,1
UCQtSFINs1h6GHkpg9o5kMvg,UCDUffaruH6dyUnUGwsTKpgg,1
UCQtSFINs1h6GHkpg9o5kMvg,UCDlr1VadSucIZgZ171pRBjQ,1
UCQtSFINs1h6GHkpg9o5kMvg,UCySYJU5kUh7X8gVt9la2ISA,1
UCQtSFINs1h6GHkpg9o5kMvg,UCHTGCgY2l-DQJIvlA_cpa_Q,1
UCQtSFINs1h6GHkpg9o5kMvg,UCNkcuy42zEwddwEcOd_HpnA,1
UCQtSFINs1h6GHkpg9o5kMvg,UC2weSE8rpqkGMOp6StYtVfg,1
UCQtSFINs1h6GHkpg9o5kMvg,UCpsKOkt5iWTbenzeuq7dsmQ,1
UCQtSFINs1h6GHkpg9o5kMvg,UC650pRT-OYzny3GwOH8Cgfw,1
UCQtSFINs1h6GHkpg9o5kMvg,UCl0ekS9Tt0jJGtOEM18S63w,1
UCQtSFINs1h6GHkpg9o5kMvg,UCiMythXHsw7eQEMykCdmMUA,1
UCQtSFINs1h6GHkpg9o5kMvg,UCljDbleJul41G1TzOjOZAVA,1
UCQtSFINs1h6GHkpg9o5kMvg,UCAlzM_N6xBlMYmM8EBzX86Q,1
UCQtSFINs1h6GHkpg9o5kMvg,UChZknRmJkeGeQk0-mQuhDOg,1
UCQtSFINs1h6GHkpg9o5kMvg,UCmvOgzmmXbjUthHy-WJ52hQ,1
UCQtSFINs1h6GHkpg9o5kMvg,UCNBnKqWf4d-rS4HwJRQljmQ,1
UCQtSFINs1h6GHkpg9o5kMvg,UCOh6DaZC_x9HASnlRylEMfw,1
UCQtSFINs1h6GHkpg9o5kMvg,UC-jS_kA9w-OmpupXDx156Rg,1
UCQtSFINs1h6GHkpg9o5kMvg,UCXgr7vXlRrsaskPdo097kGA,1
UC2ngpd8UBQu4gcUYy0goAtg,UCIXLDYqR_syskKRJy_x9W9Q,1
UC2ngpd8UBQu4gcUYy0goAtg,UCfXykdbSU97rj987LDUGfvg,1
UC2ngpd8UBQu4gcUYy0goAtg,UCLXYp1Cvc5DLtq5UQL5D9vw,1
UC2ngpd8UBQu4gcUYy0goAtg,UCO0zwwLWGyDgQmWPJ5Qrr1w,1
UC2ngpd8UBQu4gcUYy0goAtg,UCXN2s7DwTJm33xO-pNkAdaA,1
UC2ngpd8UBQu4gcUYy0goAtg,UCq3mDTTRZnUybct5M9OSXbg,1
UC2ngpd8UBQu4gcUYy0goAtg,UCfjhejO7LZy4doXURa7LZCQ,1
UC2ngpd8UBQu4gcUYy0goAtg,UCwCfs-2zbD5k0lG-UVg_JBw,1
UC7IMsCxfZyWN7YQo8-JYa6Q,UCPZueDLrCS4BmTBRMA4q0fA,1
UC7IMsCxfZyWN7YQo8-JYa6Q,UCf5lnNZF7Qrtli9v4N_23WQ,1
UC7IMsCxfZyWN7YQo8-JYa6Q,UCHTGCgY2l-DQJIvlA_cpa_Q,1
UC7IMsCxfZyWN7YQo8-JYa6Q,UCg3eIfd7BrsLEqS0BLkftHA,1
UC7IMsCxfZyWN7YQo8-JYa6Q,UCuP4UK33HKtJE_S39ksmaTw,1
UC7IMsCxfZyWN7YQo8-JYa6Q,UCusjriFsDHEc2AOjqk-p5ig,1
UC7IMsCxfZyWN7YQo8-JYa6Q,UCbYoNG5J3Au5BqtbXogfEFw,1
UC7IMsCxfZyWN7YQo8-JYa6Q,UC8xlJWNHz1V_W6q3fbuQH8g,1
UC7IMsCxfZyWN7YQo8-JYa6Q,UClsrFGJKWPxxw7MiaEdKLXw,1
UC7IMsCxfZyWN7YQo8-JYa6Q,UCAV7QIjYhbDJaycQycM_0eQ,1
UC7IMsCxfZyWN7YQo8-JYa6Q,UCgQJgI9vu1FI2dnC9mrFthw,1
UC7IMsCxfZyWN7YQo8-JYa6Q,UCVQf0tzL7xRzFJsABVVULpg,1
UC7IMsCxfZyWN7YQo8-JYa6Q,UCGX_UbAQOXGZknv5iqklwTA,1
UC7IMsCxfZyWN7YQo8-JYa6Q,UCtNyHmRZtvGF2hSvI2dUBWw,1
UC7IMsCxfZyWN7YQo8-JYa6Q,UCzZ6dDCEsLMXbc5pCFXIprw,1
UC7IMsCxfZyWN7YQo8-JYa6Q,UCNIeXbV_mEwpa412h1aqUWw,1
UCzSfZlOVxBSs5ObD25ywxDQ,UC9xr9QvIcDvoZNUX5f-jaZw,1
UCzSfZlOVxBSs5ObD25ywxDQ,UC-hfX8J5JPJ-dfuakzegMLA,1
UCzSfZlOVxBSs5ObD25ywxDQ,UCipetjeiWj4CZB6EbyYziZg,1
UCzSfZlOVxBSs5ObD25ywxDQ,UCiGRBf2RNF0WRKhRVT7zFoA,1
UCzSfZlOVxBSs5ObD25ywxDQ,UCYwpX26TrCxq8TvbKGRYLXA,1
UCzSfZlOVxBSs5ObD25ywxDQ,UCDPWkUX3sNNaCx-m1dV4glA,1
UCzSfZlOVxBSs5ObD25ywxDQ,UC3qn1yJA5PeW9rkGPatQxiw,1
UCzSfZlOVxBSs5ObD25ywxDQ,UCz3gu01bmjNv0DpRq-K3XYg,1
UCzSfZlOVxBSs5ObD25ywxDQ,UC8r11yOugM2NuRfitQOxLLg,1
UCzSfZlOVxBSs5ObD25ywxDQ,UCwha8rxULYMVtNwZWeSkE1A,1
UCzSfZlOVxBSs5ObD25ywxDQ,UCwO2SXr0ggzwg6QWWrr01nQ,1
UCzSfZlOVxBSs5ObD25ywxDQ,UCUIIIPTVDVHAXqhC_5V6lPA,1
UCzSfZlOVxBSs5ObD25ywxDQ,UCXXh7yg5KUFIWylTiKVEFKQ,1
UCzSfZlOVxBSs5ObD25ywxDQ,UCErZPJpHmLCsXs8ZWkAUupQ,1
UCzSfZlOVxBSs5ObD25ywxDQ,UCTwSut16JyAg3mX6LVUNGqA,1
UCzSfZlOVxBSs5ObD25ywxDQ,UCj-LL25XJnjxepPKCc3NGog,1
UCzSfZlOVxBSs5ObD25ywxDQ,UCYN4wSQ1Sx4_LurxLlW7MPg,1
UCzSfZlOVxBSs5ObD25ywxDQ,UCsSXdJct-nsS8DsABoEsaYA,1
UCzSfZlOVxBSs5ObD25ywxDQ,UCi1b_TRQfgO1Z9O2gNGGWNA,1
UCzSfZlOVxBSs5ObD25ywxDQ,UC7VUuJr9cGh845CmTvf7TlQ,1
UCzSfZlOVxBSs5ObD25ywxDQ,UCplrIQtaPj6au60_f2-mOYw,1
UCzSfZlOVxBSs5ObD25ywxDQ,UCSou6a2OuYGSvPjm5psquyA,1
UCzSfZlOVxBSs5ObD25ywxDQ,UCsJJAvrVGupdmhOqgtDp8dg,1
UCzSfZlOVxBSs5ObD25ywxDQ,UCFhxtoeARHPnXXPcDrOU3Xg,1
UCzSfZlOVxBSs5ObD25ywxDQ,UCGzXwyCzMzGmjmCbH3Hg01Q,1
UCzSfZlOVxBSs5ObD25ywxDQ,UC3E9mAgP7VoAE5mZoAexl5g,1
UCzSfZlOVxBSs5ObD25ywxDQ,UCB5p8a5gklc80jJItP6xTHg,1
UCzSfZlOVxBSs5ObD25ywxDQ,UCcfdg8crmMJwEuLUsAhV7yg,1
UCzSfZlOVxBSs5ObD25ywxDQ,UCQtICyzWmhC5woCtbNgaSmg,1
UCzSfZlOVxBSs5ObD25ywxDQ,UCLFdHr9BEbXHkoJopbEPLZw,1
UCzSfZlOVxBSs5ObD25ywxDQ,UCfM3nrxtTQMY5jFx1v1J4Gg,1
UCzSfZlOVxBSs5ObD25ywxDQ,UCFoIAE8k82D6AV-8gjjKaNg,1
UCzSfZlOVxBSs5ObD25ywxDQ,UCkd9W714-947dEE6ZOEBATA,1
UCzSfZlOVxBSs5ObD25ywxDQ,UCA93ym2TXs_Ibyxb4Vcn-6Q,1
UCzSfZlOVxBSs5ObD25ywxDQ,UCFxE8GbokBrBsPEKM1xrOjQ,1
UCzSfZlOVxBSs5ObD25ywxDQ,UC8G5cJONY8L9voMyBW8Eoug,1
UCzSfZlOVxBSs5ObD25ywxDQ,UCTD6q1nyIe3Y7HhqjaMj72w,1
UCzSfZlOVxBSs5ObD25ywxDQ,UC72gBAtyb_VXQlYDcFrh6oQ,1
UCzSfZlOVxBSs5ObD25ywxDQ,UC2Y_EHWQKevubk4vOEBBFxw,1
UCzSfZlOVxBSs5ObD25ywxDQ,UCTP3O0rMnc8z8v8jaDQwL0w,1
UCzSfZlOVxBSs5ObD25ywxDQ,UCAmtbUiIrUIhikru0ZoTFig,1
UCzSfZlOVxBSs5ObD25ywxDQ,UCRlCV9zSn7avAWh-9_XFWqQ,1
UCzSfZlOVxBSs5ObD25ywxDQ,UCpl8rF8uv_8uui-QRvuJaRA,1
UCzSfZlOVxBSs5ObD25ywxDQ,UCsUCN0Yq_UyTvKjOJLmNrnQ,1
UCzSfZlOVxBSs5ObD25ywxDQ,UCjSKM9j0Q7HLDr1hD6D-TUw,1
UCzSfZlOVxBSs5ObD25ywxDQ,UChep9kVb5gQmpodEEl10Xlg,1
UCzSfZlOVxBSs5ObD25ywxDQ,UCDftMWXQoJ6nONfY7GVOVjg,1
UCzSfZlOVxBSs5ObD25ywxDQ,UCEgEQmRbtL5fwr9_DqAC--g,1
UCzSfZlOVxBSs5ObD25ywxDQ,UCDQaQv0hr2SS_PO-CMEwVHg,1
UCzSfZlOVxBSs5ObD25ywxDQ,UCtNfIBnc5S5DbbQj_yxgJTw,1
UCzSfZlOVxBSs5ObD25ywxDQ,UCvApqeCbLod-wejtT4CcVuA,1
UCzSfZlOVxBSs5ObD25ywxDQ,UCrJn_rbo_ENAdeqneS-RmRw,1
UCzSfZlOVxBSs5ObD25ywxDQ,UCTylKrsqkrBKIqubMu_5N0Q,1
UCzSfZlOVxBSs5ObD25ywxDQ,UCThW2XNsAaBKme5PUt7n-Zg,1
UCzSfZlOVxBSs5ObD25ywxDQ,UCjmPuazZJzscrwvk0QR9RVw,1
UCzSfZlOVxBSs5ObD25ywxDQ,UCr1emrogPKkKTs_WTtx71xg,1
UCzSfZlOVxBSs5ObD25ywxDQ,UC4cXueR2bKGFJV0Fk76gwmA,1
UCzSfZlOVxBSs5ObD25ywxDQ,UCL1MT278vSaQ83ZDkVWn1gw,1
UCzSfZlOVxBSs5ObD25ywxDQ,UCRETAiYdh2dL5ZxB0_N1zDA,1
UCzSfZlOVxBSs5ObD25ywxDQ,UCtUR3_CAiE7fCoZHM6cMfyQ,1
UCzSfZlOVxBSs5ObD25ywxDQ,UCylqlpsh8ENNM1LqgQ1KbxA,1
UCzSfZlOVxBSs5ObD25ywxDQ,UC6YSZqL0vEcI-niPKIMUGfw,1
UCzSfZlOVxBSs5ObD25ywxDQ,UC3NMzdMYryaw82kPTnsaljg,1
UCzSfZlOVxBSs5ObD25ywxDQ,UCsjs5Hp_r86x1xbK6FAeqaA,1
UCzSfZlOVxBSs5ObD25ywxDQ,UCp4iw5_5SmV9VGTFSNVGOmQ,1
UCzSfZlOVxBSs5ObD25ywxDQ,UCKDR0f2fu2UzWL8mBv5-BHw,1
UCzSfZlOVxBSs5ObD25ywxDQ,UCFUuDARXdmmIrLppEqf-rFg,1
UCzSfZlOVxBSs5ObD25ywxDQ,UC5bG9nc_JV3FsNP2KseQiYw,1
UCzSfZlOVxBSs5ObD25ywxDQ,UC1vr9aaMI2crB0NvwFHUeoQ,1
UCzSfZlOVxBSs5ObD25ywxDQ,UCLggDc_a5HriXv7I1h02sOA,1
UCzSfZlOVxBSs5ObD25ywxDQ,UCDUffaruH6dyUnUGwsTKpgg,1
UCzSfZlOVxBSs5ObD25ywxDQ,UCDlr1VadSucIZgZ171pRBjQ,1
UCzSfZlOVxBSs5ObD25ywxDQ,UCySYJU5kUh7X8gVt9la2ISA,1
UCzSfZlOVxBSs5ObD25ywxDQ,UCHTGCgY2l-DQJIvlA_cpa_Q,1
UCzSfZlOVxBSs5ObD25ywxDQ,UCNkcuy42zEwddwEcOd_HpnA,1
UCzSfZlOVxBSs5ObD25ywxDQ,UC2weSE8rpqkGMOp6StYtVfg,1
UCzSfZlOVxBSs5ObD25ywxDQ,UCpsKOkt5iWTbenzeuq7dsmQ,1
UCzSfZlOVxBSs5ObD25ywxDQ,UC650pRT-OYzny3GwOH8Cgfw,1
UCzSfZlOVxBSs5ObD25ywxDQ,UCl0ekS9Tt0jJGtOEM18S63w,1
UCzSfZlOVxBSs5ObD25ywxDQ,UCiMythXHsw7eQEMykCdmMUA,1
UCzSfZlOVxBSs5ObD25ywxDQ,UCljDbleJul41G1TzOjOZAVA,1
UCzSfZlOVxBSs5ObD25ywxDQ,UCAlzM_N6xBlMYmM8EBzX86Q,1
UCzSfZlOVxBSs5ObD25ywxDQ,UChZknRmJkeGeQk0-mQuhDOg,1
UCzSfZlOVxBSs5ObD25ywxDQ,UCmvOgzmmXbjUthHy-WJ52hQ,1
UCzSfZlOVxBSs5ObD25ywxDQ,UCNBnKqWf4d-rS4HwJRQljmQ,1
UCzSfZlOVxBSs5ObD25ywxDQ,UCOh6DaZC_x9HASnlRylEMfw,1
UCzSfZlOVxBSs5ObD25ywxDQ,UC-jS_kA9w-OmpupXDx156Rg,1
UCzSfZlOVxBSs5ObD25ywxDQ,UCXgr7vXlRrsaskPdo097kGA,1
UCLFdHr9BEbXHkoJopbEPLZw,UC9xr9QvIcDvoZNUX5f-jaZw,1
UCLFdHr9BEbXHkoJopbEPLZw,UC-hfX8J5JPJ-dfuakzegMLA,1
UCLFdHr9BEbXHkoJopbEPLZw,UCipetjeiWj4CZB6EbyYziZg,1
UCLFdHr9BEbXHkoJopbEPLZw,UCiGRBf2RNF0WRKhRVT7zFoA,1
UCLFdHr9BEbXHkoJopbEPLZw,UCYwpX26TrCxq8TvbKGRYLXA,1
UCLFdHr9BEbXHkoJopbEPLZw,UCDPWkUX3sNNaCx-m1dV4glA,1
UCLFdHr9BEbXHkoJopbEPLZw,UC3qn1yJA5PeW9rkGPatQxiw,1
UCLFdHr9BEbXHkoJopbEPLZw,UCz3gu01bmjNv0DpRq-K3XYg,1
UCLFdHr9BEbXHkoJopbEPLZw,UC8r11yOugM2NuRfitQOxLLg,1
UCLFdHr9BEbXHkoJopbEPLZw,UCwha8rxULYMVtNwZWeSkE1A,1
UCLFdHr9BEbXHkoJopbEPLZw,UCwO2SXr0ggzwg6QWWrr01nQ,1
UCLFdHr9BEbXHkoJopbEPLZw,UCUIIIPTVDVHAXqhC_5V6lPA,1
UCLFdHr9BEbXHkoJopbEPLZw,UCXXh7yg5KUFIWylTiKVEFKQ,1
UCLFdHr9BEbXHkoJopbEPLZw,UCErZPJpHmLCsXs8ZWkAUupQ,1
UCLFdHr9BEbXHkoJopbEPLZw,UCTwSut16JyAg3mX6LVUNGqA,1
UCLFdHr9BEbXHkoJopbEPLZw,UCj-LL25XJnjxepPKCc3NGog,1
UCLFdHr9BEbXHkoJopbEPLZw,UCYN4wSQ1Sx4_LurxLlW7MPg,1
UCLFdHr9BEbXHkoJopbEPLZw,UCsSXdJct-nsS8DsABoEsaYA,1
UCLFdHr9BEbXHkoJopbEPLZw,UCi1b_TRQfgO1Z9O2gNGGWNA,1
UCLFdHr9BEbXHkoJopbEPLZw,UC7VUuJr9cGh845CmTvf7TlQ,1
UCLFdHr9BEbXHkoJopbEPLZw,UCplrIQtaPj6au60_f2-mOYw,1
UCLFdHr9BEbXHkoJopbEPLZw,UCSou6a2OuYGSvPjm5psquyA,1
UCLFdHr9BEbXHkoJopbEPLZw,UCsJJAvrVGupdmhOqgtDp8dg,1
UCLFdHr9BEbXHkoJopbEPLZw,UCFhxtoeARHPnXXPcDrOU3Xg,1
UCLFdHr9BEbXHkoJopbEPLZw,UCGzXwyCzMzGmjmCbH3Hg01Q,1
UCLFdHr9BEbXHkoJopbEPLZw,UC3E9mAgP7VoAE5mZoAexl5g,1
UCLFdHr9BEbXHkoJopbEPLZw,UCB5p8a5gklc80jJItP6xTHg,1
UCLFdHr9BEbXHkoJopbEPLZw,UCcfdg8crmMJwEuLUsAhV7yg,1
UCLFdHr9BEbXHkoJopbEPLZw,UCQtICyzWmhC5woCtbNgaSmg,1
UCLFdHr9BEbXHkoJopbEPLZw,UCfM3nrxtTQMY5jFx1v1J4Gg,1
UCLFdHr9BEbXHkoJopbEPLZw,UCFoIAE8k82D6AV-8gjjKaNg,1
UCLFdHr9BEbXHkoJopbEPLZw,UCkd9W714-947dEE6ZOEBATA,1
UCLFdHr9BEbXHkoJopbEPLZw,UCA93ym2TXs_Ibyxb4Vcn-6Q,1
UCLFdHr9BEbXHkoJopbEPLZw,UCFxE8GbokBrBsPEKM1xrOjQ,1
UCLFdHr9BEbXHkoJopbEPLZw,UC8G5cJONY8L9voMyBW8Eoug,1
UCLFdHr9BEbXHkoJopbEPLZw,UCTD6q1nyIe3Y7HhqjaMj72w,1
UCLFdHr9BEbXHkoJopbEPLZw,UC72gBAtyb_VXQlYDcFrh6oQ,1
UCLFdHr9BEbXHkoJopbEPLZw,UC2Y_EHWQKevubk4vOEBBFxw,1
UCLFdHr9BEbXHkoJopbEPLZw,UCTP3O0rMnc8z8v8jaDQwL0w,1
UCLFdHr9BEbXHkoJopbEPLZw,UCAmtbUiIrUIhikru0ZoTFig,1
UCLFdHr9BEbXHkoJopbEPLZw,UCRlCV9zSn7avAWh-9_XFWqQ,1
UCLFdHr9BEbXHkoJopbEPLZw,UCpl8rF8uv_8uui-QRvuJaRA,1
UCLFdHr9BEbXHkoJopbEPLZw,UCsUCN0Yq_UyTvKjOJLmNrnQ,1
UCLFdHr9BEbXHkoJopbEPLZw,UCjSKM9j0Q7HLDr1hD6D-TUw,1
UCLFdHr9BEbXHkoJopbEPLZw,UChep9kVb5gQmpodEEl10Xlg,1
UCLFdHr9BEbXHkoJopbEPLZw,UCDftMWXQoJ6nONfY7GVOVjg,1
UCLFdHr9BEbXHkoJopbEPLZw,UCEgEQmRbtL5fwr9_DqAC--g,1
UCLFdHr9BEbXHkoJopbEPLZw,UCDQaQv0hr2SS_PO-CMEwVHg,1
UCLFdHr9BEbXHkoJopbEPLZw,UCtNfIBnc5S5DbbQj_yxgJTw,1
UCLFdHr9BEbXHkoJopbEPLZw,UCvApqeCbLod-wejtT4CcVuA,1
UCLFdHr9BEbXHkoJopbEPLZw,UCrJn_rbo_ENAdeqneS-RmRw,1
UCLFdHr9BEbXHkoJopbEPLZw,UCTylKrsqkrBKIqubMu_5N0Q,1
UCLFdHr9BEbXHkoJopbEPLZw,UCThW2XNsAaBKme5PUt7n-Zg,1
UCLFdHr9BEbXHkoJopbEPLZw,UCjmPuazZJzscrwvk0QR9RVw,1
UCLFdHr9BEbXHkoJopbEPLZw,UCr1emrogPKkKTs_WTtx71xg,1
UCLFdHr9BEbXHkoJopbEPLZw,UC4cXueR2bKGFJV0Fk76gwmA,1
UCLFdHr9BEbXHkoJopbEPLZw,UCL1MT278vSaQ83ZDkVWn1gw,1
UCLFdHr9BEbXHkoJopbEPLZw,UCRETAiYdh2dL5ZxB0_N1zDA,1
UCLFdHr9BEbXHkoJopbEPLZw,UCtUR3_CAiE7fCoZHM6cMfyQ,1
UCLFdHr9BEbXHkoJopbEPLZw,UCylqlpsh8ENNM1LqgQ1KbxA,1
UCLFdHr9BEbXHkoJopbEPLZw,UC6YSZqL0vEcI-niPKIMUGfw,1
UCLFdHr9BEbXHkoJopbEPLZw,UC3NMzdMYryaw82kPTnsaljg,1
UCLFdHr9BEbXHkoJopbEPLZw,UCsjs5Hp_r86x1xbK6FAeqaA,1
UCLFdHr9BEbXHkoJopbEPLZw,UCp4iw5_5SmV9VGTFSNVGOmQ,1
UCLFdHr9BEbXHkoJopbEPLZw,UCKDR0f2fu2UzWL8mBv5-BHw,1
UCLFdHr9BEbXHkoJopbEPLZw,UCFUuDARXdmmIrLppEqf-rFg,1
UCLFdHr9BEbXHkoJopbEPLZw,UC5bG9nc_JV3FsNP2KseQiYw,1
UCLFdHr9BEbXHkoJopbEPLZw,UC1vr9aaMI2crB0NvwFHUeoQ,1
UCLFdHr9BEbXHkoJopbEPLZw,UCLggDc_a5HriXv7I1h02sOA,1
UCLFdHr9BEbXHkoJopbEPLZw,UCDUffaruH6dyUnUGwsTKpgg,1
UCLFdHr9BEbXHkoJopbEPLZw,UCDlr1VadSucIZgZ171pRBjQ,1
UCLFdHr9BEbXHkoJopbEPLZw,UCySYJU5kUh7X8gVt9la2ISA,1
UCLFdHr9BEbXHkoJopbEPLZw,UCHTGCgY2l-DQJIvlA_cpa_Q,1
UCLFdHr9BEbXHkoJopbEPLZw,UCNkcuy42zEwddwEcOd_HpnA,1
UCLFdHr9BEbXHkoJopbEPLZw,UC2weSE8rpqkGMOp6StYtVfg,1
UCLFdHr9BEbXHkoJopbEPLZw,UCpsKOkt5iWTbenzeuq7dsmQ,1
UCLFdHr9BEbXHkoJopbEPLZw,UC650pRT-OYzny3GwOH8Cgfw,1
UCLFdHr9BEbXHkoJopbEPLZw,UCl0ekS9Tt0jJGtOEM18S63w,1
UCLFdHr9BEbXHkoJopbEPLZw,UCiMythXHsw7eQEMykCdmMUA,1
UCLFdHr9BEbXHkoJopbEPLZw,UCljDbleJul41G1TzOjOZAVA,1
UCLFdHr9BEbXHkoJopbEPLZw,UCAlzM_N6xBlMYmM8EBzX86Q,1
UCLFdHr9BEbXHkoJopbEPLZw,UChZknRmJkeGeQk0-mQuhDOg,1
UCLFdHr9BEbXHkoJopbEPLZw,UCmvOgzmmXbjUthHy-WJ52hQ,1
UCLFdHr9BEbXHkoJopbEPLZw,UCNBnKqWf4d-rS4HwJRQljmQ,1
UCLFdHr9BEbXHkoJopbEPLZw,UCOh6DaZC_x9HASnlRylEMfw,1
UCLFdHr9BEbXHkoJopbEPLZw,UC-jS_kA9w-OmpupXDx156Rg,1
UCLFdHr9BEbXHkoJopbEPLZw,UCXgr7vXlRrsaskPdo097kGA,1
UCNkcuy42zEwddwEcOd_HpnA,UC9xr9QvIcDvoZNUX5f-jaZw,1
UCNkcuy42zEwddwEcOd_HpnA,UC-hfX8J5JPJ-dfuakzegMLA,1
UCNkcuy42zEwddwEcOd_HpnA,UCipetjeiWj4CZB6EbyYziZg,1
UCNkcuy42zEwddwEcOd_HpnA,UCiGRBf2RNF0WRKhRVT7zFoA,1
UCNkcuy42zEwddwEcOd_HpnA,UCYwpX26TrCxq8TvbKGRYLXA,1
UCNkcuy42zEwddwEcOd_HpnA,UCDPWkUX3sNNaCx-m1dV4glA,1
UCNkcuy42zEwddwEcOd_HpnA,UC3qn1yJA5PeW9rkGPatQxiw,1
UCNkcuy42zEwddwEcOd_HpnA,UCz3gu01bmjNv0DpRq-K3XYg,1
UCNkcuy42zEwddwEcOd_HpnA,UC8r11yOugM2NuRfitQOxLLg,1
UCNkcuy42zEwddwEcOd_HpnA,UCwha8rxULYMVtNwZWeSkE1A,1
UCNkcuy42zEwddwEcOd_HpnA,UCwO2SXr0ggzwg6QWWrr01nQ,1
UCNkcuy42zEwddwEcOd_HpnA,UCUIIIPTVDVHAXqhC_5V6lPA,1
UCNkcuy42zEwddwEcOd_HpnA,UCXXh7yg5KUFIWylTiKVEFKQ,1
UCNkcuy42zEwddwEcOd_HpnA,UCErZPJpHmLCsXs8ZWkAUupQ,1
UCNkcuy42zEwddwEcOd_HpnA,UCTwSut16JyAg3mX6LVUNGqA,1
UCNkcuy42zEwddwEcOd_HpnA,UCj-LL25XJnjxepPKCc3NGog,1
UCNkcuy42zEwddwEcOd_HpnA,UCYN4wSQ1Sx4_LurxLlW7MPg,1
UCNkcuy42zEwddwEcOd_HpnA,UCsSXdJct-nsS8DsABoEsaYA,1
UCNkcuy42zEwddwEcOd_HpnA,UCi1b_TRQfgO1Z9O2gNGGWNA,1
UCNkcuy42zEwddwEcOd_HpnA,UC7VUuJr9cGh845CmTvf7TlQ,1
UCNkcuy42zEwddwEcOd_HpnA,UCplrIQtaPj6au60_f2-mOYw,1
UCNkcuy42zEwddwEcOd_HpnA,UCSou6a2OuYGSvPjm5psquyA,1
UCNkcuy42zEwddwEcOd_HpnA,UCsJJAvrVGupdmhOqgtDp8dg,1
UCNkcuy42zEwddwEcOd_HpnA,UCFhxtoeARHPnXXPcDrOU3Xg,1
UCNkcuy42zEwddwEcOd_HpnA,UCGzXwyCzMzGmjmCbH3Hg01Q,1
UCNkcuy42zEwddwEcOd_HpnA,UC3E9mAgP7VoAE5mZoAexl5g,1
UCNkcuy42zEwddwEcOd_HpnA,UCB5p8a5gklc80jJItP6xTHg,1
UCNkcuy42zEwddwEcOd_HpnA,UCcfdg8crmMJwEuLUsAhV7yg,1
UCNkcuy42zEwddwEcOd_HpnA,UCQtICyzWmhC5woCtbNgaSmg,1
UCNkcuy42zEwddwEcOd_HpnA,UCfM3nrxtTQMY5jFx1v1J4Gg,1
UCNkcuy42zEwddwEcOd_HpnA,UCFoIAE8k82D6AV-8gjjKaNg,1
UCNkcuy42zEwddwEcOd_HpnA,UCkd9W714-947dEE6ZOEBATA,1
UCNkcuy42zEwddwEcOd_HpnA,UCA93ym2TXs_Ibyxb4Vcn-6Q,1
UCNkcuy42zEwddwEcOd_HpnA,UCFxE8GbokBrBsPEKM1xrOjQ,1
UCNkcuy42zEwddwEcOd_HpnA,UC8G5cJONY8L9voMyBW8Eoug,1
UCNkcuy42zEwddwEcOd_HpnA,UCTD6q1nyIe3Y7HhqjaMj72w,1
UCNkcuy42zEwddwEcOd_HpnA,UC72gBAtyb_VXQlYDcFrh6oQ,1
UCNkcuy42zEwddwEcOd_HpnA,UC2Y_EHWQKevubk4vOEBBFxw,1
UCNkcuy42zEwddwEcOd_HpnA,UCTP3O0rMnc8z8v8jaDQwL0w,1
UCNkcuy42zEwddwEcOd_HpnA,UCAmtbUiIrUIhikru0ZoTFig,1
UCNkcuy42zEwddwEcOd_HpnA,UCRlCV9zSn7avAWh-9_XFWqQ,1
UCNkcuy42zEwddwEcOd_HpnA,UCpl8rF8uv_8uui-QRvuJaRA,1
UCNkcuy42zEwddwEcOd_HpnA,UCsUCN0Yq_UyTvKjOJLmNrnQ,1
UCNkcuy42zEwddwEcOd_HpnA,UCjSKM9j0Q7HLDr1hD6D-TUw,1
UCNkcuy42zEwddwEcOd_HpnA,UChep9kVb5gQmpodEEl10Xlg,1
UCNkcuy42zEwddwEcOd_HpnA,UCDftMWXQoJ6nONfY7GVOVjg,1
UCNkcuy42zEwddwEcOd_HpnA,UCEgEQmRbtL5fwr9_DqAC--g,1
UCNkcuy42zEwddwEcOd_HpnA,UCDQaQv0hr2SS_PO-CMEwVHg,1
UCNkcuy42zEwddwEcOd_HpnA,UCtNfIBnc5S5DbbQj_yxgJTw,1
UCNkcuy42zEwddwEcOd_HpnA,UCvApqeCbLod-wejtT4CcVuA,1
UCNkcuy42zEwddwEcOd_HpnA,UCrJn_rbo_ENAdeqneS-RmRw,1
UCNkcuy42zEwddwEcOd_HpnA,UCTylKrsqkrBKIqubMu_5N0Q,1
UCNkcuy42zEwddwEcOd_HpnA,UCThW2XNsAaBKme5PUt7n-Zg,1
UCNkcuy42zEwddwEcOd_HpnA,UCjmPuazZJzscrwvk0QR9RVw,1
UCNkcuy42zEwddwEcOd_HpnA,UCr1emrogPKkKTs_WTtx71xg,1
UCNkcuy42zEwddwEcOd_HpnA,UC4cXueR2bKGFJV0Fk76gwmA,1
UCNkcuy42zEwddwEcOd_HpnA,UCL1MT278vSaQ83ZDkVWn1gw,1
UCNkcuy42zEwddwEcOd_HpnA,UCRETAiYdh2dL5ZxB0_N1zDA,1
UCNkcuy42zEwddwEcOd_HpnA,UCtUR3_CAiE7fCoZHM6cMfyQ,1
UCNkcuy42zEwddwEcOd_HpnA,UCylqlpsh8ENNM1LqgQ1KbxA,1
UCNkcuy42zEwddwEcOd_HpnA,UC6YSZqL0vEcI-niPKIMUGfw,1
UCNkcuy42zEwddwEcOd_HpnA,UC3NMzdMYryaw82kPTnsaljg,1
UCNkcuy42zEwddwEcOd_HpnA,UCsjs5Hp_r86x1xbK6FAeqaA,1
UCNkcuy42zEwddwEcOd_HpnA,UCp4iw5_5SmV9VGTFSNVGOmQ,1
UCNkcuy42zEwddwEcOd_HpnA,UCKDR0f2fu2UzWL8mBv5-BHw,1
UCNkcuy42zEwddwEcOd_HpnA,UCFUuDARXdmmIrLppEqf-rFg,1
UCNkcuy42zEwddwEcOd_HpnA,UC5bG9nc_JV3FsNP2KseQiYw,1
UCNkcuy42zEwddwEcOd_HpnA,UC1vr9aaMI2crB0NvwFHUeoQ,1
UCNkcuy42zEwddwEcOd_HpnA,UCLggDc_a5HriXv7I1h02sOA,1
UCNkcuy42zEwddwEcOd_HpnA,UCDUffaruH6dyUnUGwsTKpgg,1
UCNkcuy42zEwddwEcOd_HpnA,UCDlr1VadSucIZgZ171pRBjQ,1
UCNkcuy42zEwddwEcOd_HpnA,UCySYJU5kUh7X8gVt9la2ISA,1
UCNkcuy42zEwddwEcOd_HpnA,UCHTGCgY2l-DQJIvlA_cpa_Q,1
UCNkcuy42zEwddwEcOd_HpnA,UC2weSE8rpqkGMOp6StYtVfg,1
UCNkcuy42zEwddwEcOd_HpnA,UCpsKOkt5iWTbenzeuq7dsmQ,1
UCNkcuy42zEwddwEcOd_HpnA,UC650pRT-OYzny3GwOH8Cgfw,1
UCNkcuy42zEwddwEcOd_HpnA,UCl0ekS9Tt0jJGtOEM18S63w,1
UCNkcuy42zEwddwEcOd_HpnA,UCiMythXHsw7eQEMykCdmMUA,1
UCNkcuy42zEwddwEcOd_HpnA,UCljDbleJul41G1TzOjOZAVA,1
UCNkcuy42zEwddwEcOd_HpnA,UCAlzM_N6xBlMYmM8EBzX86Q,1
UCNkcuy42zEwddwEcOd_HpnA,UChZknRmJkeGeQk0-mQuhDOg,1
UCNkcuy42zEwddwEcOd_HpnA,UCmvOgzmmXbjUthHy-WJ52hQ,1
UCNkcuy42zEwddwEcOd_HpnA,UCNBnKqWf4d-rS4HwJRQljmQ,1
UCNkcuy42zEwddwEcOd_HpnA,UCOh6DaZC_x9HASnlRylEMfw,1
UCNkcuy42zEwddwEcOd_HpnA,UC-jS_kA9w-OmpupXDx156Rg,1
UCNkcuy42zEwddwEcOd_HpnA,UCXgr7vXlRrsaskPdo097kGA,1
UCJp3OrVYcBorC94sKwdch_A,UCbrtvygfRT6QXqWDNrOf-cA,1
UCJp3OrVYcBorC94sKwdch_A,UC5wuDq3U3vRAhOQI3D7gNdw,1
UCJp3OrVYcBorC94sKwdch_A,UCjJf-AJKRFFWtiN-CSwkDmA,1
UCJp3OrVYcBorC94sKwdch_A,UC_6KbBY1bsYXz9fwFS0eQRg,1
UCJp3OrVYcBorC94sKwdch_A,UCpsKOkt5iWTbenzeuq7dsmQ,1
UCJp3OrVYcBorC94sKwdch_A,UCnU8wO1OurAmGstDw6VGjgQ,1
UCLh1Kde4_vI1sTZBkTNP7RQ,UCBtB5dIyx-C16UN8ClUD2UA,1
UCLh1Kde4_vI1sTZBkTNP7RQ,UCFFrEmn6lPYiWyElpfzTy5Q,1
UCLh1Kde4_vI1sTZBkTNP7RQ,UCk4O-J1BhoqPmig1KLGJePA,1
UCLh1Kde4_vI1sTZBkTNP7RQ,UCfRqgt2O-vjzUDMZY_tnxQw,1
UCLh1Kde4_vI1sTZBkTNP7RQ,UC4kg7zuTfqQKLd2bkZrSYBA,1
UCThW2XNsAaBKme5PUt7n-Zg,UC9xr9QvIcDvoZNUX5f-jaZw,1
UCThW2XNsAaBKme5PUt7n-Zg,UC-hfX8J5JPJ-dfuakzegMLA,1
UCThW2XNsAaBKme5PUt7n-Zg,UCipetjeiWj4CZB6EbyYziZg,1
UCThW2XNsAaBKme5PUt7n-Zg,UCiGRBf2RNF0WRKhRVT7zFoA,1
UCThW2XNsAaBKme5PUt7n-Zg,UCYwpX26TrCxq8TvbKGRYLXA,1
UCThW2XNsAaBKme5PUt7n-Zg,UCDPWkUX3sNNaCx-m1dV4glA,1
UCThW2XNsAaBKme5PUt7n-Zg,UC3qn1yJA5PeW9rkGPatQxiw,1
UCThW2XNsAaBKme5PUt7n-Zg,UCz3gu01bmjNv0DpRq-K3XYg,1
UCThW2XNsAaBKme5PUt7n-Zg,UC8r11yOugM2NuRfitQOxLLg,1
UCThW2XNsAaBKme5PUt7n-Zg,UCwha8rxULYMVtNwZWeSkE1A,1
UCThW2XNsAaBKme5PUt7n-Zg,UCwO2SXr0ggzwg6QWWrr01nQ,1
UCThW2XNsAaBKme5PUt7n-Zg,UCUIIIPTVDVHAXqhC_5V6lPA,1
UCThW2XNsAaBKme5PUt7n-Zg,UCXXh7yg5KUFIWylTiKVEFKQ,1
UCThW2XNsAaBKme5PUt7n-Zg,UCErZPJpHmLCsXs8ZWkAUupQ,1
UCThW2XNsAaBKme5PUt7n-Zg,UCTwSut16JyAg3mX6LVUNGqA,1
UCThW2XNsAaBKme5PUt7n-Zg,UCj-LL25XJnjxepPKCc3NGog,1
UCThW2XNsAaBKme5PUt7n-Zg,UCYN4wSQ1Sx4_LurxLlW7MPg,1
UCThW2XNsAaBKme5PUt7n-Zg,UCsSXdJct-nsS8DsABoEsaYA,1
UCThW2XNsAaBKme5PUt7n-Zg,UCi1b_TRQfgO1Z9O2gNGGWNA,1
UCThW2XNsAaBKme5PUt7n-Zg,UC7VUuJr9cGh845CmTvf7TlQ,1
UCThW2XNsAaBKme5PUt7n-Zg,UCplrIQtaPj6au60_f2-mOYw,1
UCThW2XNsAaBKme5PUt7n-Zg,UCSou6a2OuYGSvPjm5psquyA,1
UCThW2XNsAaBKme5PUt7n-Zg,UCsJJAvrVGupdmhOqgtDp8dg,1
UCThW2XNsAaBKme5PUt7n-Zg,UCFhxtoeARHPnXXPcDrOU3Xg,1
UCThW2XNsAaBKme5PUt7n-Zg,UCGzXwyCzMzGmjmCbH3Hg01Q,1
UCThW2XNsAaBKme5PUt7n-Zg,UC3E9mAgP7VoAE5mZoAexl5g,1
UCThW2XNsAaBKme5PUt7n-Zg,UCB5p8a5gklc80jJItP6xTHg,1
UCThW2XNsAaBKme5PUt7n-Zg,UCcfdg8crmMJwEuLUsAhV7yg,1
UCThW2XNsAaBKme5PUt7n-Zg,UCQtICyzWmhC5woCtbNgaSmg,1
UCThW2XNsAaBKme5PUt7n-Zg,UCfM3nrxtTQMY5jFx1v1J4Gg,1
UCThW2XNsAaBKme5PUt7n-Zg,UCFoIAE8k82D6AV-8gjjKaNg,1
UCThW2XNsAaBKme5PUt7n-Zg,UCkd9W714-947dEE6ZOEBATA,1
UCThW2XNsAaBKme5PUt7n-Zg,UCA93ym2TXs_Ibyxb4Vcn-6Q,1
UCThW2XNsAaBKme5PUt7n-Zg,UCFxE8GbokBrBsPEKM1xrOjQ,1
UCThW2XNsAaBKme5PUt7n-Zg,UC8G5cJONY8L9voMyBW8Eoug,1
UCThW2XNsAaBKme5PUt7n-Zg,UCTD6q1nyIe3Y7HhqjaMj72w,1
UCThW2XNsAaBKme5PUt7n-Zg,UC72gBAtyb_VXQlYDcFrh6oQ,1
UCThW2XNsAaBKme5PUt7n-Zg,UC2Y_EHWQKevubk4vOEBBFxw,1
UCThW2XNsAaBKme5PUt7n-Zg,UCTP3O0rMnc8z8v8jaDQwL0w,1
UCThW2XNsAaBKme5PUt7n-Zg,UCAmtbUiIrUIhikru0ZoTFig,1
UCThW2XNsAaBKme5PUt7n-Zg,UCRlCV9zSn7avAWh-9_XFWqQ,1
UCThW2XNsAaBKme5PUt7n-Zg,UCpl8rF8uv_8uui-QRvuJaRA,1
UCThW2XNsAaBKme5PUt7n-Zg,UCsUCN0Yq_UyTvKjOJLmNrnQ,1
UCThW2XNsAaBKme5PUt7n-Zg,UCjSKM9j0Q7HLDr1hD6D-TUw,1
UCThW2XNsAaBKme5PUt7n-Zg,UChep9kVb5gQmpodEEl10Xlg,1
UCThW2XNsAaBKme5PUt7n-Zg,UCDftMWXQoJ6nONfY7GVOVjg,1
UCThW2XNsAaBKme5PUt7n-Zg,UCEgEQmRbtL5fwr9_DqAC--g,1
UCThW2XNsAaBKme5PUt7n-Zg,UCDQaQv0hr2SS_PO-CMEwVHg,1
UCThW2XNsAaBKme5PUt7n-Zg,UCtNfIBnc5S5DbbQj_yxgJTw,1
UCThW2XNsAaBKme5PUt7n-Zg,UCvApqeCbLod-wejtT4CcVuA,1
UCThW2XNsAaBKme5PUt7n-Zg,UCrJn_rbo_ENAdeqneS-RmRw,1
UCThW2XNsAaBKme5PUt7n-Zg,UCTylKrsqkrBKIqubMu_5N0Q,1
UCThW2XNsAaBKme5PUt7n-Zg,UCjmPuazZJzscrwvk0QR9RVw,1
UCThW2XNsAaBKme5PUt7n-Zg,UCr1emrogPKkKTs_WTtx71xg,1
UCThW2XNsAaBKme5PUt7n-Zg,UC4cXueR2bKGFJV0Fk76gwmA,1
UCThW2XNsAaBKme5PUt7n-Zg,UCL1MT278vSaQ83ZDkVWn1gw,1
UCThW2XNsAaBKme5PUt7n-Zg,UCRETAiYdh2dL5ZxB0_N1zDA,1
UCThW2XNsAaBKme5PUt7n-Zg,UCtUR3_CAiE7fCoZHM6cMfyQ,1
UCThW2XNsAaBKme5PUt7n-Zg,UCylqlpsh8ENNM1LqgQ1KbxA,1
UCThW2XNsAaBKme5PUt7n-Zg,UC6YSZqL0vEcI-niPKIMUGfw,1
UCThW2XNsAaBKme5PUt7n-Zg,UC3NMzdMYryaw82kPTnsaljg,1
UCThW2XNsAaBKme5PUt7n-Zg,UCsjs5Hp_r86x1xbK6FAeqaA,1
UCThW2XNsAaBKme5PUt7n-Zg,UCp4iw5_5SmV9VGTFSNVGOmQ,1
UCThW2XNsAaBKme5PUt7n-Zg,UCKDR0f2fu2UzWL8mBv5-BHw,1
UCThW2XNsAaBKme5PUt7n-Zg,UCFUuDARXdmmIrLppEqf-rFg,1
UCThW2XNsAaBKme5PUt7n-Zg,UC5bG9nc_JV3FsNP2KseQiYw,1
UCThW2XNsAaBKme5PUt7n-Zg,UC1vr9aaMI2crB0NvwFHUeoQ,1
UCThW2XNsAaBKme5PUt7n-Zg,UCLggDc_a5HriXv7I1h02sOA,1
UCThW2XNsAaBKme5PUt7n-Zg,UCDUffaruH6dyUnUGwsTKpgg,1
UCThW2XNsAaBKme5PUt7n-Zg,UCDlr1VadSucIZgZ171pRBjQ,1
UCThW2XNsAaBKme5PUt7n-Zg,UCySYJU5kUh7X8gVt9la2ISA,1
UCThW2XNsAaBKme5PUt7n-Zg,UCHTGCgY2l-DQJIvlA_cpa_Q,1
UCThW2XNsAaBKme5PUt7n-Zg,UC2weSE8rpqkGMOp6StYtVfg,1
UCThW2XNsAaBKme5PUt7n-Zg,UCpsKOkt5iWTbenzeuq7dsmQ,1
UCThW2XNsAaBKme5PUt7n-Zg,UC650pRT-OYzny3GwOH8Cgfw,1
UCThW2XNsAaBKme5PUt7n-Zg,UCl0ekS9Tt0jJGtOEM18S63w,1
UCThW2XNsAaBKme5PUt7n-Zg,UCiMythXHsw7eQEMykCdmMUA,1
UCThW2XNsAaBKme5PUt7n-Zg,UCljDbleJul41G1TzOjOZAVA,1
UCThW2XNsAaBKme5PUt7n-Zg,UCAlzM_N6xBlMYmM8EBzX86Q,1
UCThW2XNsAaBKme5PUt7n-Zg,UChZknRmJkeGeQk0-mQuhDOg,1
UCThW2XNsAaBKme5PUt7n-Zg,UCmvOgzmmXbjUthHy-WJ52hQ,1
UCThW2XNsAaBKme5PUt7n-Zg,UCNBnKqWf4d-rS4HwJRQljmQ,1
UCThW2XNsAaBKme5PUt7n-Zg,UCOh6DaZC_x9HASnlRylEMfw,1
UCThW2XNsAaBKme5PUt7n-Zg,UC-jS_kA9w-OmpupXDx156Rg,1
UCThW2XNsAaBKme5PUt7n-Zg,UCXgr7vXlRrsaskPdo097kGA,1
UC6YSZqL0vEcI-niPKIMUGfw,UC9xr9QvIcDvoZNUX5f-jaZw,1
UC6YSZqL0vEcI-niPKIMUGfw,UC-hfX8J5JPJ-dfuakzegMLA,1
UC6YSZqL0vEcI-niPKIMUGfw,UCipetjeiWj4CZB6EbyYziZg,1
UC6YSZqL0vEcI-niPKIMUGfw,UCiGRBf2RNF0WRKhRVT7zFoA,1
UC6YSZqL0vEcI-niPKIMUGfw,UCYwpX26TrCxq8TvbKGRYLXA,1
UC6YSZqL0vEcI-niPKIMUGfw,UCDPWkUX3sNNaCx-m1dV4glA,1
UC6YSZqL0vEcI-niPKIMUGfw,UC3qn1yJA5PeW9rkGPatQxiw,1
UC6YSZqL0vEcI-niPKIMUGfw,UCz3gu01bmjNv0DpRq-K3XYg,1
UC6YSZqL0vEcI-niPKIMUGfw,UC8r11yOugM2NuRfitQOxLLg,1
UC6YSZqL0vEcI-niPKIMUGfw,UCwha8rxULYMVtNwZWeSkE1A,1
UC6YSZqL0vEcI-niPKIMUGfw,UCwO2SXr0ggzwg6QWWrr01nQ,1
UC6YSZqL0vEcI-niPKIMUGfw,UCUIIIPTVDVHAXqhC_5V6lPA,1
UC6YSZqL0vEcI-niPKIMUGfw,UCXXh7yg5KUFIWylTiKVEFKQ,1
UC6YSZqL0vEcI-niPKIMUGfw,UCErZPJpHmLCsXs8ZWkAUupQ,1
UC6YSZqL0vEcI-niPKIMUGfw,UCTwSut16JyAg3mX6LVUNGqA,1
UC6YSZqL0vEcI-niPKIMUGfw,UCj-LL25XJnjxepPKCc3NGog,1
UC6YSZqL0vEcI-niPKIMUGfw,UCYN4wSQ1Sx4_LurxLlW7MPg,1
UC6YSZqL0vEcI-niPKIMUGfw,UCsSXdJct-nsS8DsABoEsaYA,1
UC6YSZqL0vEcI-niPKIMUGfw,UCi1b_TRQfgO1Z9O2gNGGWNA,1
UC6YSZqL0vEcI-niPKIMUGfw,UC7VUuJr9cGh845CmTvf7TlQ,1
UC6YSZqL0vEcI-niPKIMUGfw,UCplrIQtaPj6au60_f2-mOYw,1
UC6YSZqL0vEcI-niPKIMUGfw,UCSou6a2OuYGSvPjm5psquyA,1
UC6YSZqL0vEcI-niPKIMUGfw,UCsJJAvrVGupdmhOqgtDp8dg,1
UC6YSZqL0vEcI-niPKIMUGfw,UCFhxtoeARHPnXXPcDrOU3Xg,1
UC6YSZqL0vEcI-niPKIMUGfw,UCGzXwyCzMzGmjmCbH3Hg01Q,1
UC6YSZqL0vEcI-niPKIMUGfw,UC3E9mAgP7VoAE5mZoAexl5g,1
UC6YSZqL0vEcI-niPKIMUGfw,UCB5p8a5gklc80jJItP6xTHg,1
UC6YSZqL0vEcI-niPKIMUGfw,UCcfdg8crmMJwEuLUsAhV7yg,1
UC6YSZqL0vEcI-niPKIMUGfw,UCQtICyzWmhC5woCtbNgaSmg,1
UC6YSZqL0vEcI-niPKIMUGfw,UCfM3nrxtTQMY5jFx1v1J4Gg,1
UC6YSZqL0vEcI-niPKIMUGfw,UCFoIAE8k82D6AV-8gjjKaNg,1
UC6YSZqL0vEcI-niPKIMUGfw,UCkd9W714-947dEE6ZOEBATA,1
UC6YSZqL0vEcI-niPKIMUGfw,UCA93ym2TXs_Ibyxb4Vcn-6Q,1
UC6YSZqL0vEcI-niPKIMUGfw,UCFxE8GbokBrBsPEKM1xrOjQ,1
UC6YSZqL0vEcI-niPKIMUGfw,UC8G5cJONY8L9voMyBW8Eoug,1
UC6YSZqL0vEcI-niPKIMUGfw,UCTD6q1nyIe3Y7HhqjaMj72w,1
UC6YSZqL0vEcI-niPKIMUGfw,UC72gBAtyb_VXQlYDcFrh6oQ,1
UC6YSZqL0vEcI-niPKIMUGfw,UC2Y_EHWQKevubk4vOEBBFxw,1
UC6YSZqL0vEcI-niPKIMUGfw,UCTP3O0rMnc8z8v8jaDQwL0w,1
UC6YSZqL0vEcI-niPKIMUGfw,UCAmtbUiIrUIhikru0ZoTFig,1
UC6YSZqL0vEcI-niPKIMUGfw,UCRlCV9zSn7avAWh-9_XFWqQ,1
UC6YSZqL0vEcI-niPKIMUGfw,UCpl8rF8uv_8uui-QRvuJaRA,1
UC6YSZqL0vEcI-niPKIMUGfw,UCsUCN0Yq_UyTvKjOJLmNrnQ,1
UC6YSZqL0vEcI-niPKIMUGfw,UCjSKM9j0Q7HLDr1hD6D-TUw,1
UC6YSZqL0vEcI-niPKIMUGfw,UChep9kVb5gQmpodEEl10Xlg,1
UC6YSZqL0vEcI-niPKIMUGfw,UCDftMWXQoJ6nONfY7GVOVjg,1
UC6YSZqL0vEcI-niPKIMUGfw,UCEgEQmRbtL5fwr9_DqAC--g,1
UC6YSZqL0vEcI-niPKIMUGfw,UCDQaQv0hr2SS_PO-CMEwVHg,1
UC6YSZqL0vEcI-niPKIMUGfw,UCtNfIBnc5S5DbbQj_yxgJTw,1
UC6YSZqL0vEcI-niPKIMUGfw,UCvApqeCbLod-wejtT4CcVuA,1
UC6YSZqL0vEcI-niPKIMUGfw,UCrJn_rbo_ENAdeqneS-RmRw,1
UC6YSZqL0vEcI-niPKIMUGfw,UCTylKrsqkrBKIqubMu_5N0Q,1
UC6YSZqL0vEcI-niPKIMUGfw,UCjmPuazZJzscrwvk0QR9RVw,1
UC6YSZqL0vEcI-niPKIMUGfw,UCr1emrogPKkKTs_WTtx71xg,1
UC6YSZqL0vEcI-niPKIMUGfw,UC4cXueR2bKGFJV0Fk76gwmA,1
UC6YSZqL0vEcI-niPKIMUGfw,UCL1MT278vSaQ83ZDkVWn1gw,1
UC6YSZqL0vEcI-niPKIMUGfw,UCRETAiYdh2dL5ZxB0_N1zDA,1
UC6YSZqL0vEcI-niPKIMUGfw,UCtUR3_CAiE7fCoZHM6cMfyQ,1
UC6YSZqL0vEcI-niPKIMUGfw,UCylqlpsh8ENNM1LqgQ1KbxA,1
UC6YSZqL0vEcI-niPKIMUGfw,UC3NMzdMYryaw82kPTnsaljg,1
UC6YSZqL0vEcI-niPKIMUGfw,UCsjs5Hp_r86x1xbK6FAeqaA,1
UC6YSZqL0vEcI-niPKIMUGfw,UCp4iw5_5SmV9VGTFSNVGOmQ,1
UC6YSZqL0vEcI-niPKIMUGfw,UCKDR0f2fu2UzWL8mBv5-BHw,1
UC6YSZqL0vEcI-niPKIMUGfw,UCFUuDARXdmmIrLppEqf-rFg,1
UC6YSZqL0vEcI-niPKIMUGfw,UC5bG9nc_JV3FsNP2KseQiYw,1
UC6YSZqL0vEcI-niPKIMUGfw,UC1vr9aaMI2crB0NvwFHUeoQ,1
UC6YSZqL0vEcI-niPKIMUGfw,UCLggDc_a5HriXv7I1h02sOA,1
UC6YSZqL0vEcI-niPKIMUGfw,UCDUffaruH6dyUnUGwsTKpgg,1
UC6YSZqL0vEcI-niPKIMUGfw,UCDlr1VadSucIZgZ171pRBjQ,1
UC6YSZqL0vEcI-niPKIMUGfw,UCySYJU5kUh7X8gVt9la2ISA,1
UC6YSZqL0vEcI-niPKIMUGfw,UCHTGCgY2l-DQJIvlA_cpa_Q,1
UC6YSZqL0vEcI-niPKIMUGfw,UC2weSE8rpqkGMOp6StYtVfg,1
UC6YSZqL0vEcI-niPKIMUGfw,UCpsKOkt5iWTbenzeuq7dsmQ,1
UC6YSZqL0vEcI-niPKIMUGfw,UC650pRT-OYzny3GwOH8Cgfw,1
UC6YSZqL0vEcI-niPKIMUGfw,UCl0ekS9Tt0jJGtOEM18S63w,1
UC6YSZqL0vEcI-niPKIMUGfw,UCiMythXHsw7eQEMykCdmMUA,1
UC6YSZqL0vEcI-niPKIMUGfw,UCljDbleJul41G1TzOjOZAVA,1
UC6YSZqL0vEcI-niPKIMUGfw,UCAlzM_N6xBlMYmM8EBzX86Q,1
UC6YSZqL0vEcI-niPKIMUGfw,UChZknRmJkeGeQk0-mQuhDOg,1
UC6YSZqL0vEcI-niPKIMUGfw,UCmvOgzmmXbjUthHy-WJ52hQ,1
UC6YSZqL0vEcI-niPKIMUGfw,UCNBnKqWf4d-rS4HwJRQljmQ,1
UC6YSZqL0vEcI-niPKIMUGfw,UCOh6DaZC_x9HASnlRylEMfw,1
UC6YSZqL0vEcI-niPKIMUGfw,UC-jS_kA9w-OmpupXDx156Rg,1
UC6YSZqL0vEcI-niPKIMUGfw,UCXgr7vXlRrsaskPdo097kGA,1
UCNBnKqWf4d-rS4HwJRQljmQ,UC9xr9QvIcDvoZNUX5f-jaZw,1
UCNBnKqWf4d-rS4HwJRQljmQ,UC-hfX8J5JPJ-dfuakzegMLA,1
UCNBnKqWf4d-rS4HwJRQljmQ,UCipetjeiWj4CZB6EbyYziZg,1
UCNBnKqWf4d-rS4HwJRQljmQ,UCiGRBf2RNF0WRKhRVT7zFoA,1
UCNBnKqWf4d-rS4HwJRQljmQ,UCYwpX26TrCxq8TvbKGRYLXA,1
UCNBnKqWf4d-rS4HwJRQljmQ,UCDPWkUX3sNNaCx-m1dV4glA,1
UCNBnKqWf4d-rS4HwJRQljmQ,UC3qn1yJA5PeW9rkGPatQxiw,1
UCNBnKqWf4d-rS4HwJRQljmQ,UCz3gu01bmjNv0DpRq-K3XYg,1
UCNBnKqWf4d-rS4HwJRQljmQ,UC8r11yOugM2NuRfitQOxLLg,1
UCNBnKqWf4d-rS4HwJRQljmQ,UCwha8rxULYMVtNwZWeSkE1A,1
UCNBnKqWf4d-rS4HwJRQljmQ,UCwO2SXr0ggzwg6QWWrr01nQ,1
UCNBnKqWf4d-rS4HwJRQljmQ,UCUIIIPTVDVHAXqhC_5V6lPA,1
UCNBnKqWf4d-rS4HwJRQljmQ,UCXXh7yg5KUFIWylTiKVEFKQ,1
UCNBnKqWf4d-rS4HwJRQljmQ,UCErZPJpHmLCsXs8ZWkAUupQ,1
UCNBnKqWf4d-rS4HwJRQljmQ,UCTwSut16JyAg3mX6LVUNGqA,1
UCNBnKqWf4d-rS4HwJRQljmQ,UCj-LL25XJnjxepPKCc3NGog,1
UCNBnKqWf4d-rS4HwJRQljmQ,UCYN4wSQ1Sx4_LurxLlW7MPg,1
UCNBnKqWf4d-rS4HwJRQljmQ,UCsSXdJct-nsS8DsABoEsaYA,1
UCNBnKqWf4d-rS4HwJRQljmQ,UCi1b_TRQfgO1Z9O2gNGGWNA,1
UCNBnKqWf4d-rS4HwJRQljmQ,UC7VUuJr9cGh845CmTvf7TlQ,1
UCNBnKqWf4d-rS4HwJRQljmQ,UCplrIQtaPj6au60_f2-mOYw,1
UCNBnKqWf4d-rS4HwJRQljmQ,UCSou6a2OuYGSvPjm5psquyA,1
UCNBnKqWf4d-rS4HwJRQljmQ,UCsJJAvrVGupdmhOqgtDp8dg,1
UCNBnKqWf4d-rS4HwJRQljmQ,UCFhxtoeARHPnXXPcDrOU3Xg,1
UCNBnKqWf4d-rS4HwJRQljmQ,UCGzXwyCzMzGmjmCbH3Hg01Q,1
UCNBnKqWf4d-rS4HwJRQljmQ,UC3E9mAgP7VoAE5mZoAexl5g,1
UCNBnKqWf4d-rS4HwJRQljmQ,UCB5p8a5gklc80jJItP6xTHg,1
UCNBnKqWf4d-rS4HwJRQljmQ,UCcfdg8crmMJwEuLUsAhV7yg,1
UCNBnKqWf4d-rS4HwJRQljmQ,UCQtICyzWmhC5woCtbNgaSmg,1
UCNBnKqWf4d-rS4HwJRQljmQ,UCfM3nrxtTQMY5jFx1v1J4Gg,1
UCNBnKqWf4d-rS4HwJRQljmQ,UCFoIAE8k82D6AV-8gjjKaNg,1
UCNBnKqWf4d-rS4HwJRQljmQ,UCkd9W714-947dEE6ZOEBATA,1
UCNBnKqWf4d-rS4HwJRQljmQ,UCA93ym2TXs_Ibyxb4Vcn-6Q,1
UCNBnKqWf4d-rS4HwJRQljmQ,UCFxE8GbokBrBsPEKM1xrOjQ,1
UCNBnKqWf4d-rS4HwJRQljmQ,UC8G5cJONY8L9voMyBW8Eoug,1
UCNBnKqWf4d-rS4HwJRQljmQ,UCTD6q1nyIe3Y7HhqjaMj72w,1
UCNBnKqWf4d-rS4HwJRQljmQ,UC72gBAtyb_VXQlYDcFrh6oQ,1
UCNBnKqWf4d-rS4HwJRQljmQ,UC2Y_EHWQKevubk4vOEBBFxw,1
UCNBnKqWf4d-rS4HwJRQljmQ,UCTP3O0rMnc8z8v8jaDQwL0w,1
UCNBnKqWf4d-rS4HwJRQljmQ,UCAmtbUiIrUIhikru0ZoTFig,1
UCNBnKqWf4d-rS4HwJRQljmQ,UCRlCV9zSn7avAWh-9_XFWqQ,1
UCNBnKqWf4d-rS4HwJRQljmQ,UCpl8rF8uv_8uui-QRvuJaRA,1
UCNBnKqWf4d-rS4HwJRQljmQ,UCsUCN0Yq_UyTvKjOJLmNrnQ,1
UCNBnKqWf4d-rS4HwJRQljmQ,UCjSKM9j0Q7HLDr1hD6D-TUw,1
UCNBnKqWf4d-rS4HwJRQljmQ,UChep9kVb5gQmpodEEl10Xlg,1
UCNBnKqWf4d-rS4HwJRQljmQ,UCDftMWXQoJ6nONfY7GVOVjg,1
UCNBnKqWf4d-rS4HwJRQljmQ,UCEgEQmRbtL5fwr9_DqAC--g,1
UCNBnKqWf4d-rS4HwJRQljmQ,UCDQaQv0hr2SS_PO-CMEwVHg,1
UCNBnKqWf4d-rS4HwJRQljmQ,UCtNfIBnc5S5DbbQj_yxgJTw,1
UCNBnKqWf4d-rS4HwJRQljmQ,UCvApqeCbLod-wejtT4CcVuA,1
UCNBnKqWf4d-rS4HwJRQljmQ,UCrJn_rbo_ENAdeqneS-RmRw,1
UCNBnKqWf4d-rS4HwJRQljmQ,UCTylKrsqkrBKIqubMu_5N0Q,1
UCNBnKqWf4d-rS4HwJRQljmQ,UCjmPuazZJzscrwvk0QR9RVw,1
UCNBnKqWf4d-rS4HwJRQljmQ,UCr1emrogPKkKTs_WTtx71xg,1
UCNBnKqWf4d-rS4HwJRQljmQ,UC4cXueR2bKGFJV0Fk76gwmA,1
UCNBnKqWf4d-rS4HwJRQljmQ,UCL1MT278vSaQ83ZDkVWn1gw,1
UCNBnKqWf4d-rS4HwJRQljmQ,UCRETAiYdh2dL5ZxB0_N1zDA,1
UCNBnKqWf4d-rS4HwJRQljmQ,UCtUR3_CAiE7fCoZHM6cMfyQ,1
UCNBnKqWf4d-rS4HwJRQljmQ,UCylqlpsh8ENNM1LqgQ1KbxA,1
UCNBnKqWf4d-rS4HwJRQljmQ,UC3NMzdMYryaw82kPTnsaljg,1
UCNBnKqWf4d-rS4HwJRQljmQ,UCsjs5Hp_r86x1xbK6FAeqaA,1
UCNBnKqWf4d-rS4HwJRQljmQ,UCp4iw5_5SmV9VGTFSNVGOmQ,1
UCNBnKqWf4d-rS4HwJRQljmQ,UCKDR0f2fu2UzWL8mBv5-BHw,1
UCNBnKqWf4d-rS4HwJRQljmQ,UCFUuDARXdmmIrLppEqf-rFg,1
UCNBnKqWf4d-rS4HwJRQljmQ,UC5bG9nc_JV3FsNP2KseQiYw,1
UCNBnKqWf4d-rS4HwJRQljmQ,UC1vr9aaMI2crB0NvwFHUeoQ,1
UCNBnKqWf4d-rS4HwJRQljmQ,UCLggDc_a5HriXv7I1h02sOA,1
UCNBnKqWf4d-rS4HwJRQljmQ,UCDUffaruH6dyUnUGwsTKpgg,1
UCNBnKqWf4d-rS4HwJRQljmQ,UCDlr1VadSucIZgZ171pRBjQ,1
UCNBnKqWf4d-rS4HwJRQljmQ,UCySYJU5kUh7X8gVt9la2ISA,1
UCNBnKqWf4d-rS4HwJRQljmQ,UCHTGCgY2l-DQJIvlA_cpa_Q,1
UCNBnKqWf4d-rS4HwJRQljmQ,UC2weSE8rpqkGMOp6StYtVfg,1
UCNBnKqWf4d-rS4HwJRQljmQ,UCpsKOkt5iWTbenzeuq7dsmQ,1
UCNBnKqWf4d-rS4HwJRQljmQ,UC650pRT-OYzny3GwOH8Cgfw,1
UCNBnKqWf4d-rS4HwJRQljmQ,UCl0ekS9Tt0jJGtOEM18S63w,1
UCNBnKqWf4d-rS4HwJRQljmQ,UCiMythXHsw7eQEMykCdmMUA,1
UCNBnKqWf4d-rS4HwJRQljmQ,UCljDbleJul41G1TzOjOZAVA,1
UCNBnKqWf4d-rS4HwJRQljmQ,UCAlzM_N6xBlMYmM8EBzX86Q,1
UCNBnKqWf4d-rS4HwJRQljmQ,UChZknRmJkeGeQk0-mQuhDOg,1
UCNBnKqWf4d-rS4HwJRQljmQ,UCmvOgzmmXbjUthHy-WJ52hQ,1
UCNBnKqWf4d-rS4HwJRQljmQ,UCOh6DaZC_x9HASnlRylEMfw,1
UCNBnKqWf4d-rS4HwJRQljmQ,UC-jS_kA9w-OmpupXDx156Rg,1
UCNBnKqWf4d-rS4HwJRQljmQ,UCXgr7vXlRrsaskPdo097kGA,1
UCO0zwwLWGyDgQmWPJ5Qrr1w,UCIXLDYqR_syskKRJy_x9W9Q,1
UCO0zwwLWGyDgQmWPJ5Qrr1w,UCfXykdbSU97rj987LDUGfvg,1
UCO0zwwLWGyDgQmWPJ5Qrr1w,UCLXYp1Cvc5DLtq5UQL5D9vw,1
UCO0zwwLWGyDgQmWPJ5Qrr1w,UCXN2s7DwTJm33xO-pNkAdaA,1
UCO0zwwLWGyDgQmWPJ5Qrr1w,UCq3mDTTRZnUybct5M9OSXbg,1
UCO0zwwLWGyDgQmWPJ5Qrr1w,UCfjhejO7LZy4doXURa7LZCQ,1
UCO0zwwLWGyDgQmWPJ5Qrr1w,UCwCfs-2zbD5k0lG-UVg_JBw,1
UCwjUvRseNtJoItylIyIez7Q,UCpe5jW3MIqkgTJ-PgkzvM6Q,1
UCwjUvRseNtJoItylIyIez7Q,UCDrmf9y9nLgFY5wnA2hTuGA,1
UCwjUvRseNtJoItylIyIez7Q,UC-fiZBS5Gp1eCJd9ucgWnCg,1
UCwjUvRseNtJoItylIyIez7Q,UCZeIIQrGAedW8tCbKWmGY-A,1
UCwjUvRseNtJoItylIyIez7Q,UCCBYcToQ2dwkd6TJh0FSyDg,1
UCwjUvRseNtJoItylIyIez7Q,UCQqlPPUGqAfWjd-FSh_qn7Q,1
UCwjUvRseNtJoItylIyIez7Q,UCUoYsrx1oZnCZ0usbBJn4fA,1
UCwjUvRseNtJoItylIyIez7Q,UC_LYoGs5C3mbZKZuKuqYCvw,1
UCwjUvRseNtJoItylIyIez7Q,UColMq7LmaoY3MT6aIDGrGvA,1
UCwjUvRseNtJoItylIyIez7Q,UCRvPToDkkumha7WJAfCDk1A,1
UCwjUvRseNtJoItylIyIez7Q,UCu8_3-Wg-YzNyvHYQDEscfw,1
UCwjUvRseNtJoItylIyIez7Q,UCylqlpsh8ENNM1LqgQ1KbxA,1
UCwjUvRseNtJoItylIyIez7Q,UC32oozucwCF3q8d4m8fyOUg,1
UCwjUvRseNtJoItylIyIez7Q,UCV0lM03g5fg5pbPj97-sAtA,1
UCwjUvRseNtJoItylIyIez7Q,UCW-JC6lebVmf2P1dmY_L94g,1
UCwjUvRseNtJoItylIyIez7Q,UCAKuKvcbfnBD3kF5njNu-IA,1
UCwjUvRseNtJoItylIyIez7Q,UC3UVO7pTbeYvZ3ILEyRDskQ,1
UCwjUvRseNtJoItylIyIez7Q,UC816IGbFCZinfYS1LRDaaHg,1
UCwjUvRseNtJoItylIyIez7Q,UC4Avya4kmR4Q0FrfFdBozSQ,1
UCwjUvRseNtJoItylIyIez7Q,UCgJNFj5dnxXpcMvmuhZDPxA,1
UCwjUvRseNtJoItylIyIez7Q,UC1DpqK6vaPEkBOMNvypsKYg,1
UCwjUvRseNtJoItylIyIez7Q,UCpsKOkt5iWTbenzeuq7dsmQ,1
UCwjUvRseNtJoItylIyIez7Q,UCWoAVGVqCn4xtINCMOTM4jg,1
UCwjUvRseNtJoItylIyIez7Q,UClqA491Xa5fQcXcJJa-vTWw,1
UCwjUvRseNtJoItylIyIez7Q,UCe8JZoYkX5oKUZyivHYdXhw,1
UCwjUvRseNtJoItylIyIez7Q,UClhMWQ7XKWywYvbRnuf8QsA,1
UCwjUvRseNtJoItylIyIez7Q,UC5hvEnRUzI4Kfvwnyi4QxqQ,1
UCwjUvRseNtJoItylIyIez7Q,UCGGHbtfbbe0o68etrOf0qxw,1
UCwjUvRseNtJoItylIyIez7Q,UC6Uj1FT5JjDSF8vudvDxPAA,1
UCwjUvRseNtJoItylIyIez7Q,UC7dadZG7kkGYnsNu6td0FbA,1
UCwjUvRseNtJoItylIyIez7Q,UCsGoJEvb-cFPZ2rWoJcXzEQ,1
UCwjUvRseNtJoItylIyIez7Q,UCuXmOjxC-htcprLgeVXz6Tg,1
UCwjUvRseNtJoItylIyIez7Q,UCHbwIx9pmQuf7i-4_xO2EpA,1
UCwjUvRseNtJoItylIyIez7Q,UCW80DaMjQlEUibC98Cot-Dg,1
UCTwSut16JyAg3mX6LVUNGqA,UC9xr9QvIcDvoZNUX5f-jaZw,1
UCTwSut16JyAg3mX6LVUNGqA,UC-hfX8J5JPJ-dfuakzegMLA,1
UCTwSut16JyAg3mX6LVUNGqA,UCipetjeiWj4CZB6EbyYziZg,1
UCTwSut16JyAg3mX6LVUNGqA,UCiGRBf2RNF0WRKhRVT7zFoA,1
UCTwSut16JyAg3mX6LVUNGqA,UCYwpX26TrCxq8TvbKGRYLXA,1
UCTwSut16JyAg3mX6LVUNGqA,UCDPWkUX3sNNaCx-m1dV4glA,1
UCTwSut16JyAg3mX6LVUNGqA,UC3qn1yJA5PeW9rkGPatQxiw,1
UCTwSut16JyAg3mX6LVUNGqA,UCz3gu01bmjNv0DpRq-K3XYg,1
UCTwSut16JyAg3mX6LVUNGqA,UC8r11yOugM2NuRfitQOxLLg,1
UCTwSut16JyAg3mX6LVUNGqA,UCwha8rxULYMVtNwZWeSkE1A,1
UCTwSut16JyAg3mX6LVUNGqA,UCwO2SXr0ggzwg6QWWrr01nQ,1
UCTwSut16JyAg3mX6LVUNGqA,UCUIIIPTVDVHAXqhC_5V6lPA,1
UCTwSut16JyAg3mX6LVUNGqA,UCXXh7yg5KUFIWylTiKVEFKQ,1
UCTwSut16JyAg3mX6LVUNGqA,UCErZPJpHmLCsXs8ZWkAUupQ,1
UCTwSut16JyAg3mX6LVUNGqA,UCj-LL25XJnjxepPKCc3NGog,1
UCTwSut16JyAg3mX6LVUNGqA,UCYN4wSQ1Sx4_LurxLlW7MPg,1
UCTwSut16JyAg3mX6LVUNGqA,UCsSXdJct-nsS8DsABoEsaYA,1
UCTwSut16JyAg3mX6LVUNGqA,UCi1b_TRQfgO1Z9O2gNGGWNA,1
UCTwSut16JyAg3mX6LVUNGqA,UC7VUuJr9cGh845CmTvf7TlQ,1
UCTwSut16JyAg3mX6LVUNGqA,UCplrIQtaPj6au60_f2-mOYw,1
UCTwSut16JyAg3mX6LVUNGqA,UCSou6a2OuYGSvPjm5psquyA,1
UCTwSut16JyAg3mX6LVUNGqA,UCsJJAvrVGupdmhOqgtDp8dg,1
UCTwSut16JyAg3mX6LVUNGqA,UCFhxtoeARHPnXXPcDrOU3Xg,1
UCTwSut16JyAg3mX6LVUNGqA,UCGzXwyCzMzGmjmCbH3Hg01Q,1
UCTwSut16JyAg3mX6LVUNGqA,UC3E9mAgP7VoAE5mZoAexl5g,1
UCTwSut16JyAg3mX6LVUNGqA,UCB5p8a5gklc80jJItP6xTHg,1
UCTwSut16JyAg3mX6LVUNGqA,UCcfdg8crmMJwEuLUsAhV7yg,1
UCTwSut16JyAg3mX6LVUNGqA,UCQtICyzWmhC5woCtbNgaSmg,1
UCTwSut16JyAg3mX6LVUNGqA,UCfM3nrxtTQMY5jFx1v1J4Gg,1
UCTwSut16JyAg3mX6LVUNGqA,UCFoIAE8k82D6AV-8gjjKaNg,1
UCTwSut16JyAg3mX6LVUNGqA,UCkd9W714-947dEE6ZOEBATA,1
UCTwSut16JyAg3mX6LVUNGqA,UCA93ym2TXs_Ibyxb4Vcn-6Q,1
UCTwSut16JyAg3mX6LVUNGqA,UCFxE8GbokBrBsPEKM1xrOjQ,1
UCTwSut16JyAg3mX6LVUNGqA,UC8G5cJONY8L9voMyBW8Eoug,1
UCTwSut16JyAg3mX6LVUNGqA,UCTD6q1nyIe3Y7HhqjaMj72w,1
UCTwSut16JyAg3mX6LVUNGqA,UC72gBAtyb_VXQlYDcFrh6oQ,1
UCTwSut16JyAg3mX6LVUNGqA,UC2Y_EHWQKevubk4vOEBBFxw,1
UCTwSut16JyAg3mX6LVUNGqA,UCTP3O0rMnc8z8v8jaDQwL0w,1
UCTwSut16JyAg3mX6LVUNGqA,UCAmtbUiIrUIhikru0ZoTFig,1
UCTwSut16JyAg3mX6LVUNGqA,UCRlCV9zSn7avAWh-9_XFWqQ,1
UCTwSut16JyAg3mX6LVUNGqA,UCpl8rF8uv_8uui-QRvuJaRA,1
UCTwSut16JyAg3mX6LVUNGqA,UCsUCN0Yq_UyTvKjOJLmNrnQ,1
UCTwSut16JyAg3mX6LVUNGqA,UCjSKM9j0Q7HLDr1hD6D-TUw,1
UCTwSut16JyAg3mX6LVUNGqA,UChep9kVb5gQmpodEEl10Xlg,1
UCTwSut16JyAg3mX6LVUNGqA,UCDftMWXQoJ6nONfY7GVOVjg,1
UCTwSut16JyAg3mX6LVUNGqA,UCEgEQmRbtL5fwr9_DqAC--g,1
UCTwSut16JyAg3mX6LVUNGqA,UCDQaQv0hr2SS_PO-CMEwVHg,1
UCTwSut16JyAg3mX6LVUNGqA,UCtNfIBnc5S5DbbQj_yxgJTw,1
UCTwSut16JyAg3mX6LVUNGqA,UCvApqeCbLod-wejtT4CcVuA,1
UCTwSut16JyAg3mX6LVUNGqA,UCrJn_rbo_ENAdeqneS-RmRw,1
UCTwSut16JyAg3mX6LVUNGqA,UCTylKrsqkrBKIqubMu_5N0Q,1
UCTwSut16JyAg3mX6LVUNGqA,UCjmPuazZJzscrwvk0QR9RVw,1
UCTwSut16JyAg3mX6LVUNGqA,UCr1emrogPKkKTs_WTtx71xg,1
UCTwSut16JyAg3mX6LVUNGqA,UC4cXueR2bKGFJV0Fk76gwmA,1
UCTwSut16JyAg3mX6LVUNGqA,UCL1MT278vSaQ83ZDkVWn1gw,1
UCTwSut16JyAg3mX6LVUNGqA,UCRETAiYdh2dL5ZxB0_N1zDA,1
UCTwSut16JyAg3mX6LVUNGqA,UCtUR3_CAiE7fCoZHM6cMfyQ,1
UCTwSut16JyAg3mX6LVUNGqA,UCylqlpsh8ENNM1LqgQ1KbxA,1
UCTwSut16JyAg3mX6LVUNGqA,UC3NMzdMYryaw82kPTnsaljg,1
UCTwSut16JyAg3mX6LVUNGqA,UCsjs5Hp_r86x1xbK6FAeqaA,1
UCTwSut16JyAg3mX6LVUNGqA,UCp4iw5_5SmV9VGTFSNVGOmQ,1
UCTwSut16JyAg3mX6LVUNGqA,UCKDR0f2fu2UzWL8mBv5-BHw,1
UCTwSut16JyAg3mX6LVUNGqA,UCFUuDARXdmmIrLppEqf-rFg,1
UCTwSut16JyAg3mX6LVUNGqA,UC5bG9nc_JV3FsNP2KseQiYw,1
UCTwSut16JyAg3mX6LVUNGqA,UC1vr9aaMI2crB0NvwFHUeoQ,1
UCTwSut16JyAg3mX6LVUNGqA,UCLggDc_a5HriXv7I1h02sOA,1
UCTwSut16JyAg3mX6LVUNGqA,UCDUffaruH6dyUnUGwsTKpgg,1
UCTwSut16JyAg3mX6LVUNGqA,UCDlr1VadSucIZgZ171pRBjQ,1
UCTwSut16JyAg3mX6LVUNGqA,UCySYJU5kUh7X8gVt9la2ISA,1
UCTwSut16JyAg3mX6LVUNGqA,UCHTGCgY2l-DQJIvlA_cpa_Q,1
UCTwSut16JyAg3mX6LVUNGqA,UC2weSE8rpqkGMOp6StYtVfg,1
UCTwSut16JyAg3mX6LVUNGqA,UCpsKOkt5iWTbenzeuq7dsmQ,1
UCTwSut16JyAg3mX6LVUNGqA,UC650pRT-OYzny3GwOH8Cgfw,1
UCTwSut16JyAg3mX6LVUNGqA,UCl0ekS9Tt0jJGtOEM18S63w,1
UCTwSut16JyAg3mX6LVUNGqA,UCiMythXHsw7eQEMykCdmMUA,1
UCTwSut16JyAg3mX6LVUNGqA,UCljDbleJul41G1TzOjOZAVA,1
UCTwSut16JyAg3mX6LVUNGqA,UCAlzM_N6xBlMYmM8EBzX86Q,1
UCTwSut16JyAg3mX6LVUNGqA,UChZknRmJkeGeQk0-mQuhDOg,1
UCTwSut16JyAg3mX6LVUNGqA,UCmvOgzmmXbjUthHy-WJ52hQ,1
UCTwSut16JyAg3mX6LVUNGqA,UCOh6DaZC_x9HASnlRylEMfw,1
UCTwSut16JyAg3mX6LVUNGqA,UC-jS_kA9w-OmpupXDx156Rg,1
UCTwSut16JyAg3mX6LVUNGqA,UCXgr7vXlRrsaskPdo097kGA,1
UCLggDc_a5HriXv7I1h02sOA,UC9xr9QvIcDvoZNUX5f-jaZw,1
UCLggDc_a5HriXv7I1h02sOA,UC-hfX8J5JPJ-dfuakzegMLA,1
UCLggDc_a5HriXv7I1h02sOA,UCipetjeiWj4CZB6EbyYziZg,1
UCLggDc_a5HriXv7I1h02sOA,UCiGRBf2RNF0WRKhRVT7zFoA,1
UCLggDc_a5HriXv7I1h02sOA,UCYwpX26TrCxq8TvbKGRYLXA,1
UCLggDc_a5HriXv7I1h02sOA,UCDPWkUX3sNNaCx-m1dV4glA,1
UCLggDc_a5HriXv7I1h02sOA,UC3qn1yJA5PeW9rkGPatQxiw,1
UCLggDc_a5HriXv7I1h02sOA,UCz3gu01bmjNv0DpRq-K3XYg,1
UCLggDc_a5HriXv7I1h02sOA,UC8r11yOugM2NuRfitQOxLLg,1
UCLggDc_a5HriXv7I1h02sOA,UCwha8rxULYMVtNwZWeSkE1A,1
UCLggDc_a5HriXv7I1h02sOA,UCwO2SXr0ggzwg6QWWrr01nQ,1
UCLggDc_a5HriXv7I1h02sOA,UCUIIIPTVDVHAXqhC_5V6lPA,1
UCLggDc_a5HriXv7I1h02sOA,UCXXh7yg5KUFIWylTiKVEFKQ,1
UCLggDc_a5HriXv7I1h02sOA,UCErZPJpHmLCsXs8ZWkAUupQ,1
UCLggDc_a5HriXv7I1h02sOA,UCj-LL25XJnjxepPKCc3NGog,1
UCLggDc_a5HriXv7I1h02sOA,UCYN4wSQ1Sx4_LurxLlW7MPg,1
UCLggDc_a5HriXv7I1h02sOA,UCsSXdJct-nsS8DsABoEsaYA,1
UCLggDc_a5HriXv7I1h02sOA,UCi1b_TRQfgO1Z9O2gNGGWNA,1
UCLggDc_a5HriXv7I1h02sOA,UC7VUuJr9cGh845CmTvf7TlQ,1
UCLggDc_a5HriXv7I1h02sOA,UCplrIQtaPj6au60_f2-mOYw,1
UCLggDc_a5HriXv7I1h02sOA,UCSou6a2OuYGSvPjm5psquyA,1
UCLggDc_a5HriXv7I1h02sOA,UCsJJAvrVGupdmhOqgtDp8dg,1
UCLggDc_a5HriXv7I1h02sOA,UCFhxtoeARHPnXXPcDrOU3Xg,1
UCLggDc_a5HriXv7I1h02sOA,UCGzXwyCzMzGmjmCbH3Hg01Q,1
UCLggDc_a5HriXv7I1h02sOA,UC3E9mAgP7VoAE5mZoAexl5g,1
UCLggDc_a5HriXv7I1h02sOA,UCB5p8a5gklc80jJItP6xTHg,1
UCLggDc_a5HriXv7I1h02sOA,UCcfdg8crmMJwEuLUsAhV7yg,1
UCLggDc_a5HriXv7I1h02sOA,UCQtICyzWmhC5woCtbNgaSmg,1
UCLggDc_a5HriXv7I1h02sOA,UCfM3nrxtTQMY5jFx1v1J4Gg,1
UCLggDc_a5HriXv7I1h02sOA,UCFoIAE8k82D6AV-8gjjKaNg,1
UCLggDc_a5HriXv7I1h02sOA,UCkd9W714-947dEE6ZOEBATA,1
UCLggDc_a5HriXv7I1h02sOA,UCA93ym2TXs_Ibyxb4Vcn-6Q,1
UCLggDc_a5HriXv7I1h02sOA,UCFxE8GbokBrBsPEKM1xrOjQ,1
UCLggDc_a5HriXv7I1h02sOA,UC8G5cJONY8L9voMyBW8Eoug,1
UCLggDc_a5HriXv7I1h02sOA,UCTD6q1nyIe3Y7HhqjaMj72w,1
UCLggDc_a5HriXv7I1h02sOA,UC72gBAtyb_VXQlYDcFrh6oQ,1
UCLggDc_a5HriXv7I1h02sOA,UC2Y_EHWQKevubk4vOEBBFxw,1
UCLggDc_a5HriXv7I1h02sOA,UCTP3O0rMnc8z8v8jaDQwL0w,1
UCLggDc_a5HriXv7I1h02sOA,UCAmtbUiIrUIhikru0ZoTFig,1
UCLggDc_a5HriXv7I1h02sOA,UCRlCV9zSn7avAWh-9_XFWqQ,1
UCLggDc_a5HriXv7I1h02sOA,UCpl8rF8uv_8uui-QRvuJaRA,1
UCLggDc_a5HriXv7I1h02sOA,UCsUCN0Yq_UyTvKjOJLmNrnQ,1
UCLggDc_a5HriXv7I1h02sOA,UCjSKM9j0Q7HLDr1hD6D-TUw,1
UCLggDc_a5HriXv7I1h02sOA,UChep9kVb5gQmpodEEl10Xlg,1
UCLggDc_a5HriXv7I1h02sOA,UCDftMWXQoJ6nONfY7GVOVjg,1
UCLggDc_a5HriXv7I1h02sOA,UCEgEQmRbtL5fwr9_DqAC--g,1
UCLggDc_a5HriXv7I1h02sOA,UCDQaQv0hr2SS_PO-CMEwVHg,1
UCLggDc_a5HriXv7I1h02sOA,UCtNfIBnc5S5DbbQj_yxgJTw,1
UCLggDc_a5HriXv7I1h02sOA,UCvApqeCbLod-wejtT4CcVuA,1
UCLggDc_a5HriXv7I1h02sOA,UCrJn_rbo_ENAdeqneS-RmRw,1
UCLggDc_a5HriXv7I1h02sOA,UCTylKrsqkrBKIqubMu_5N0Q,1
UCLggDc_a5HriXv7I1h02sOA,UCjmPuazZJzscrwvk0QR9RVw,1
UCLggDc_a5HriXv7I1h02sOA,UCr1emrogPKkKTs_WTtx71xg,1
UCLggDc_a5HriXv7I1h02sOA,UC4cXueR2bKGFJV0Fk76gwmA,1
UCLggDc_a5HriXv7I1h02sOA,UCL1MT278vSaQ83ZDkVWn1gw,1
UCLggDc_a5HriXv7I1h02sOA,UCRETAiYdh2dL5ZxB0_N1zDA,1
UCLggDc_a5HriXv7I1h02sOA,UCtUR3_CAiE7fCoZHM6cMfyQ,1
UCLggDc_a5HriXv7I1h02sOA,UCylqlpsh8ENNM1LqgQ1KbxA,1
UCLggDc_a5HriXv7I1h02sOA,UC3NMzdMYryaw82kPTnsaljg,1
UCLggDc_a5HriXv7I1h02sOA,UCsjs5Hp_r86x1xbK6FAeqaA,1
UCLggDc_a5HriXv7I1h02sOA,UCp4iw5_5SmV9VGTFSNVGOmQ,1
UCLggDc_a5HriXv7I1h02sOA,UCKDR0f2fu2UzWL8mBv5-BHw,1
UCLggDc_a5HriXv7I1h02sOA,UCFUuDARXdmmIrLppEqf-rFg,1
UCLggDc_a5HriXv7I1h02sOA,UC5bG9nc_JV3FsNP2KseQiYw,1
UCLggDc_a5HriXv7I1h02sOA,UC1vr9aaMI2crB0NvwFHUeoQ,1
UCLggDc_a5HriXv7I1h02sOA,UCDUffaruH6dyUnUGwsTKpgg,1
UCLggDc_a5HriXv7I1h02sOA,UCDlr1VadSucIZgZ171pRBjQ,1
UCLggDc_a5HriXv7I1h02sOA,UCySYJU5kUh7X8gVt9la2ISA,1
UCLggDc_a5HriXv7I1h02sOA,UCHTGCgY2l-DQJIvlA_cpa_Q,1
UCLggDc_a5HriXv7I1h02sOA,UC2weSE8rpqkGMOp6StYtVfg,1
UCLggDc_a5HriXv7I1h02sOA,UCpsKOkt5iWTbenzeuq7dsmQ,1
UCLggDc_a5HriXv7I1h02sOA,UC650pRT-OYzny3GwOH8Cgfw,1
UCLggDc_a5HriXv7I1h02sOA,UCl0ekS9Tt0jJGtOEM18S63w,1
UCLggDc_a5HriXv7I1h02sOA,UCiMythXHsw7eQEMykCdmMUA,1
UCLggDc_a5HriXv7I1h02sOA,UCljDbleJul41G1TzOjOZAVA,1
UCLggDc_a5HriXv7I1h02sOA,UCAlzM_N6xBlMYmM8EBzX86Q,1
UCLggDc_a5HriXv7I1h02sOA,UChZknRmJkeGeQk0-mQuhDOg,1
UCLggDc_a5HriXv7I1h02sOA,UCmvOgzmmXbjUthHy-WJ52hQ,1
UCLggDc_a5HriXv7I1h02sOA,UCOh6DaZC_x9HASnlRylEMfw,1
UCLggDc_a5HriXv7I1h02sOA,UC-jS_kA9w-OmpupXDx156Rg,1
UCLggDc_a5HriXv7I1h02sOA,UCXgr7vXlRrsaskPdo097kGA,1
UCwO2SXr0ggzwg6QWWrr01nQ,UC9xr9QvIcDvoZNUX5f-jaZw,1
UCwO2SXr0ggzwg6QWWrr01nQ,UC-hfX8J5JPJ-dfuakzegMLA,1
UCwO2SXr0ggzwg6QWWrr01nQ,UCipetjeiWj4CZB6EbyYziZg,1
UCwO2SXr0ggzwg6QWWrr01nQ,UCiGRBf2RNF0WRKhRVT7zFoA,1
UCwO2SXr0ggzwg6QWWrr01nQ,UCYwpX26TrCxq8TvbKGRYLXA,1
UCwO2SXr0ggzwg6QWWrr01nQ,UCDPWkUX3sNNaCx-m1dV4glA,1
UCwO2SXr0ggzwg6QWWrr01nQ,UC3qn1yJA5PeW9rkGPatQxiw,1
UCwO2SXr0ggzwg6QWWrr01nQ,UCz3gu01bmjNv0DpRq-K3XYg,1
UCwO2SXr0ggzwg6QWWrr01nQ,UC8r11yOugM2NuRfitQOxLLg,1
UCwO2SXr0ggzwg6QWWrr01nQ,UCwha8rxULYMVtNwZWeSkE1A,1
UCwO2SXr0ggzwg6QWWrr01nQ,UCUIIIPTVDVHAXqhC_5V6lPA,1
UCwO2SXr0ggzwg6QWWrr01nQ,UCXXh7yg5KUFIWylTiKVEFKQ,1
UCwO2SXr0ggzwg6QWWrr01nQ,UCErZPJpHmLCsXs8ZWkAUupQ,1
UCwO2SXr0ggzwg6QWWrr01nQ,UCj-LL25XJnjxepPKCc3NGog,1
UCwO2SXr0ggzwg6QWWrr01nQ,UCYN4wSQ1Sx4_LurxLlW7MPg,1
UCwO2SXr0ggzwg6QWWrr01nQ,UCsSXdJct-nsS8DsABoEsaYA,1
UCwO2SXr0ggzwg6QWWrr01nQ,UCi1b_TRQfgO1Z9O2gNGGWNA,1
UCwO2SXr0ggzwg6QWWrr01nQ,UC7VUuJr9cGh845CmTvf7TlQ,1
UCwO2SXr0ggzwg6QWWrr01nQ,UCplrIQtaPj6au60_f2-mOYw,1
UCwO2SXr0ggzwg6QWWrr01nQ,UCSou6a2OuYGSvPjm5psquyA,1
UCwO2SXr0ggzwg6QWWrr01nQ,UCsJJAvrVGupdmhOqgtDp8dg,1
UCwO2SXr0ggzwg6QWWrr01nQ,UCFhxtoeARHPnXXPcDrOU3Xg,1
UCwO2SXr0ggzwg6QWWrr01nQ,UCGzXwyCzMzGmjmCbH3Hg01Q,1
UCwO2SXr0ggzwg6QWWrr01nQ,UC3E9mAgP7VoAE5mZoAexl5g,1
UCwO2SXr0ggzwg6QWWrr01nQ,UCB5p8a5gklc80jJItP6xTHg,1
UCwO2SXr0ggzwg6QWWrr01nQ,UCcfdg8crmMJwEuLUsAhV7yg,1
UCwO2SXr0ggzwg6QWWrr01nQ,UCQtICyzWmhC5woCtbNgaSmg,1
UCwO2SXr0ggzwg6QWWrr01nQ,UCfM3nrxtTQMY5jFx1v1J4Gg,1
UCwO2SXr0ggzwg6QWWrr01nQ,UCFoIAE8k82D6AV-8gjjKaNg,1
UCwO2SXr0ggzwg6QWWrr01nQ,UCkd9W714-947dEE6ZOEBATA,1
UCwO2SXr0ggzwg6QWWrr01nQ,UCA93ym2TXs_Ibyxb4Vcn-6Q,1
UCwO2SXr0ggzwg6QWWrr01nQ,UCFxE8GbokBrBsPEKM1xrOjQ,1
UCwO2SXr0ggzwg6QWWrr01nQ,UC8G5cJONY8L9voMyBW8Eoug,1
UCwO2SXr0ggzwg6QWWrr01nQ,UCTD6q1nyIe3Y7HhqjaMj72w,1
UCwO2SXr0ggzwg6QWWrr01nQ,UC72gBAtyb_VXQlYDcFrh6oQ,1
UCwO2SXr0ggzwg6QWWrr01nQ,UC2Y_EHWQKevubk4vOEBBFxw,1
UCwO2SXr0ggzwg6QWWrr01nQ,UCTP3O0rMnc8z8v8jaDQwL0w,1
UCwO2SXr0ggzwg6QWWrr01nQ,UCAmtbUiIrUIhikru0ZoTFig,1
UCwO2SXr0ggzwg6QWWrr01nQ,UCRlCV9zSn7avAWh-9_XFWqQ,1
UCwO2SXr0ggzwg6QWWrr01nQ,UCpl8rF8uv_8uui-QRvuJaRA,1
UCwO2SXr0ggzwg6QWWrr01nQ,UCsUCN0Yq_UyTvKjOJLmNrnQ,1
UCwO2SXr0ggzwg6QWWrr01nQ,UCjSKM9j0Q7HLDr1hD6D-TUw,1
UCwO2SXr0ggzwg6QWWrr01nQ,UChep9kVb5gQmpodEEl10Xlg,1
UCwO2SXr0ggzwg6QWWrr01nQ,UCDftMWXQoJ6nONfY7GVOVjg,1
UCwO2SXr0ggzwg6QWWrr01nQ,UCEgEQmRbtL5fwr9_DqAC--g,1
UCwO2SXr0ggzwg6QWWrr01nQ,UCDQaQv0hr2SS_PO-CMEwVHg,1
UCwO2SXr0ggzwg6QWWrr01nQ,UCtNfIBnc5S5DbbQj_yxgJTw,1
UCwO2SXr0ggzwg6QWWrr01nQ,UCvApqeCbLod-wejtT4CcVuA,1
UCwO2SXr0ggzwg6QWWrr01nQ,UCrJn_rbo_ENAdeqneS-RmRw,1
UCwO2SXr0ggzwg6QWWrr01nQ,UCTylKrsqkrBKIqubMu_5N0Q,1
UCwO2SXr0ggzwg6QWWrr01nQ,UCjmPuazZJzscrwvk0QR9RVw,1
UCwO2SXr0ggzwg6QWWrr01nQ,UCr1emrogPKkKTs_WTtx71xg,1
UCwO2SXr0ggzwg6QWWrr01nQ,UC4cXueR2bKGFJV0Fk76gwmA,1
UCwO2SXr0ggzwg6QWWrr01nQ,UCL1MT278vSaQ83ZDkVWn1gw,1
UCwO2SXr0ggzwg6QWWrr01nQ,UCRETAiYdh2dL5ZxB0_N1zDA,1
UCwO2SXr0ggzwg6QWWrr01nQ,UCtUR3_CAiE7fCoZHM6cMfyQ,1
UCwO2SXr0ggzwg6QWWrr01nQ,UCylqlpsh8ENNM1LqgQ1KbxA,1
UCwO2SXr0ggzwg6QWWrr01nQ,UC3NMzdMYryaw82kPTnsaljg,1
UCwO2SXr0ggzwg6QWWrr01nQ,UCsjs5Hp_r86x1xbK6FAeqaA,1
UCwO2SXr0ggzwg6QWWrr01nQ,UCp4iw5_5SmV9VGTFSNVGOmQ,1
UCwO2SXr0ggzwg6QWWrr01nQ,UCKDR0f2fu2UzWL8mBv5-BHw,1
UCwO2SXr0ggzwg6QWWrr01nQ,UCFUuDARXdmmIrLppEqf-rFg,1
UCwO2SXr0ggzwg6QWWrr01nQ,UC5bG9nc_JV3FsNP2KseQiYw,1
UCwO2SXr0ggzwg6QWWrr01nQ,UC1vr9aaMI2crB0NvwFHUeoQ,1
UCwO2SXr0ggzwg6QWWrr01nQ,UCDUffaruH6dyUnUGwsTKpgg,1
UCwO2SXr0ggzwg6QWWrr01nQ,UCDlr1VadSucIZgZ171pRBjQ,1
UCwO2SXr0ggzwg6QWWrr01nQ,UCySYJU5kUh7X8gVt9la2ISA,1
UCwO2SXr0ggzwg6QWWrr01nQ,UCHTGCgY2l-DQJIvlA_cpa_Q,1
UCwO2SXr0ggzwg6QWWrr01nQ,UC2weSE8rpqkGMOp6StYtVfg,1
UCwO2SXr0ggzwg6QWWrr01nQ,UCpsKOkt5iWTbenzeuq7dsmQ,1
UCwO2SXr0ggzwg6QWWrr01nQ,UC650pRT-OYzny3GwOH8Cgfw,1
UCwO2SXr0ggzwg6QWWrr01nQ,UCl0ekS9Tt0jJGtOEM18S63w,1
UCwO2SXr0ggzwg6QWWrr01nQ,UCiMythXHsw7eQEMykCdmMUA,1
UCwO2SXr0ggzwg6QWWrr01nQ,UCljDbleJul41G1TzOjOZAVA,1
UCwO2SXr0ggzwg6QWWrr01nQ,UCAlzM_N6xBlMYmM8EBzX86Q,1
UCwO2SXr0ggzwg6QWWrr01nQ,UChZknRmJkeGeQk0-mQuhDOg,1
UCwO2SXr0ggzwg6QWWrr01nQ,UCmvOgzmmXbjUthHy-WJ52hQ,1
UCwO2SXr0ggzwg6QWWrr01nQ,UCOh6DaZC_x9HASnlRylEMfw,1
UCwO2SXr0ggzwg6QWWrr01nQ,UC-jS_kA9w-OmpupXDx156Rg,1
UCwO2SXr0ggzwg6QWWrr01nQ,UCXgr7vXlRrsaskPdo097kGA,1
UC816IGbFCZinfYS1LRDaaHg,UCpe5jW3MIqkgTJ-PgkzvM6Q,1
UC816IGbFCZinfYS1LRDaaHg,UCDrmf9y9nLgFY5wnA2hTuGA,1
UC816IGbFCZinfYS1LRDaaHg,UC-fiZBS5Gp1eCJd9ucgWnCg,1
UC816IGbFCZinfYS1LRDaaHg,UCZeIIQrGAedW8tCbKWmGY-A,1
UC816IGbFCZinfYS1LRDaaHg,UCCBYcToQ2dwkd6TJh0FSyDg,1
UC816IGbFCZinfYS1LRDaaHg,UCQqlPPUGqAfWjd-FSh_qn7Q,1
UC816IGbFCZinfYS1LRDaaHg,UCUoYsrx1oZnCZ0usbBJn4fA,1
UC816IGbFCZinfYS1LRDaaHg,UC_LYoGs5C3mbZKZuKuqYCvw,1
UC816IGbFCZinfYS1LRDaaHg,UColMq7LmaoY3MT6aIDGrGvA,1
UC816IGbFCZinfYS1LRDaaHg,UCRvPToDkkumha7WJAfCDk1A,1
UC816IGbFCZinfYS1LRDaaHg,UCu8_3-Wg-YzNyvHYQDEscfw,1
UC816IGbFCZinfYS1LRDaaHg,UCylqlpsh8ENNM1LqgQ1KbxA,1
UC816IGbFCZinfYS1LRDaaHg,UC32oozucwCF3q8d4m8fyOUg,1
UC816IGbFCZinfYS1LRDaaHg,UCV0lM03g5fg5pbPj97-sAtA,1
UC816IGbFCZinfYS1LRDaaHg,UCW-JC6lebVmf2P1dmY_L94g,1
UC816IGbFCZinfYS1LRDaaHg,UCAKuKvcbfnBD3kF5njNu-IA,1
UC816IGbFCZinfYS1LRDaaHg,UC3UVO7pTbeYvZ3ILEyRDskQ,1
UC816IGbFCZinfYS1LRDaaHg,UC4Avya4kmR4Q0FrfFdBozSQ,1
UC816IGbFCZinfYS1LRDaaHg,UCgJNFj5dnxXpcMvmuhZDPxA,1
UC816IGbFCZinfYS1LRDaaHg,UC1DpqK6vaPEkBOMNvypsKYg,1
UC816IGbFCZinfYS1LRDaaHg,UCpsKOkt5iWTbenzeuq7dsmQ,1
UC816IGbFCZinfYS1LRDaaHg,UCWoAVGVqCn4xtINCMOTM4jg,1
UC816IGbFCZinfYS1LRDaaHg,UClqA491Xa5fQcXcJJa-vTWw,1
UC816IGbFCZinfYS1LRDaaHg,UCe8JZoYkX5oKUZyivHYdXhw,1
UC816IGbFCZinfYS1LRDaaHg,UClhMWQ7XKWywYvbRnuf8QsA,1
UC816IGbFCZinfYS1LRDaaHg,UC5hvEnRUzI4Kfvwnyi4QxqQ,1
UC816IGbFCZinfYS1LRDaaHg,UCGGHbtfbbe0o68etrOf0qxw,1
UC816IGbFCZinfYS1LRDaaHg,UC6Uj1FT5JjDSF8vudvDxPAA,1
UC816IGbFCZinfYS1LRDaaHg,UC7dadZG7kkGYnsNu6td0FbA,1
UC816IGbFCZinfYS1LRDaaHg,UCsGoJEvb-cFPZ2rWoJcXzEQ,1
UC816IGbFCZinfYS1LRDaaHg,UCuXmOjxC-htcprLgeVXz6Tg,1
UC816IGbFCZinfYS1LRDaaHg,UCHbwIx9pmQuf7i-4_xO2EpA,1
UC816IGbFCZinfYS1LRDaaHg,UCW80DaMjQlEUibC98Cot-Dg,1
UC3qn1yJA5PeW9rkGPatQxiw,UC9xr9QvIcDvoZNUX5f-jaZw,1
UC3qn1yJA5PeW9rkGPatQxiw,UC-hfX8J5JPJ-dfuakzegMLA,1
UC3qn1yJA5PeW9rkGPatQxiw,UCipetjeiWj4CZB6EbyYziZg,1
UC3qn1yJA5PeW9rkGPatQxiw,UCiGRBf2RNF0WRKhRVT7zFoA,1
UC3qn1yJA5PeW9rkGPatQxiw,UCYwpX26TrCxq8TvbKGRYLXA,1
UC3qn1yJA5PeW9rkGPatQxiw,UCDPWkUX3sNNaCx-m1dV4glA,1
UC3qn1yJA5PeW9rkGPatQxiw,UCz3gu01bmjNv0DpRq-K3XYg,1
UC3qn1yJA5PeW9rkGPatQxiw,UC8r11yOugM2NuRfitQOxLLg,1
UC3qn1yJA5PeW9rkGPatQxiw,UCwha8rxULYMVtNwZWeSkE1A,1
UC3qn1yJA5PeW9rkGPatQxiw,UCUIIIPTVDVHAXqhC_5V6lPA,1
UC3qn1yJA5PeW9rkGPatQxiw,UCXXh7yg5KUFIWylTiKVEFKQ,1
UC3qn1yJA5PeW9rkGPatQxiw,UCErZPJpHmLCsXs8ZWkAUupQ,1
UC3qn1yJA5PeW9rkGPatQxiw,UCj-LL25XJnjxepPKCc3NGog,1
UC3qn1yJA5PeW9rkGPatQxiw,UCYN4wSQ1Sx4_LurxLlW7MPg,1
UC3qn1yJA5PeW9rkGPatQxiw,UCsSXdJct-nsS8DsABoEsaYA,1
UC3qn1yJA5PeW9rkGPatQxiw,UCi1b_TRQfgO1Z9O2gNGGWNA,1
UC3qn1yJA5PeW9rkGPatQxiw,UC7VUuJr9cGh845CmTvf7TlQ,1
UC3qn1yJA5PeW9rkGPatQxiw,UCplrIQtaPj6au60_f2-mOYw,1
UC3qn1yJA5PeW9rkGPatQxiw,UCSou6a2OuYGSvPjm5psquyA,1
UC3qn1yJA5PeW9rkGPatQxiw,UCsJJAvrVGupdmhOqgtDp8dg,1
UC3qn1yJA5PeW9rkGPatQxiw,UCFhxtoeARHPnXXPcDrOU3Xg,1
UC3qn1yJA5PeW9rkGPatQxiw,UCGzXwyCzMzGmjmCbH3Hg01Q,1
UC3qn1yJA5PeW9rkGPatQxiw,UC3E9mAgP7VoAE5mZoAexl5g,1
UC3qn1yJA5PeW9rkGPatQxiw,UCB5p8a5gklc80jJItP6xTHg,1
UC3qn1yJA5PeW9rkGPatQxiw,UCcfdg8crmMJwEuLUsAhV7yg,1
UC3qn1yJA5PeW9rkGPatQxiw,UCQtICyzWmhC5woCtbNgaSmg,1
UC3qn1yJA5PeW9rkGPatQxiw,UCfM3nrxtTQMY5jFx1v1J4Gg,1
UC3qn1yJA5PeW9rkGPatQxiw,UCFoIAE8k82D6AV-8gjjKaNg,1
UC3qn1yJA5PeW9rkGPatQxiw,UCkd9W714-947dEE6ZOEBATA,1
UC3qn1yJA5PeW9rkGPatQxiw,UCA93ym2TXs_Ibyxb4Vcn-6Q,1
UC3qn1yJA5PeW9rkGPatQxiw,UCFxE8GbokBrBsPEKM1xrOjQ,1
UC3qn1yJA5PeW9rkGPatQxiw,UC8G5cJONY8L9voMyBW8Eoug,1
UC3qn1yJA5PeW9rkGPatQxiw,UCTD6q1nyIe3Y7HhqjaMj72w,1
UC3qn1yJA5PeW9rkGPatQxiw,UC72gBAtyb_VXQlYDcFrh6oQ,1
UC3qn1yJA5PeW9rkGPatQxiw,UC2Y_EHWQKevubk4vOEBBFxw,1
UC3qn1yJA5PeW9rkGPatQxiw,UCTP3O0rMnc8z8v8jaDQwL0w,1
UC3qn1yJA5PeW9rkGPatQxiw,UCAmtbUiIrUIhikru0ZoTFig,1
UC3qn1yJA5PeW9rkGPatQxiw,UCRlCV9zSn7avAWh-9_XFWqQ,1
UC3qn1yJA5PeW9rkGPatQxiw,UCpl8rF8uv_8uui-QRvuJaRA,1
UC3qn1yJA5PeW9rkGPatQxiw,UCsUCN0Yq_UyTvKjOJLmNrnQ,1
UC3qn1yJA5PeW9rkGPatQxiw,UCjSKM9j0Q7HLDr1hD6D-TUw,1
UC3qn1yJA5PeW9rkGPatQxiw,UChep9kVb5gQmpodEEl10Xlg,1
UC3qn1yJA5PeW9rkGPatQxiw,UCDftMWXQoJ6nONfY7GVOVjg,1
UC3qn1yJA5PeW9rkGPatQxiw,UCEgEQmRbtL5fwr9_DqAC--g,1
UC3qn1yJA5PeW9rkGPatQxiw,UCDQaQv0hr2SS_PO-CMEwVHg,1
UC3qn1yJA5PeW9rkGPatQxiw,UCtNfIBnc5S5DbbQj_yxgJTw,1
UC3qn1yJA5PeW9rkGPatQxiw,UCvApqeCbLod-wejtT4CcVuA,1
UC3qn1yJA5PeW9rkGPatQxiw,UCrJn_rbo_ENAdeqneS-RmRw,1
UC3qn1yJA5PeW9rkGPatQxiw,UCTylKrsqkrBKIqubMu_5N0Q,1
UC3qn1yJA5PeW9rkGPatQxiw,UCjmPuazZJzscrwvk0QR9RVw,1
UC3qn1yJA5PeW9rkGPatQxiw,UCr1emrogPKkKTs_WTtx71xg,1
UC3qn1yJA5PeW9rkGPatQxiw,UC4cXueR2bKGFJV0Fk76gwmA,1
UC3qn1yJA5PeW9rkGPatQxiw,UCL1MT278vSaQ83ZDkVWn1gw,1
UC3qn1yJA5PeW9rkGPatQxiw,UCRETAiYdh2dL5ZxB0_N1zDA,1
UC3qn1yJA5PeW9rkGPatQxiw,UCtUR3_CAiE7fCoZHM6cMfyQ,1
UC3qn1yJA5PeW9rkGPatQxiw,UCylqlpsh8ENNM1LqgQ1KbxA,1
UC3qn1yJA5PeW9rkGPatQxiw,UC3NMzdMYryaw82kPTnsaljg,1
UC3qn1yJA5PeW9rkGPatQxiw,UCsjs5Hp_r86x1xbK6FAeqaA,1
UC3qn1yJA5PeW9rkGPatQxiw,UCp4iw5_5SmV9VGTFSNVGOmQ,1
UC3qn1yJA5PeW9rkGPatQxiw,UCKDR0f2fu2UzWL8mBv5-BHw,1
UC3qn1yJA5PeW9rkGPatQxiw,UCFUuDARXdmmIrLppEqf-rFg,1
UC3qn1yJA5PeW9rkGPatQxiw,UC5bG9nc_JV3FsNP2KseQiYw,1
UC3qn1yJA5PeW9rkGPatQxiw,UC1vr9aaMI2crB0NvwFHUeoQ,1
UC3qn1yJA5PeW9rkGPatQxiw,UCDUffaruH6dyUnUGwsTKpgg,1
UC3qn1yJA5PeW9rkGPatQxiw,UCDlr1VadSucIZgZ171pRBjQ,1
UC3qn1yJA5PeW9rkGPatQxiw,UCySYJU5kUh7X8gVt9la2ISA,1
UC3qn1yJA5PeW9rkGPatQxiw,UCHTGCgY2l-DQJIvlA_cpa_Q,1
UC3qn1yJA5PeW9rkGPatQxiw,UC2weSE8rpqkGMOp6StYtVfg,1
UC3qn1yJA5PeW9rkGPatQxiw,UCpsKOkt5iWTbenzeuq7dsmQ,1
UC3qn1yJA5PeW9rkGPatQxiw,UC650pRT-OYzny3GwOH8Cgfw,1
UC3qn1yJA5PeW9rkGPatQxiw,UCl0ekS9Tt0jJGtOEM18S63w,1
UC3qn1yJA5PeW9rkGPatQxiw,UCiMythXHsw7eQEMykCdmMUA,1
UC3qn1yJA5PeW9rkGPatQxiw,UCljDbleJul41G1TzOjOZAVA,1
UC3qn1yJA5PeW9rkGPatQxiw,UCAlzM_N6xBlMYmM8EBzX86Q,1
UC3qn1yJA5PeW9rkGPatQxiw,UChZknRmJkeGeQk0-mQuhDOg,1
UC3qn1yJA5PeW9rkGPatQxiw,UCmvOgzmmXbjUthHy-WJ52hQ,1
UC3qn1yJA5PeW9rkGPatQxiw,UCOh6DaZC_x9HASnlRylEMfw,1
UC3qn1yJA5PeW9rkGPatQxiw,UC-jS_kA9w-OmpupXDx156Rg,1
UC3qn1yJA5PeW9rkGPatQxiw,UCXgr7vXlRrsaskPdo097kGA,1
UCaT4saRcyqCLE657Rq2hhZQ,UCql1n3Ey6ULMSOACjMe-fxQ,1
UCaT4saRcyqCLE657Rq2hhZQ,UC-HeUTT6_g-VoiWds2a4H-w,1
UCaT4saRcyqCLE657Rq2hhZQ,UCtsxPYw8VUsH_FfnKg-0lmw,1
UCaT4saRcyqCLE657Rq2hhZQ,UCvDwJBBY1mHK70aTEYl6rsA,1
UCaT4saRcyqCLE657Rq2hhZQ,UCfo_yUPzy1f1POwwZxhZ06Q,1
UCaT4saRcyqCLE657Rq2hhZQ,UCRfkkatKrNtAARnXMMYBGlA,1
UCaT4saRcyqCLE657Rq2hhZQ,UCyJhqmMbsvjpoarBBStA2kg,1
UCaT4saRcyqCLE657Rq2hhZQ,UCa36MjQLoPAmgJo-R3G8WQA,1
UCaT4saRcyqCLE657Rq2hhZQ,UCZFQwqh90apuL8eFhvRBkUg,1
UCaT4saRcyqCLE657Rq2hhZQ,UCEHXl4VvvVpq-_4xC5tsbhg,1
UCaT4saRcyqCLE657Rq2hhZQ,UCtCtts20bW6F9CSohau51Iw,1
UCaT4saRcyqCLE657Rq2hhZQ,UC1NiEdJ7gk6FlDexIalWnGg,1
UCaT4saRcyqCLE657Rq2hhZQ,UC3YpzAr7pcdKC7BVFEpYzog,1
UCaT4saRcyqCLE657Rq2hhZQ,UC63tFvbQ_hJhGDi2nbjssjw,1
UCaT4saRcyqCLE657Rq2hhZQ,UC14qlobYKqD-DO0j6b75lcA,1
UCaT4saRcyqCLE657Rq2hhZQ,UC0HvfEWozTHbwl_iEmJNvVA,1
UCaT4saRcyqCLE657Rq2hhZQ,UC-Iul5tDYH_oiAMXQH-KaaQ,1
UCaT4saRcyqCLE657Rq2hhZQ,UCgGqw4aqMdMVSGkKiMgrJRQ,1
UCaT4saRcyqCLE657Rq2hhZQ,UCzZ6dDCEsLMXbc5pCFXIprw,1
UCaT4saRcyqCLE657Rq2hhZQ,UChyps3dqY-VY1_wLeq-2lhw,1
UCaT4saRcyqCLE657Rq2hhZQ,UCeQk-WfEA-cJRq4EKeE7TOw,1
UCc_F88PzGWtA1OPNUEASulA,UCTTILH6QCIxbTnEWxwRqs1g,1
UCc_F88PzGWtA1OPNUEASulA,UCOY3XpD9qMCRSA8AA8c4CAw,1
UCc_F88PzGWtA1OPNUEASulA,UCcFIBN-rtC3d3hXeuN5TfWw,1
UCc_F88PzGWtA1OPNUEASulA,UCXO1BBohNWXkK9SBDAG2ySg,1
UCc_F88PzGWtA1OPNUEASulA,UCxcoDvP-g2_KTZDmVZtvb3w,1
UCc_F88PzGWtA1OPNUEASulA,UCefAH1MbvADWUjE9WVcB9EQ,1
UCc_F88PzGWtA1OPNUEASulA,UCwEe1RKlEv1UpNWmWYfSh4w,1
UCc_F88PzGWtA1OPNUEASulA,UCbrtvygfRT6QXqWDNrOf-cA,1
UCc_F88PzGWtA1OPNUEASulA,UChT7pzGytNd92Nmvi-zuWog,1
UCc_F88PzGWtA1OPNUEASulA,UCdQAuWwyC99MB7Y02Umj26Q,1
UCc_F88PzGWtA1OPNUEASulA,UCCUmP4PlbwgikVFpYwbtRTg,1
UCErZPJpHmLCsXs8ZWkAUupQ,UC9xr9QvIcDvoZNUX5f-jaZw,1
UCErZPJpHmLCsXs8ZWkAUupQ,UC-hfX8J5JPJ-dfuakzegMLA,1
UCErZPJpHmLCsXs8ZWkAUupQ,UCipetjeiWj4CZB6EbyYziZg,1
UCErZPJpHmLCsXs8ZWkAUupQ,UCiGRBf2RNF0WRKhRVT7zFoA,1
UCErZPJpHmLCsXs8ZWkAUupQ,UCYwpX26TrCxq8TvbKGRYLXA,1
UCErZPJpHmLCsXs8ZWkAUupQ,UCDPWkUX3sNNaCx-m1dV4glA,1
UCErZPJpHmLCsXs8ZWkAUupQ,UCz3gu01bmjNv0DpRq-K3XYg,1
UCErZPJpHmLCsXs8ZWkAUupQ,UC8r11yOugM2NuRfitQOxLLg,1
UCErZPJpHmLCsXs8ZWkAUupQ,UCwha8rxULYMVtNwZWeSkE1A,1
UCErZPJpHmLCsXs8ZWkAUupQ,UCUIIIPTVDVHAXqhC_5V6lPA,1
UCErZPJpHmLCsXs8ZWkAUupQ,UCXXh7yg5KUFIWylTiKVEFKQ,1
UCErZPJpHmLCsXs8ZWkAUupQ,UCj-LL25XJnjxepPKCc3NGog,1
UCErZPJpHmLCsXs8ZWkAUupQ,UCYN4wSQ1Sx4_LurxLlW7MPg,1
UCErZPJpHmLCsXs8ZWkAUupQ,UCsSXdJct-nsS8DsABoEsaYA,1
UCErZPJpHmLCsXs8ZWkAUupQ,UCi1b_TRQfgO1Z9O2gNGGWNA,1
UCErZPJpHmLCsXs8ZWkAUupQ,UC7VUuJr9cGh845CmTvf7TlQ,1
UCErZPJpHmLCsXs8ZWkAUupQ,UCplrIQtaPj6au60_f2-mOYw,1
UCErZPJpHmLCsXs8ZWkAUupQ,UCSou6a2OuYGSvPjm5psquyA,1
UCErZPJpHmLCsXs8ZWkAUupQ,UCsJJAvrVGupdmhOqgtDp8dg,1
UCErZPJpHmLCsXs8ZWkAUupQ,UCFhxtoeARHPnXXPcDrOU3Xg,1
UCErZPJpHmLCsXs8ZWkAUupQ,UCGzXwyCzMzGmjmCbH3Hg01Q,1
UCErZPJpHmLCsXs8ZWkAUupQ,UC3E9mAgP7VoAE5mZoAexl5g,1
UCErZPJpHmLCsXs8ZWkAUupQ,UCB5p8a5gklc80jJItP6xTHg,1
UCErZPJpHmLCsXs8ZWkAUupQ,UCcfdg8crmMJwEuLUsAhV7yg,1
UCErZPJpHmLCsXs8ZWkAUupQ,UCQtICyzWmhC5woCtbNgaSmg,1
UCErZPJpHmLCsXs8ZWkAUupQ,UCfM3nrxtTQMY5jFx1v1J4Gg,1
UCErZPJpHmLCsXs8ZWkAUupQ,UCFoIAE8k82D6AV-8gjjKaNg,1
UCErZPJpHmLCsXs8ZWkAUupQ,UCkd9W714-947dEE6ZOEBATA,1
UCErZPJpHmLCsXs8ZWkAUupQ,UCA93ym2TXs_Ibyxb4Vcn-6Q,1
UCErZPJpHmLCsXs8ZWkAUupQ,UCFxE8GbokBrBsPEKM1xrOjQ,1
UCErZPJpHmLCsXs8ZWkAUupQ,UC8G5cJONY8L9voMyBW8Eoug,1
UCErZPJpHmLCsXs8ZWkAUupQ,UCTD6q1nyIe3Y7HhqjaMj72w,1
UCErZPJpHmLCsXs8ZWkAUupQ,UC72gBAtyb_VXQlYDcFrh6oQ,1
UCErZPJpHmLCsXs8ZWkAUupQ,UC2Y_EHWQKevubk4vOEBBFxw,1
UCErZPJpHmLCsXs8ZWkAUupQ,UCTP3O0rMnc8z8v8jaDQwL0w,1
UCErZPJpHmLCsXs8ZWkAUupQ,UCAmtbUiIrUIhikru0ZoTFig,1
UCErZPJpHmLCsXs8ZWkAUupQ,UCRlCV9zSn7avAWh-9_XFWqQ,1
UCErZPJpHmLCsXs8ZWkAUupQ,UCpl8rF8uv_8uui-QRvuJaRA,1
UCErZPJpHmLCsXs8ZWkAUupQ,UCsUCN0Yq_UyTvKjOJLmNrnQ,1
UCErZPJpHmLCsXs8ZWkAUupQ,UCjSKM9j0Q7HLDr1hD6D-TUw,1
UCErZPJpHmLCsXs8ZWkAUupQ,UChep9kVb5gQmpodEEl10Xlg,1
UCErZPJpHmLCsXs8ZWkAUupQ,UCDftMWXQoJ6nONfY7GVOVjg,1
UCErZPJpHmLCsXs8ZWkAUupQ,UCEgEQmRbtL5fwr9_DqAC--g,1
UCErZPJpHmLCsXs8ZWkAUupQ,UCDQaQv0hr2SS_PO-CMEwVHg,1
UCErZPJpHmLCsXs8ZWkAUupQ,UCtNfIBnc5S5DbbQj_yxgJTw,1
UCErZPJpHmLCsXs8ZWkAUupQ,UCvApqeCbLod-wejtT4CcVuA,1
UCErZPJpHmLCsXs8ZWkAUupQ,UCrJn_rbo_ENAdeqneS-RmRw,1
UCErZPJpHmLCsXs8ZWkAUupQ,UCTylKrsqkrBKIqubMu_5N0Q,1
UCErZPJpHmLCsXs8ZWkAUupQ,UCjmPuazZJzscrwvk0QR9RVw,1
UCErZPJpHmLCsXs8ZWkAUupQ,UCr1emrogPKkKTs_WTtx71xg,1
UCErZPJpHmLCsXs8ZWkAUupQ,UC4cXueR2bKGFJV0Fk76gwmA,1
UCErZPJpHmLCsXs8ZWkAUupQ,UCL1MT278vSaQ83ZDkVWn1gw,1
UCErZPJpHmLCsXs8ZWkAUupQ,UCRETAiYdh2dL5ZxB0_N1zDA,1
UCErZPJpHmLCsXs8ZWkAUupQ,UCtUR3_CAiE7fCoZHM6cMfyQ,1
UCErZPJpHmLCsXs8ZWkAUupQ,UCylqlpsh8ENNM1LqgQ1KbxA,1
UCErZPJpHmLCsXs8ZWkAUupQ,UC3NMzdMYryaw82kPTnsaljg,1
UCErZPJpHmLCsXs8ZWkAUupQ,UCsjs5Hp_r86x1xbK6FAeqaA,1
UCErZPJpHmLCsXs8ZWkAUupQ,UCp4iw5_5SmV9VGTFSNVGOmQ,1
UCErZPJpHmLCsXs8ZWkAUupQ,UCKDR0f2fu2UzWL8mBv5-BHw,1
UCErZPJpHmLCsXs8ZWkAUupQ,UCFUuDARXdmmIrLppEqf-rFg,1
UCErZPJpHmLCsXs8ZWkAUupQ,UC5bG9nc_JV3FsNP2KseQiYw,1
UCErZPJpHmLCsXs8ZWkAUupQ,UC1vr9aaMI2crB0NvwFHUeoQ,1
UCErZPJpHmLCsXs8ZWkAUupQ,UCDUffaruH6dyUnUGwsTKpgg,1
UCErZPJpHmLCsXs8ZWkAUupQ,UCDlr1VadSucIZgZ171pRBjQ,1
UCErZPJpHmLCsXs8ZWkAUupQ,UCySYJU5kUh7X8gVt9la2ISA,1
UCErZPJpHmLCsXs8ZWkAUupQ,UCHTGCgY2l-DQJIvlA_cpa_Q,1
UCErZPJpHmLCsXs8ZWkAUupQ,UC2weSE8rpqkGMOp6StYtVfg,1
UCErZPJpHmLCsXs8ZWkAUupQ,UCpsKOkt5iWTbenzeuq7dsmQ,1
UCErZPJpHmLCsXs8ZWkAUupQ,UC650pRT-OYzny3GwOH8Cgfw,1
UCErZPJpHmLCsXs8ZWkAUupQ,UCl0ekS9Tt0jJGtOEM18S63w,1
UCErZPJpHmLCsXs8ZWkAUupQ,UCiMythXHsw7eQEMykCdmMUA,1
UCErZPJpHmLCsXs8ZWkAUupQ,UCljDbleJul41G1TzOjOZAVA,1
UCErZPJpHmLCsXs8ZWkAUupQ,UCAlzM_N6xBlMYmM8EBzX86Q,1
UCErZPJpHmLCsXs8ZWkAUupQ,UChZknRmJkeGeQk0-mQuhDOg,1
UCErZPJpHmLCsXs8ZWkAUupQ,UCmvOgzmmXbjUthHy-WJ52hQ,1
UCErZPJpHmLCsXs8ZWkAUupQ,UCOh6DaZC_x9HASnlRylEMfw,1
UCErZPJpHmLCsXs8ZWkAUupQ,UC-jS_kA9w-OmpupXDx156Rg,1
UCErZPJpHmLCsXs8ZWkAUupQ,UCXgr7vXlRrsaskPdo097kGA,1
UCFOxCyF926Y9eHhMeVoWLzw,UCHMQ_lDhibZ-XZ_3fo6oxwg,1
UCFOxCyF926Y9eHhMeVoWLzw,UCaT6M2zp7X6r6Whd8Vv3kHQ,1
UCFOxCyF926Y9eHhMeVoWLzw,UC0RpuMwkDKJYqgKHtsJRuWQ,1
UCFOxCyF926Y9eHhMeVoWLzw,UC5fvhAfm89JH8eDFdvc0xYw,1
UCFOxCyF926Y9eHhMeVoWLzw,UCqilIa8r7iek5sGYg_q6ofA,1
UCFOxCyF926Y9eHhMeVoWLzw,UC0aEyakBPqcBkVJiErfSupQ,1
UCFOxCyF926Y9eHhMeVoWLzw,UCi-vPdnpQreC7BkFs40mJGA,1
UCFOxCyF926Y9eHhMeVoWLzw,UCRznz9-N3Qc1w-qNdLSIY2Q,1
UCFOxCyF926Y9eHhMeVoWLzw,UC_ljZ1hZXR9pzexFz87P5ZA,1
UCFOxCyF926Y9eHhMeVoWLzw,UCIp19h9igblA2YKfSLPDAug,1
UCFOxCyF926Y9eHhMeVoWLzw,UCRcSR3Lvn9DZAmJpVPANfZQ,1
UCFOxCyF926Y9eHhMeVoWLzw,UCGqKxQS-z3NZzZF-2w338AA,1
UCFOxCyF926Y9eHhMeVoWLzw,UCSTAUWVc1_82DHYeqOsqEFA,1
UCFOxCyF926Y9eHhMeVoWLzw,UCs_5qeqdku9tGAq22y3OcuQ,1
UCFOxCyF926Y9eHhMeVoWLzw,UCIUhbSCy3-SGRe5UtqM4fzQ,1
UCFOxCyF926Y9eHhMeVoWLzw,UCwUAv3_LpWVtTIi7lkmTL7A,1
UCFOxCyF926Y9eHhMeVoWLzw,UCyzf29IYjNw67gGIfsjgtxA,1
UCFOxCyF926Y9eHhMeVoWLzw,UCgLrWFdYitoP-b7-PxtUr-w,1
UCFOxCyF926Y9eHhMeVoWLzw,UCY7Hq7F9Lnucf-Yr6JkHZNw,1
UCFOxCyF926Y9eHhMeVoWLzw,UCxKR3RA8T-kxMgq_2WWhRcQ,1
UCFOxCyF926Y9eHhMeVoWLzw,UCtMBF_1O2jY2INlb_luuB_A,1
UC72gBAtyb_VXQlYDcFrh6oQ,UC9xr9QvIcDvoZNUX5f-jaZw,1
UC72gBAtyb_VXQlYDcFrh6oQ,UC-hfX8J5JPJ-dfuakzegMLA,1
UC72gBAtyb_VXQlYDcFrh6oQ,UCipetjeiWj4CZB6EbyYziZg,1
UC72gBAtyb_VXQlYDcFrh6oQ,UCiGRBf2RNF0WRKhRVT7zFoA,1
UC72gBAtyb_VXQlYDcFrh6oQ,UCYwpX26TrCxq8TvbKGRYLXA,1
UC72gBAtyb_VXQlYDcFrh6oQ,UCDPWkUX3sNNaCx-m1dV4glA,1
UC72gBAtyb_VXQlYDcFrh6oQ,UCz3gu01bmjNv0DpRq-K3XYg,1
UC72gBAtyb_VXQlYDcFrh6oQ,UC8r11yOugM2NuRfitQOxLLg,1
UC72gBAtyb_VXQlYDcFrh6oQ,UCwha8rxULYMVtNwZWeSkE1A,1
UC72gBAtyb_VXQlYDcFrh6oQ,UCUIIIPTVDVHAXqhC_5V6lPA,1
UC72gBAtyb_VXQlYDcFrh6oQ,UCXXh7yg5KUFIWylTiKVEFKQ,1
UC72gBAtyb_VXQlYDcFrh6oQ,UCj-LL25XJnjxepPKCc3NGog,1
UC72gBAtyb_VXQlYDcFrh6oQ,UCYN4wSQ1Sx4_LurxLlW7MPg,1
UC72gBAtyb_VXQlYDcFrh6oQ,UCsSXdJct-nsS8DsABoEsaYA,1
UC72gBAtyb_VXQlYDcFrh6oQ,UCi1b_TRQfgO1Z9O2gNGGWNA,1
UC72gBAtyb_VXQlYDcFrh6oQ,UC7VUuJr9cGh845CmTvf7TlQ,1
UC72gBAtyb_VXQlYDcFrh6oQ,UCplrIQtaPj6au60_f2-mOYw,1
UC72gBAtyb_VXQlYDcFrh6oQ,UCSou6a2OuYGSvPjm5psquyA,1
UC72gBAtyb_VXQlYDcFrh6oQ,UCsJJAvrVGupdmhOqgtDp8dg,1
UC72gBAtyb_VXQlYDcFrh6oQ,UCFhxtoeARHPnXXPcDrOU3Xg,1
UC72gBAtyb_VXQlYDcFrh6oQ,UCGzXwyCzMzGmjmCbH3Hg01Q,1
UC72gBAtyb_VXQlYDcFrh6oQ,UC3E9mAgP7VoAE5mZoAexl5g,1
UC72gBAtyb_VXQlYDcFrh6oQ,UCB5p8a5gklc80jJItP6xTHg,1
UC72gBAtyb_VXQlYDcFrh6oQ,UCcfdg8crmMJwEuLUsAhV7yg,1
UC72gBAtyb_VXQlYDcFrh6oQ,UCQtICyzWmhC5woCtbNgaSmg,1
UC72gBAtyb_VXQlYDcFrh6oQ,UCfM3nrxtTQMY5jFx1v1J4Gg,1
UC72gBAtyb_VXQlYDcFrh6oQ,UCFoIAE8k82D6AV-8gjjKaNg,1
UC72gBAtyb_VXQlYDcFrh6oQ,UCkd9W714-947dEE6ZOEBATA,1
UC72gBAtyb_VXQlYDcFrh6oQ,UCA93ym2TXs_Ibyxb4Vcn-6Q,1
UC72gBAtyb_VXQlYDcFrh6oQ,UCFxE8GbokBrBsPEKM1xrOjQ,1
UC72gBAtyb_VXQlYDcFrh6oQ,UC8G5cJONY8L9voMyBW8Eoug,1
UC72gBAtyb_VXQlYDcFrh6oQ,UCTD6q1nyIe3Y7HhqjaMj72w,1
UC72gBAtyb_VXQlYDcFrh6oQ,UC2Y_EHWQKevubk4vOEBBFxw,1
UC72gBAtyb_VXQlYDcFrh6oQ,UCTP3O0rMnc8z8v8jaDQwL0w,1
UC72gBAtyb_VXQlYDcFrh6oQ,UCAmtbUiIrUIhikru0ZoTFig,1
UC72gBAtyb_VXQlYDcFrh6oQ,UCRlCV9zSn7avAWh-9_XFWqQ,1
UC72gBAtyb_VXQlYDcFrh6oQ,UCpl8rF8uv_8uui-QRvuJaRA,1
UC72gBAtyb_VXQlYDcFrh6oQ,UCsUCN0Yq_UyTvKjOJLmNrnQ,1
UC72gBAtyb_VXQlYDcFrh6oQ,UCjSKM9j0Q7HLDr1hD6D-TUw,1
UC72gBAtyb_VXQlYDcFrh6oQ,UChep9kVb5gQmpodEEl10Xlg,1
UC72gBAtyb_VXQlYDcFrh6oQ,UCDftMWXQoJ6nONfY7GVOVjg,1
UC72gBAtyb_VXQlYDcFrh6oQ,UCEgEQmRbtL5fwr9_DqAC--g,1
UC72gBAtyb_VXQlYDcFrh6oQ,UCDQaQv0hr2SS_PO-CMEwVHg,1
UC72gBAtyb_VXQlYDcFrh6oQ,UCtNfIBnc5S5DbbQj_yxgJTw,1
UC72gBAtyb_VXQlYDcFrh6oQ,UCvApqeCbLod-wejtT4CcVuA,1
UC72gBAtyb_VXQlYDcFrh6oQ,UCrJn_rbo_ENAdeqneS-RmRw,1
UC72gBAtyb_VXQlYDcFrh6oQ,UCTylKrsqkrBKIqubMu_5N0Q,1
UC72gBAtyb_VXQlYDcFrh6oQ,UCjmPuazZJzscrwvk0QR9RVw,1
UC72gBAtyb_VXQlYDcFrh6oQ,UCr1emrogPKkKTs_WTtx71xg,1
UC72gBAtyb_VXQlYDcFrh6oQ,UC4cXueR2bKGFJV0Fk76gwmA,1
UC72gBAtyb_VXQlYDcFrh6oQ,UCL1MT278vSaQ83ZDkVWn1gw,1
UC72gBAtyb_VXQlYDcFrh6oQ,UCRETAiYdh2dL5ZxB0_N1zDA,1
UC72gBAtyb_VXQlYDcFrh6oQ,UCtUR3_CAiE7fCoZHM6cMfyQ,1
UC72gBAtyb_VXQlYDcFrh6oQ,UCylqlpsh8ENNM1LqgQ1KbxA,1
UC72gBAtyb_VXQlYDcFrh6oQ,UC3NMzdMYryaw82kPTnsaljg,1
UC72gBAtyb_VXQlYDcFrh6oQ,UCsjs5Hp_r86x1xbK6FAeqaA,1
UC72gBAtyb_VXQlYDcFrh6oQ,UCp4iw5_5SmV9VGTFSNVGOmQ,1
UC72gBAtyb_VXQlYDcFrh6oQ,UCKDR0f2fu2UzWL8mBv5-BHw,1
UC72gBAtyb_VXQlYDcFrh6oQ,UCFUuDARXdmmIrLppEqf-rFg,1
UC72gBAtyb_VXQlYDcFrh6oQ,UC5bG9nc_JV3FsNP2KseQiYw,1
UC72gBAtyb_VXQlYDcFrh6oQ,UC1vr9aaMI2crB0NvwFHUeoQ,1
UC72gBAtyb_VXQlYDcFrh6oQ,UCDUffaruH6dyUnUGwsTKpgg,1
UC72gBAtyb_VXQlYDcFrh6oQ,UCDlr1VadSucIZgZ171pRBjQ,1
UC72gBAtyb_VXQlYDcFrh6oQ,UCySYJU5kUh7X8gVt9la2ISA,1
UC72gBAtyb_VXQlYDcFrh6oQ,UCHTGCgY2l-DQJIvlA_cpa_Q,1
UC72gBAtyb_VXQlYDcFrh6oQ,UC2weSE8rpqkGMOp6StYtVfg,1
UC72gBAtyb_VXQlYDcFrh6oQ,UCpsKOkt5iWTbenzeuq7dsmQ,1
UC72gBAtyb_VXQlYDcFrh6oQ,UC650pRT-OYzny3GwOH8Cgfw,1
UC72gBAtyb_VXQlYDcFrh6oQ,UCl0ekS9Tt0jJGtOEM18S63w,1
UC72gBAtyb_VXQlYDcFrh6oQ,UCiMythXHsw7eQEMykCdmMUA,1
UC72gBAtyb_VXQlYDcFrh6oQ,UCljDbleJul41G1TzOjOZAVA,1
UC72gBAtyb_VXQlYDcFrh6oQ,UCAlzM_N6xBlMYmM8EBzX86Q,1
UC72gBAtyb_VXQlYDcFrh6oQ,UChZknRmJkeGeQk0-mQuhDOg,1
UC72gBAtyb_VXQlYDcFrh6oQ,UCmvOgzmmXbjUthHy-WJ52hQ,1
UC72gBAtyb_VXQlYDcFrh6oQ,UCOh6DaZC_x9HASnlRylEMfw,1
UC72gBAtyb_VXQlYDcFrh6oQ,UC-jS_kA9w-OmpupXDx156Rg,1
UC72gBAtyb_VXQlYDcFrh6oQ,UCXgr7vXlRrsaskPdo097kGA,1
UCi1b_TRQfgO1Z9O2gNGGWNA,UC9xr9QvIcDvoZNUX5f-jaZw,1
UCi1b_TRQfgO1Z9O2gNGGWNA,UC-hfX8J5JPJ-dfuakzegMLA,1
UCi1b_TRQfgO1Z9O2gNGGWNA,UCipetjeiWj4CZB6EbyYziZg,1
UCi1b_TRQfgO1Z9O2gNGGWNA,UCiGRBf2RNF0WRKhRVT7zFoA,1
UCi1b_TRQfgO1Z9O2gNGGWNA,UCYwpX26TrCxq8TvbKGRYLXA,1
UCi1b_TRQfgO1Z9O2gNGGWNA,UCDPWkUX3sNNaCx-m1dV4glA,1
UCi1b_TRQfgO1Z9O2gNGGWNA,UCz3gu01bmjNv0DpRq-K3XYg,1
UCi1b_TRQfgO1Z9O2gNGGWNA,UC8r11yOugM2NuRfitQOxLLg,1
UCi1b_TRQfgO1Z9O2gNGGWNA,UCwha8rxULYMVtNwZWeSkE1A,1
UCi1b_TRQfgO1Z9O2gNGGWNA,UCUIIIPTVDVHAXqhC_5V6lPA,1
UCi1b_TRQfgO1Z9O2gNGGWNA,UCXXh7yg5KUFIWylTiKVEFKQ,1
UCi1b_TRQfgO1Z9O2gNGGWNA,UCj-LL25XJnjxepPKCc3NGog,1
UCi1b_TRQfgO1Z9O2gNGGWNA,UCYN4wSQ1Sx4_LurxLlW7MPg,1
UCi1b_TRQfgO1Z9O2gNGGWNA,UCsSXdJct-nsS8DsABoEsaYA,1
UCi1b_TRQfgO1Z9O2gNGGWNA,UC7VUuJr9cGh845CmTvf7TlQ,1
UCi1b_TRQfgO1Z9O2gNGGWNA,UCplrIQtaPj6au60_f2-mOYw,1
UCi1b_TRQfgO1Z9O2gNGGWNA,UCSou6a2OuYGSvPjm5psquyA,1
UCi1b_TRQfgO1Z9O2gNGGWNA,UCsJJAvrVGupdmhOqgtDp8dg,1
UCi1b_TRQfgO1Z9O2gNGGWNA,UCFhxtoeARHPnXXPcDrOU3Xg,1
UCi1b_TRQfgO1Z9O2gNGGWNA,UCGzXwyCzMzGmjmCbH3Hg01Q,1
UCi1b_TRQfgO1Z9O2gNGGWNA,UC3E9mAgP7VoAE5mZoAexl5g,1
UCi1b_TRQfgO1Z9O2gNGGWNA,UCB5p8a5gklc80jJItP6xTHg,1
UCi1b_TRQfgO1Z9O2gNGGWNA,UCcfdg8crmMJwEuLUsAhV7yg,1
UCi1b_TRQfgO1Z9O2gNGGWNA,UCQtICyzWmhC5woCtbNgaSmg,1
UCi1b_TRQfgO1Z9O2gNGGWNA,UCfM3nrxtTQMY5jFx1v1J4Gg,1
UCi1b_TRQfgO1Z9O2gNGGWNA,UCFoIAE8k82D6AV-8gjjKaNg,1
UCi1b_TRQfgO1Z9O2gNGGWNA,UCkd9W714-947dEE6ZOEBATA,1
UCi1b_TRQfgO1Z9O2gNGGWNA,UCA93ym2TXs_Ibyxb4Vcn-6Q,1
UCi1b_TRQfgO1Z9O2gNGGWNA,UCFxE8GbokBrBsPEKM1xrOjQ,1
UCi1b_TRQfgO1Z9O2gNGGWNA,UC8G5cJONY8L9voMyBW8Eoug,1
UCi1b_TRQfgO1Z9O2gNGGWNA,UCTD6q1nyIe3Y7HhqjaMj72w,1
UCi1b_TRQfgO1Z9O2gNGGWNA,UC2Y_EHWQKevubk4vOEBBFxw,1
UCi1b_TRQfgO1Z9O2gNGGWNA,UCTP3O0rMnc8z8v8jaDQwL0w,1
UCi1b_TRQfgO1Z9O2gNGGWNA,UCAmtbUiIrUIhikru0ZoTFig,1
UCi1b_TRQfgO1Z9O2gNGGWNA,UCRlCV9zSn7avAWh-9_XFWqQ,1
UCi1b_TRQfgO1Z9O2gNGGWNA,UCpl8rF8uv_8uui-QRvuJaRA,1
UCi1b_TRQfgO1Z9O2gNGGWNA,UCsUCN0Yq_UyTvKjOJLmNrnQ,1
UCi1b_TRQfgO1Z9O2gNGGWNA,UCjSKM9j0Q7HLDr1hD6D-TUw,1
UCi1b_TRQfgO1Z9O2gNGGWNA,UChep9kVb5gQmpodEEl10Xlg,1
UCi1b_TRQfgO1Z9O2gNGGWNA,UCDftMWXQoJ6nONfY7GVOVjg,1
UCi1b_TRQfgO1Z9O2gNGGWNA,UCEgEQmRbtL5fwr9_DqAC--g,1
UCi1b_TRQfgO1Z9O2gNGGWNA,UCDQaQv0hr2SS_PO-CMEwVHg,1
UCi1b_TRQfgO1Z9O2gNGGWNA,UCtNfIBnc5S5DbbQj_yxgJTw,1
UCi1b_TRQfgO1Z9O2gNGGWNA,UCvApqeCbLod-wejtT4CcVuA,1
UCi1b_TRQfgO1Z9O2gNGGWNA,UCrJn_rbo_ENAdeqneS-RmRw,1
UCi1b_TRQfgO1Z9O2gNGGWNA,UCTylKrsqkrBKIqubMu_5N0Q,1
UCi1b_TRQfgO1Z9O2gNGGWNA,UCjmPuazZJzscrwvk0QR9RVw,1
UCi1b_TRQfgO1Z9O2gNGGWNA,UCr1emrogPKkKTs_WTtx71xg,1
UCi1b_TRQfgO1Z9O2gNGGWNA,UC4cXueR2bKGFJV0Fk76gwmA,1
UCi1b_TRQfgO1Z9O2gNGGWNA,UCL1MT278vSaQ83ZDkVWn1gw,1
UCi1b_TRQfgO1Z9O2gNGGWNA,UCRETAiYdh2dL5ZxB0_N1zDA,1
UCi1b_TRQfgO1Z9O2gNGGWNA,UCtUR3_CAiE7fCoZHM6cMfyQ,1
UCi1b_TRQfgO1Z9O2gNGGWNA,UCylqlpsh8ENNM1LqgQ1KbxA,1
UCi1b_TRQfgO1Z9O2gNGGWNA,UC3NMzdMYryaw82kPTnsaljg,1
UCi1b_TRQfgO1Z9O2gNGGWNA,UCsjs5Hp_r86x1xbK6FAeqaA,1
UCi1b_TRQfgO1Z9O2gNGGWNA,UCp4iw5_5SmV9VGTFSNVGOmQ,1
UCi1b_TRQfgO1Z9O2gNGGWNA,UCKDR0f2fu2UzWL8mBv5-BHw,1
UCi1b_TRQfgO1Z9O2gNGGWNA,UCFUuDARXdmmIrLppEqf-rFg,1
UCi1b_TRQfgO1Z9O2gNGGWNA,UC5bG9nc_JV3FsNP2KseQiYw,1
UCi1b_TRQfgO1Z9O2gNGGWNA,UC1vr9aaMI2crB0NvwFHUeoQ,1
UCi1b_TRQfgO1Z9O2gNGGWNA,UCDUffaruH6dyUnUGwsTKpgg,1
UCi1b_TRQfgO1Z9O2gNGGWNA,UCDlr1VadSucIZgZ171pRBjQ,1
UCi1b_TRQfgO1Z9O2gNGGWNA,UCySYJU5kUh7X8gVt9la2ISA,1
UCi1b_TRQfgO1Z9O2gNGGWNA,UCHTGCgY2l-DQJIvlA_cpa_Q,1
UCi1b_TRQfgO1Z9O2gNGGWNA,UC2weSE8rpqkGMOp6StYtVfg,1
UCi1b_TRQfgO1Z9O2gNGGWNA,UCpsKOkt5iWTbenzeuq7dsmQ,1
UCi1b_TRQfgO1Z9O2gNGGWNA,UC650pRT-OYzny3GwOH8Cgfw,1
UCi1b_TRQfgO1Z9O2gNGGWNA,UCl0ekS9Tt0jJGtOEM18S63w,1
UCi1b_TRQfgO1Z9O2gNGGWNA,UCiMythXHsw7eQEMykCdmMUA,1
UCi1b_TRQfgO1Z9O2gNGGWNA,UCljDbleJul41G1TzOjOZAVA,1
UCi1b_TRQfgO1Z9O2gNGGWNA,UCAlzM_N6xBlMYmM8EBzX86Q,1
UCi1b_TRQfgO1Z9O2gNGGWNA,UChZknRmJkeGeQk0-mQuhDOg,1
UCi1b_TRQfgO1Z9O2gNGGWNA,UCmvOgzmmXbjUthHy-WJ52hQ,1
UCi1b_TRQfgO1Z9O2gNGGWNA,UCOh6DaZC_x9HASnlRylEMfw,1
UCi1b_TRQfgO1Z9O2gNGGWNA,UC-jS_kA9w-OmpupXDx156Rg,1
UCi1b_TRQfgO1Z9O2gNGGWNA,UCXgr7vXlRrsaskPdo097kGA,1
UCBlm80VQ4YoV3bUJR_XhkaQ,UCIgoiXdIKJyUGmUoH2Lxdzg,1
UCBlm80VQ4YoV3bUJR_XhkaQ,UCbNanjFI51cwGqMAb2rOrBw,1
UCBlm80VQ4YoV3bUJR_XhkaQ,UCZjm6U576nX8WOiLhmMR3bw,1
UCBlm80VQ4YoV3bUJR_XhkaQ,UCat2qkYvqmtDNEmo2PVuhXw,1
UCBlm80VQ4YoV3bUJR_XhkaQ,UC-QOpE7GOxlXcHZ8b7HbQKA,1
UCBlm80VQ4YoV3bUJR_XhkaQ,UCVdjCrh4tQoX3haNAZv-n5A,1
UCBlm80VQ4YoV3bUJR_XhkaQ,UCPNXmbOBVeC4HS-xemvcPtQ,1
UCBlm80VQ4YoV3bUJR_XhkaQ,UCozFYHN0e_-vlQbX3wQGOug,1
UCBlm80VQ4YoV3bUJR_XhkaQ,UCQMMuADgqWUOcJpLwHOzC-g,1
UCBlm80VQ4YoV3bUJR_XhkaQ,UCrqXyRsg-_hTosURZ-uvoKg,1
UCBlm80VQ4YoV3bUJR_XhkaQ,UCGZMgmM92E3njyXNe9-kjAQ,1
UCBlm80VQ4YoV3bUJR_XhkaQ,UCp_dAUfv8i3LW3zWc24dLaQ,1
UColMq7LmaoY3MT6aIDGrGvA,UCpe5jW3MIqkgTJ-PgkzvM6Q,1
UColMq7LmaoY3MT6aIDGrGvA,UCDrmf9y9nLgFY5wnA2hTuGA,1
UColMq7LmaoY3MT6aIDGrGvA,UC-fiZBS5Gp1eCJd9ucgWnCg,1
UColMq7LmaoY3MT6aIDGrGvA,UCZeIIQrGAedW8tCbKWmGY-A,1
UColMq7LmaoY3MT6aIDGrGvA,UCCBYcToQ2dwkd6TJh0FSyDg,1
UColMq7LmaoY3MT6aIDGrGvA,UCQqlPPUGqAfWjd-FSh_qn7Q,1
UColMq7LmaoY3MT6aIDGrGvA,UCUoYsrx1oZnCZ0usbBJn4fA,1
UColMq7LmaoY3MT6aIDGrGvA,UC_LYoGs5C3mbZKZuKuqYCvw,1
UColMq7LmaoY3MT6aIDGrGvA,UCRvPToDkkumha7WJAfCDk1A,1
UColMq7LmaoY3MT6aIDGrGvA,UCu8_3-Wg-YzNyvHYQDEscfw,1
UColMq7LmaoY3MT6aIDGrGvA,UCylqlpsh8ENNM1LqgQ1KbxA,1
UColMq7LmaoY3MT6aIDGrGvA,UC32oozucwCF3q8d4m8fyOUg,1
UColMq7LmaoY3MT6aIDGrGvA,UCV0lM03g5fg5pbPj97-sAtA,1
UColMq7LmaoY3MT6aIDGrGvA,UCW-JC6lebVmf2P1dmY_L94g,1
UColMq7LmaoY3MT6aIDGrGvA,UCAKuKvcbfnBD3kF5njNu-IA,1
UColMq7LmaoY3MT6aIDGrGvA,UC3UVO7pTbeYvZ3ILEyRDskQ,1
UColMq7LmaoY3MT6aIDGrGvA,UC4Avya4kmR4Q0FrfFdBozSQ,1
UColMq7LmaoY3MT6aIDGrGvA,UCgJNFj5dnxXpcMvmuhZDPxA,1
UColMq7LmaoY3MT6aIDGrGvA,UC1DpqK6vaPEkBOMNvypsKYg,1
UColMq7LmaoY3MT6aIDGrGvA,UCpsKOkt5iWTbenzeuq7dsmQ,1
UColMq7LmaoY3MT6aIDGrGvA,UCWoAVGVqCn4xtINCMOTM4jg,1
UColMq7LmaoY3MT6aIDGrGvA,UClqA491Xa5fQcXcJJa-vTWw,1
UColMq7LmaoY3MT6aIDGrGvA,UCe8JZoYkX5oKUZyivHYdXhw,1
UColMq7LmaoY3MT6aIDGrGvA,UClhMWQ7XKWywYvbRnuf8QsA,1
UColMq7LmaoY3MT6aIDGrGvA,UC5hvEnRUzI4Kfvwnyi4QxqQ,1
UColMq7LmaoY3MT6aIDGrGvA,UCGGHbtfbbe0o68etrOf0qxw,1
UColMq7LmaoY3MT6aIDGrGvA,UC6Uj1FT5JjDSF8vudvDxPAA,1
UColMq7LmaoY3MT6aIDGrGvA,UC7dadZG7kkGYnsNu6td0FbA,1
UColMq7LmaoY3MT6aIDGrGvA,UCsGoJEvb-cFPZ2rWoJcXzEQ,1
UColMq7LmaoY3MT6aIDGrGvA,UCuXmOjxC-htcprLgeVXz6Tg,1
UColMq7LmaoY3MT6aIDGrGvA,UCHbwIx9pmQuf7i-4_xO2EpA,1
UColMq7LmaoY3MT6aIDGrGvA,UCW80DaMjQlEUibC98Cot-Dg,1
UCat2qkYvqmtDNEmo2PVuhXw,UCIgoiXdIKJyUGmUoH2Lxdzg,1
UCat2qkYvqmtDNEmo2PVuhXw,UCbNanjFI51cwGqMAb2rOrBw,1
UCat2qkYvqmtDNEmo2PVuhXw,UCZjm6U576nX8WOiLhmMR3bw,1
UCat2qkYvqmtDNEmo2PVuhXw,UC-QOpE7GOxlXcHZ8b7HbQKA,1
UCat2qkYvqmtDNEmo2PVuhXw,UCVdjCrh4tQoX3haNAZv-n5A,1
UCat2qkYvqmtDNEmo2PVuhXw,UCPNXmbOBVeC4HS-xemvcPtQ,1
UCat2qkYvqmtDNEmo2PVuhXw,UCozFYHN0e_-vlQbX3wQGOug,1
UCat2qkYvqmtDNEmo2PVuhXw,UCQMMuADgqWUOcJpLwHOzC-g,1
UCat2qkYvqmtDNEmo2PVuhXw,UCrqXyRsg-_hTosURZ-uvoKg,1
UCat2qkYvqmtDNEmo2PVuhXw,UCGZMgmM92E3njyXNe9-kjAQ,1
UCat2qkYvqmtDNEmo2PVuhXw,UCp_dAUfv8i3LW3zWc24dLaQ,1
UCSTAUWVc1_82DHYeqOsqEFA,UCHMQ_lDhibZ-XZ_3fo6oxwg,1
UCSTAUWVc1_82DHYeqOsqEFA,UCaT6M2zp7X6r6Whd8Vv3kHQ,1
UCSTAUWVc1_82DHYeqOsqEFA,UC0RpuMwkDKJYqgKHtsJRuWQ,1
UCSTAUWVc1_82DHYeqOsqEFA,UC5fvhAfm89JH8eDFdvc0xYw,1
UCSTAUWVc1_82DHYeqOsqEFA,UCqilIa8r7iek5sGYg_q6ofA,1
UCSTAUWVc1_82DHYeqOsqEFA,UC0aEyakBPqcBkVJiErfSupQ,1
UCSTAUWVc1_82DHYeqOsqEFA,UCi-vPdnpQreC7BkFs40mJGA,1
UCSTAUWVc1_82DHYeqOsqEFA,UCRznz9-N3Qc1w-qNdLSIY2Q,1
UCSTAUWVc1_82DHYeqOsqEFA,UC_ljZ1hZXR9pzexFz87P5ZA,1
UCSTAUWVc1_82DHYeqOsqEFA,UCIp19h9igblA2YKfSLPDAug,1
UCSTAUWVc1_82DHYeqOsqEFA,UCRcSR3Lvn9DZAmJpVPANfZQ,1
UCSTAUWVc1_82DHYeqOsqEFA,UCGqKxQS-z3NZzZF-2w338AA,1
UCSTAUWVc1_82DHYeqOsqEFA,UCs_5qeqdku9tGAq22y3OcuQ,1
UCSTAUWVc1_82DHYeqOsqEFA,UCIUhbSCy3-SGRe5UtqM4fzQ,1
UCSTAUWVc1_82DHYeqOsqEFA,UCwUAv3_LpWVtTIi7lkmTL7A,1
UCSTAUWVc1_82DHYeqOsqEFA,UCyzf29IYjNw67gGIfsjgtxA,1
UCSTAUWVc1_82DHYeqOsqEFA,UCgLrWFdYitoP-b7-PxtUr-w,1
UCSTAUWVc1_82DHYeqOsqEFA,UCY7Hq7F9Lnucf-Yr6JkHZNw,1
UCSTAUWVc1_82DHYeqOsqEFA,UCxKR3RA8T-kxMgq_2WWhRcQ,1
UCSTAUWVc1_82DHYeqOsqEFA,UCtMBF_1O2jY2INlb_luuB_A,1
UCcFIBN-rtC3d3hXeuN5TfWw,UCTTILH6QCIxbTnEWxwRqs1g,1
UCcFIBN-rtC3d3hXeuN5TfWw,UCOY3XpD9qMCRSA8AA8c4CAw,1
UCcFIBN-rtC3d3hXeuN5TfWw,UCXO1BBohNWXkK9SBDAG2ySg,1
UCcFIBN-rtC3d3hXeuN5TfWw,UCxcoDvP-g2_KTZDmVZtvb3w,1
UCcFIBN-rtC3d3hXeuN5TfWw,UCefAH1MbvADWUjE9WVcB9EQ,1
UCcFIBN-rtC3d3hXeuN5TfWw,UCwEe1RKlEv1UpNWmWYfSh4w,1
UCcFIBN-rtC3d3hXeuN5TfWw,UCbrtvygfRT6QXqWDNrOf-cA,1
UCcFIBN-rtC3d3hXeuN5TfWw,UChT7pzGytNd92Nmvi-zuWog,1
UCcFIBN-rtC3d3hXeuN5TfWw,UCdQAuWwyC99MB7Y02Umj26Q,1
UCcFIBN-rtC3d3hXeuN5TfWw,UCCUmP4PlbwgikVFpYwbtRTg,1
UCV0lM03g5fg5pbPj97-sAtA,UCpe5jW3MIqkgTJ-PgkzvM6Q,1
UCV0lM03g5fg5pbPj97-sAtA,UCDrmf9y9nLgFY5wnA2hTuGA,1
UCV0lM03g5fg5pbPj97-sAtA,UC-fiZBS5Gp1eCJd9ucgWnCg,1
UCV0lM03g5fg5pbPj97-sAtA,UCZeIIQrGAedW8tCbKWmGY-A,1
UCV0lM03g5fg5pbPj97-sAtA,UCCBYcToQ2dwkd6TJh0FSyDg,1
UCV0lM03g5fg5pbPj97-sAtA,UCQqlPPUGqAfWjd-FSh_qn7Q,1
UCV0lM03g5fg5pbPj97-sAtA,UCUoYsrx1oZnCZ0usbBJn4fA,1
UCV0lM03g5fg5pbPj97-sAtA,UC_LYoGs5C3mbZKZuKuqYCvw,1
UCV0lM03g5fg5pbPj97-sAtA,UCRvPToDkkumha7WJAfCDk1A,1
UCV0lM03g5fg5pbPj97-sAtA,UCu8_3-Wg-YzNyvHYQDEscfw,1
UCV0lM03g5fg5pbPj97-sAtA,UCylqlpsh8ENNM1LqgQ1KbxA,1
UCV0lM03g5fg5pbPj97-sAtA,UC32oozucwCF3q8d4m8fyOUg,1
UCV0lM03g5fg5pbPj97-sAtA,UCW-JC6lebVmf2P1dmY_L94g,1
UCV0lM03g5fg5pbPj97-sAtA,UCAKuKvcbfnBD3kF5njNu-IA,1
UCV0lM03g5fg5pbPj97-sAtA,UC3UVO7pTbeYvZ3ILEyRDskQ,1
UCV0lM03g5fg5pbPj97-sAtA,UC4Avya4kmR4Q0FrfFdBozSQ,1
UCV0lM03g5fg5pbPj97-sAtA,UCgJNFj5dnxXpcMvmuhZDPxA,1
UCV0lM03g5fg5pbPj97-sAtA,UC1DpqK6vaPEkBOMNvypsKYg,1
UCV0lM03g5fg5pbPj97-sAtA,UCpsKOkt5iWTbenzeuq7dsmQ,1
UCV0lM03g5fg5pbPj97-sAtA,UCWoAVGVqCn4xtINCMOTM4jg,1
UCV0lM03g5fg5pbPj97-sAtA,UClqA491Xa5fQcXcJJa-vTWw,1
UCV0lM03g5fg5pbPj97-sAtA,UCe8JZoYkX5oKUZyivHYdXhw,1
UCV0lM03g5fg5pbPj97-sAtA,UClhMWQ7XKWywYvbRnuf8QsA,1
UCV0lM03g5fg5pbPj97-sAtA,UC5hvEnRUzI4Kfvwnyi4QxqQ,1
UCV0lM03g5fg5pbPj97-sAtA,UCGGHbtfbbe0o68etrOf0qxw,1
UCV0lM03g5fg5pbPj97-sAtA,UC6Uj1FT5JjDSF8vudvDxPAA,1
UCV0lM03g5fg5pbPj97-sAtA,UC7dadZG7kkGYnsNu6td0FbA,1
UCV0lM03g5fg5pbPj97-sAtA,UCsGoJEvb-cFPZ2rWoJcXzEQ,1
UCV0lM03g5fg5pbPj97-sAtA,UCuXmOjxC-htcprLgeVXz6Tg,1
UCV0lM03g5fg5pbPj97-sAtA,UCHbwIx9pmQuf7i-4_xO2EpA,1
UCV0lM03g5fg5pbPj97-sAtA,UCW80DaMjQlEUibC98Cot-Dg,1
UC_ljZ1hZXR9pzexFz87P5ZA,UCHMQ_lDhibZ-XZ_3fo6oxwg,1
UC_ljZ1hZXR9pzexFz87P5ZA,UCaT6M2zp7X6r6Whd8Vv3kHQ,1
UC_ljZ1hZXR9pzexFz87P5ZA,UC0RpuMwkDKJYqgKHtsJRuWQ,1
UC_ljZ1hZXR9pzexFz87P5ZA,UC5fvhAfm89JH8eDFdvc0xYw,1
UC_ljZ1hZXR9pzexFz87P5ZA,UCqilIa8r7iek5sGYg_q6ofA,1
UC_ljZ1hZXR9pzexFz87P5ZA,UC0aEyakBPqcBkVJiErfSupQ,1
UC_ljZ1hZXR9pzexFz87P5ZA,UCi-vPdnpQreC7BkFs40mJGA,1
UC_ljZ1hZXR9pzexFz87P5ZA,UCRznz9-N3Qc1w-qNdLSIY2Q,1
UC_ljZ1hZXR9pzexFz87P5ZA,UCIp19h9igblA2YKfSLPDAug,1
UC_ljZ1hZXR9pzexFz87P5ZA,UCRcSR3Lvn9DZAmJpVPANfZQ,1
UC_ljZ1hZXR9pzexFz87P5ZA,UCGqKxQS-z3NZzZF-2w338AA,1
UC_ljZ1hZXR9pzexFz87P5ZA,UCs_5qeqdku9tGAq22y3OcuQ,1
UC_ljZ1hZXR9pzexFz87P5ZA,UCIUhbSCy3-SGRe5UtqM4fzQ,1
UC_ljZ1hZXR9pzexFz87P5ZA,UCwUAv3_LpWVtTIi7lkmTL7A,1
UC_ljZ1hZXR9pzexFz87P5ZA,UCyzf29IYjNw67gGIfsjgtxA,1
UC_ljZ1hZXR9pzexFz87P5ZA,UCgLrWFdYitoP-b7-PxtUr-w,1
UC_ljZ1hZXR9pzexFz87P5ZA,UCY7Hq7F9Lnucf-Yr6JkHZNw,1
UC_ljZ1hZXR9pzexFz87P5ZA,UCxKR3RA8T-kxMgq_2WWhRcQ,1
UC_ljZ1hZXR9pzexFz87P5ZA,UCtMBF_1O2jY2INlb_luuB_A,1
UCLXYp1Cvc5DLtq5UQL5D9vw,UCIXLDYqR_syskKRJy_x9W9Q,1
UCLXYp1Cvc5DLtq5UQL5D9vw,UCfXykdbSU97rj987LDUGfvg,1
UCLXYp1Cvc5DLtq5UQL5D9vw,UCXN2s7DwTJm33xO-pNkAdaA,1
UCLXYp1Cvc5DLtq5UQL5D9vw,UCq3mDTTRZnUybct5M9OSXbg,1
UCLXYp1Cvc5DLtq5UQL5D9vw,UCfjhejO7LZy4doXURa7LZCQ,1
UCLXYp1Cvc5DLtq5UQL5D9vw,UCwCfs-2zbD5k0lG-UVg_JBw,1
UCfjhejO7LZy4doXURa7LZCQ,UCIXLDYqR_syskKRJy_x9W9Q,1
UCfjhejO7LZy4doXURa7LZCQ,UCfXykdbSU97rj987LDUGfvg,1
UCfjhejO7LZy4doXURa7LZCQ,UCXN2s7DwTJm33xO-pNkAdaA,1
UCfjhejO7LZy4doXURa7LZCQ,UCq3mDTTRZnUybct5M9OSXbg,1
UCfjhejO7LZy4doXURa7LZCQ,UCwCfs-2zbD5k0lG-UVg_JBw,1
UCplrIQtaPj6au60_f2-mOYw,UC9xr9QvIcDvoZNUX5f-jaZw,1
UCplrIQtaPj6au60_f2-mOYw,UC-hfX8J5JPJ-dfuakzegMLA,1
UCplrIQtaPj6au60_f2-mOYw,UCipetjeiWj4CZB6EbyYziZg,1
UCplrIQtaPj6au60_f2-mOYw,UCiGRBf2RNF0WRKhRVT7zFoA,1
UCplrIQtaPj6au60_f2-mOYw,UCYwpX26TrCxq8TvbKGRYLXA,1
UCplrIQtaPj6au60_f2-mOYw,UCDPWkUX3sNNaCx-m1dV4glA,1
UCplrIQtaPj6au60_f2-mOYw,UCz3gu01bmjNv0DpRq-K3XYg,1
UCplrIQtaPj6au60_f2-mOYw,UC8r11yOugM2NuRfitQOxLLg,1
UCplrIQtaPj6au60_f2-mOYw,UCwha8rxULYMVtNwZWeSkE1A,1
UCplrIQtaPj6au60_f2-mOYw,UCUIIIPTVDVHAXqhC_5V6lPA,1
UCplrIQtaPj6au60_f2-mOYw,UCXXh7yg5KUFIWylTiKVEFKQ,1
UCplrIQtaPj6au60_f2-mOYw,UCj-LL25XJnjxepPKCc3NGog,1
UCplrIQtaPj6au60_f2-mOYw,UCYN4wSQ1Sx4_LurxLlW7MPg,1
UCplrIQtaPj6au60_f2-mOYw,UCsSXdJct-nsS8DsABoEsaYA,1
UCplrIQtaPj6au60_f2-mOYw,UC7VUuJr9cGh845CmTvf7TlQ,1
UCplrIQtaPj6au60_f2-mOYw,UCSou6a2OuYGSvPjm5psquyA,1
UCplrIQtaPj6au60_f2-mOYw,UCsJJAvrVGupdmhOqgtDp8dg,1
UCplrIQtaPj6au60_f2-mOYw,UCFhxtoeARHPnXXPcDrOU3Xg,1
UCplrIQtaPj6au60_f2-mOYw,UCGzXwyCzMzGmjmCbH3Hg01Q,1
UCplrIQtaPj6au60_f2-mOYw,UC3E9mAgP7VoAE5mZoAexl5g,1
UCplrIQtaPj6au60_f2-mOYw,UCB5p8a5gklc80jJItP6xTHg,1
UCplrIQtaPj6au60_f2-mOYw,UCcfdg8crmMJwEuLUsAhV7yg,1
UCplrIQtaPj6au60_f2-mOYw,UCQtICyzWmhC5woCtbNgaSmg,1
UCplrIQtaPj6au60_f2-mOYw,UCfM3nrxtTQMY5jFx1v1J4Gg,1
UCplrIQtaPj6au60_f2-mOYw,UCFoIAE8k82D6AV-8gjjKaNg,1
UCplrIQtaPj6au60_f2-mOYw,UCkd9W714-947dEE6ZOEBATA,1
UCplrIQtaPj6au60_f2-mOYw,UCA93ym2TXs_Ibyxb4Vcn-6Q,1
UCplrIQtaPj6au60_f2-mOYw,UCFxE8GbokBrBsPEKM1xrOjQ,1
UCplrIQtaPj6au60_f2-mOYw,UC8G5cJONY8L9voMyBW8Eoug,1
UCplrIQtaPj6au60_f2-mOYw,UCTD6q1nyIe3Y7HhqjaMj72w,1
UCplrIQtaPj6au60_f2-mOYw,UC2Y_EHWQKevubk4vOEBBFxw,1
UCplrIQtaPj6au60_f2-mOYw,UCTP3O0rMnc8z8v8jaDQwL0w,1
UCplrIQtaPj6au60_f2-mOYw,UCAmtbUiIrUIhikru0ZoTFig,1
UCplrIQtaPj6au60_f2-mOYw,UCRlCV9zSn7avAWh-9_XFWqQ,1
UCplrIQtaPj6au60_f2-mOYw,UCpl8rF8uv_8uui-QRvuJaRA,1
UCplrIQtaPj6au60_f2-mOYw,UCsUCN0Yq_UyTvKjOJLmNrnQ,1
UCplrIQtaPj6au60_f2-mOYw,UCjSKM9j0Q7HLDr1hD6D-TUw,1
UCplrIQtaPj6au60_f2-mOYw,UChep9kVb5gQmpodEEl10Xlg,1
UCplrIQtaPj6au60_f2-mOYw,UCDftMWXQoJ6nONfY7GVOVjg,1
UCplrIQtaPj6au60_f2-mOYw,UCEgEQmRbtL5fwr9_DqAC--g,1
UCplrIQtaPj6au60_f2-mOYw,UCDQaQv0hr2SS_PO-CMEwVHg,1
UCplrIQtaPj6au60_f2-mOYw,UCtNfIBnc5S5DbbQj_yxgJTw,1
UCplrIQtaPj6au60_f2-mOYw,UCvApqeCbLod-wejtT4CcVuA,1
UCplrIQtaPj6au60_f2-mOYw,UCrJn_rbo_ENAdeqneS-RmRw,1
UCplrIQtaPj6au60_f2-mOYw,UCTylKrsqkrBKIqubMu_5N0Q,1
UCplrIQtaPj6au60_f2-mOYw,UCjmPuazZJzscrwvk0QR9RVw,1
UCplrIQtaPj6au60_f2-mOYw,UCr1emrogPKkKTs_WTtx71xg,1
UCplrIQtaPj6au60_f2-mOYw,UC4cXueR2bKGFJV0Fk76gwmA,1
UCplrIQtaPj6au60_f2-mOYw,UCL1MT278vSaQ83ZDkVWn1gw,1
UCplrIQtaPj6au60_f2-mOYw,UCRETAiYdh2dL5ZxB0_N1zDA,1
UCplrIQtaPj6au60_f2-mOYw,UCtUR3_CAiE7fCoZHM6cMfyQ,1
UCplrIQtaPj6au60_f2-mOYw,UCylqlpsh8ENNM1LqgQ1KbxA,1
UCplrIQtaPj6au60_f2-mOYw,UC3NMzdMYryaw82kPTnsaljg,1
UCplrIQtaPj6au60_f2-mOYw,UCsjs5Hp_r86x1xbK6FAeqaA,1
UCplrIQtaPj6au60_f2-mOYw,UCp4iw5_5SmV9VGTFSNVGOmQ,1
UCplrIQtaPj6au60_f2-mOYw,UCKDR0f2fu2UzWL8mBv5-BHw,1
UCplrIQtaPj6au60_f2-mOYw,UCFUuDARXdmmIrLppEqf-rFg,1
UCplrIQtaPj6au60_f2-mOYw,UC5bG9nc_JV3FsNP2KseQiYw,1
UCplrIQtaPj6au60_f2-mOYw,UC1vr9aaMI2crB0NvwFHUeoQ,1
UCplrIQtaPj6au60_f2-mOYw,UCDUffaruH6dyUnUGwsTKpgg,1
UCplrIQtaPj6au60_f2-mOYw,UCDlr1VadSucIZgZ171pRBjQ,1
UCplrIQtaPj6au60_f2-mOYw,UCySYJU5kUh7X8gVt9la2ISA,1
UCplrIQtaPj6au60_f2-mOYw,UCHTGCgY2l-DQJIvlA_cpa_Q,1
UCplrIQtaPj6au60_f2-mOYw,UC2weSE8rpqkGMOp6StYtVfg,1
UCplrIQtaPj6au60_f2-mOYw,UCpsKOkt5iWTbenzeuq7dsmQ,1
UCplrIQtaPj6au60_f2-mOYw,UC650pRT-OYzny3GwOH8Cgfw,1
UCplrIQtaPj6au60_f2-mOYw,UCl0ekS9Tt0jJGtOEM18S63w,1
UCplrIQtaPj6au60_f2-mOYw,UCiMythXHsw7eQEMykCdmMUA,1
UCplrIQtaPj6au60_f2-mOYw,UCljDbleJul41G1TzOjOZAVA,1
UCplrIQtaPj6au60_f2-mOYw,UCAlzM_N6xBlMYmM8EBzX86Q,1
UCplrIQtaPj6au60_f2-mOYw,UChZknRmJkeGeQk0-mQuhDOg,1
UCplrIQtaPj6au60_f2-mOYw,UCmvOgzmmXbjUthHy-WJ52hQ,1
UCplrIQtaPj6au60_f2-mOYw,UCOh6DaZC_x9HASnlRylEMfw,1
UCplrIQtaPj6au60_f2-mOYw,UC-jS_kA9w-OmpupXDx156Rg,1
UCplrIQtaPj6au60_f2-mOYw,UCXgr7vXlRrsaskPdo097kGA,1
UCql1n3Ey6ULMSOACjMe-fxQ,UC-HeUTT6_g-VoiWds2a4H-w,1
UCql1n3Ey6ULMSOACjMe-fxQ,UCtsxPYw8VUsH_FfnKg-0lmw,1
UCql1n3Ey6ULMSOACjMe-fxQ,UCvDwJBBY1mHK70aTEYl6rsA,1
UCql1n3Ey6ULMSOACjMe-fxQ,UCfo_yUPzy1f1POwwZxhZ06Q,1
UCql1n3Ey6ULMSOACjMe-fxQ,UCRfkkatKrNtAARnXMMYBGlA,1
UCql1n3Ey6ULMSOACjMe-fxQ,UCyJhqmMbsvjpoarBBStA2kg,1
UCql1n3Ey6ULMSOACjMe-fxQ,UCa36MjQLoPAmgJo-R3G8WQA,1
UCql1n3Ey6ULMSOACjMe-fxQ,UCZFQwqh90apuL8eFhvRBkUg,1
UCql1n3Ey6ULMSOACjMe-fxQ,UCEHXl4VvvVpq-_4xC5tsbhg,1
UCql1n3Ey6ULMSOACjMe-fxQ,UCtCtts20bW6F9CSohau51Iw,1
UCql1n3Ey6ULMSOACjMe-fxQ,UC1NiEdJ7gk6FlDexIalWnGg,1
UCql1n3Ey6ULMSOACjMe-fxQ,UC3YpzAr7pcdKC7BVFEpYzog,1
UCql1n3Ey6ULMSOACjMe-fxQ,UC63tFvbQ_hJhGDi2nbjssjw,1
UCql1n3Ey6ULMSOACjMe-fxQ,UC14qlobYKqD-DO0j6b75lcA,1
UCql1n3Ey6ULMSOACjMe-fxQ,UC0HvfEWozTHbwl_iEmJNvVA,1
UCql1n3Ey6ULMSOACjMe-fxQ,UC-Iul5tDYH_oiAMXQH-KaaQ,1
UCql1n3Ey6ULMSOACjMe-fxQ,UCgGqw4aqMdMVSGkKiMgrJRQ,1
UCql1n3Ey6ULMSOACjMe-fxQ,UCzZ6dDCEsLMXbc5pCFXIprw,1
UCql1n3Ey6ULMSOACjMe-fxQ,UChyps3dqY-VY1_wLeq-2lhw,1
UCql1n3Ey6ULMSOACjMe-fxQ,UCeQk-WfEA-cJRq4EKeE7TOw,1
UCZFQwqh90apuL8eFhvRBkUg,UC-HeUTT6_g-VoiWds2a4H-w,1
UCZFQwqh90apuL8eFhvRBkUg,UCtsxPYw8VUsH_FfnKg-0lmw,1
UCZFQwqh90apuL8eFhvRBkUg,UCvDwJBBY1mHK70aTEYl6rsA,1
UCZFQwqh90apuL8eFhvRBkUg,UCfo_yUPzy1f1POwwZxhZ06Q,1
UCZFQwqh90apuL8eFhvRBkUg,UCRfkkatKrNtAARnXMMYBGlA,1
UCZFQwqh90apuL8eFhvRBkUg,UCyJhqmMbsvjpoarBBStA2kg,1
UCZFQwqh90apuL8eFhvRBkUg,UCa36MjQLoPAmgJo-R3G8WQA,1
UCZFQwqh90apuL8eFhvRBkUg,UCEHXl4VvvVpq-_4xC5tsbhg,1
UCZFQwqh90apuL8eFhvRBkUg,UCtCtts20bW6F9CSohau51Iw,1
UCZFQwqh90apuL8eFhvRBkUg,UC1NiEdJ7gk6FlDexIalWnGg,1
UCZFQwqh90apuL8eFhvRBkUg,UC3YpzAr7pcdKC7BVFEpYzog,1
UCZFQwqh90apuL8eFhvRBkUg,UC63tFvbQ_hJhGDi2nbjssjw,1
UCZFQwqh90apuL8eFhvRBkUg,UC14qlobYKqD-DO0j6b75lcA,1
UCZFQwqh90apuL8eFhvRBkUg,UC0HvfEWozTHbwl_iEmJNvVA,1
UCZFQwqh90apuL8eFhvRBkUg,UC-Iul5tDYH_oiAMXQH-KaaQ,1
UCZFQwqh90apuL8eFhvRBkUg,UCgGqw4aqMdMVSGkKiMgrJRQ,1
UCZFQwqh90apuL8eFhvRBkUg,UCzZ6dDCEsLMXbc5pCFXIprw,1
UCZFQwqh90apuL8eFhvRBkUg,UChyps3dqY-VY1_wLeq-2lhw,1
UCZFQwqh90apuL8eFhvRBkUg,UCeQk-WfEA-cJRq4EKeE7TOw,1
UCyJhqmMbsvjpoarBBStA2kg,UC-HeUTT6_g-VoiWds2a4H-w,1
UCyJhqmMbsvjpoarBBStA2kg,UCtsxPYw8VUsH_FfnKg-0lmw,1
UCyJhqmMbsvjpoarBBStA2kg,UCvDwJBBY1mHK70aTEYl6rsA,1
UCyJhqmMbsvjpoarBBStA2kg,UCfo_yUPzy1f1POwwZxhZ06Q,1
UCyJhqmMbsvjpoarBBStA2kg,UCRfkkatKrNtAARnXMMYBGlA,1
UCyJhqmMbsvjpoarBBStA2kg,UCa36MjQLoPAmgJo-R3G8WQA,1
UCyJhqmMbsvjpoarBBStA2kg,UCEHXl4VvvVpq-_4xC5tsbhg,1
UCyJhqmMbsvjpoarBBStA2kg,UCtCtts20bW6F9CSohau51Iw,1
UCyJhqmMbsvjpoarBBStA2kg,UC1NiEdJ7gk6FlDexIalWnGg,1
UCyJhqmMbsvjpoarBBStA2kg,UC3YpzAr7pcdKC7BVFEpYzog,1
UCyJhqmMbsvjpoarBBStA2kg,UC63tFvbQ_hJhGDi2nbjssjw,1
UCyJhqmMbsvjpoarBBStA2kg,UC14qlobYKqD-DO0j6b75lcA,1
UCyJhqmMbsvjpoarBBStA2kg,UC0HvfEWozTHbwl_iEmJNvVA,1
UCyJhqmMbsvjpoarBBStA2kg,UC-Iul5tDYH_oiAMXQH-KaaQ,1
UCyJhqmMbsvjpoarBBStA2kg,UCgGqw4aqMdMVSGkKiMgrJRQ,1
UCyJhqmMbsvjpoarBBStA2kg,UCzZ6dDCEsLMXbc5pCFXIprw,1
UCyJhqmMbsvjpoarBBStA2kg,UChyps3dqY-VY1_wLeq-2lhw,1
UCyJhqmMbsvjpoarBBStA2kg,UCeQk-WfEA-cJRq4EKeE7TOw,1
UC63tFvbQ_hJhGDi2nbjssjw,UC-HeUTT6_g-VoiWds2a4H-w,1
UC63tFvbQ_hJhGDi2nbjssjw,UCtsxPYw8VUsH_FfnKg-0lmw,1
UC63tFvbQ_hJhGDi2nbjssjw,UCvDwJBBY1mHK70aTEYl6rsA,1
UC63tFvbQ_hJhGDi2nbjssjw,UCfo_yUPzy1f1POwwZxhZ06Q,1
UC63tFvbQ_hJhGDi2nbjssjw,UCRfkkatKrNtAARnXMMYBGlA,1
UC63tFvbQ_hJhGDi2nbjssjw,UCa36MjQLoPAmgJo-R3G8WQA,1
UC63tFvbQ_hJhGDi2nbjssjw,UCEHXl4VvvVpq-_4xC5tsbhg,1
UC63tFvbQ_hJhGDi2nbjssjw,UCtCtts20bW6F9CSohau51Iw,1
UC63tFvbQ_hJhGDi2nbjssjw,UC1NiEdJ7gk6FlDexIalWnGg,1
UC63tFvbQ_hJhGDi2nbjssjw,UC3YpzAr7pcdKC7BVFEpYzog,1
UC63tFvbQ_hJhGDi2nbjssjw,UC14qlobYKqD-DO0j6b75lcA,1
UC63tFvbQ_hJhGDi2nbjssjw,UC0HvfEWozTHbwl_iEmJNvVA,1
UC63tFvbQ_hJhGDi2nbjssjw,UC-Iul5tDYH_oiAMXQH-KaaQ,1
UC63tFvbQ_hJhGDi2nbjssjw,UCgGqw4aqMdMVSGkKiMgrJRQ,1
UC63tFvbQ_hJhGDi2nbjssjw,UCzZ6dDCEsLMXbc5pCFXIprw,1
UC63tFvbQ_hJhGDi2nbjssjw,UChyps3dqY-VY1_wLeq-2lhw,1
UC63tFvbQ_hJhGDi2nbjssjw,UCeQk-WfEA-cJRq4EKeE7TOw,1
UCtCtts20bW6F9CSohau51Iw,UC-HeUTT6_g-VoiWds2a4H-w,1
UCtCtts20bW6F9CSohau51Iw,UCtsxPYw8VUsH_FfnKg-0lmw,1
UCtCtts20bW6F9CSohau51Iw,UCvDwJBBY1mHK70aTEYl6rsA,1
UCtCtts20bW6F9CSohau51Iw,UCfo_yUPzy1f1POwwZxhZ06Q,1
UCtCtts20bW6F9CSohau51Iw,UCRfkkatKrNtAARnXMMYBGlA,1
UCtCtts20bW6F9CSohau51Iw,UCa36MjQLoPAmgJo-R3G8WQA,1
UCtCtts20bW6F9CSohau51Iw,UCEHXl4VvvVpq-_4xC5tsbhg,1
UCtCtts20bW6F9CSohau51Iw,UC1NiEdJ7gk6FlDexIalWnGg,1
UCtCtts20bW6F9CSohau51Iw,UC3YpzAr7pcdKC7BVFEpYzog,1
UCtCtts20bW6F9CSohau51Iw,UC14qlobYKqD-DO0j6b75lcA,1
UCtCtts20bW6F9CSohau51Iw,UC0HvfEWozTHbwl_iEmJNvVA,1
UCtCtts20bW6F9CSohau51Iw,UC-Iul5tDYH_oiAMXQH-KaaQ,1
UCtCtts20bW6F9CSohau51Iw,UCgGqw4aqMdMVSGkKiMgrJRQ,1
UCtCtts20bW6F9CSohau51Iw,UCzZ6dDCEsLMXbc5pCFXIprw,1
UCtCtts20bW6F9CSohau51Iw,UChyps3dqY-VY1_wLeq-2lhw,1
UCtCtts20bW6F9CSohau51Iw,UCeQk-WfEA-cJRq4EKeE7TOw,1
UCcfdg8crmMJwEuLUsAhV7yg,UC9xr9QvIcDvoZNUX5f-jaZw,1
UCcfdg8crmMJwEuLUsAhV7yg,UC-hfX8J5JPJ-dfuakzegMLA,1
UCcfdg8crmMJwEuLUsAhV7yg,UCipetjeiWj4CZB6EbyYziZg,1
UCcfdg8crmMJwEuLUsAhV7yg,UCiGRBf2RNF0WRKhRVT7zFoA,1
UCcfdg8crmMJwEuLUsAhV7yg,UCYwpX26TrCxq8TvbKGRYLXA,1
UCcfdg8crmMJwEuLUsAhV7yg,UCDPWkUX3sNNaCx-m1dV4glA,1
UCcfdg8crmMJwEuLUsAhV7yg,UCz3gu01bmjNv0DpRq-K3XYg,1
UCcfdg8crmMJwEuLUsAhV7yg,UC8r11yOugM2NuRfitQOxLLg,1
UCcfdg8crmMJwEuLUsAhV7yg,UCwha8rxULYMVtNwZWeSkE1A,1
UCcfdg8crmMJwEuLUsAhV7yg,UCUIIIPTVDVHAXqhC_5V6lPA,1
UCcfdg8crmMJwEuLUsAhV7yg,UCXXh7yg5KUFIWylTiKVEFKQ,1
UCcfdg8crmMJwEuLUsAhV7yg,UCj-LL25XJnjxepPKCc3NGog,1
UCcfdg8crmMJwEuLUsAhV7yg,UCYN4wSQ1Sx4_LurxLlW7MPg,1
UCcfdg8crmMJwEuLUsAhV7yg,UCsSXdJct-nsS8DsABoEsaYA,1
UCcfdg8crmMJwEuLUsAhV7yg,UC7VUuJr9cGh845CmTvf7TlQ,1
UCcfdg8crmMJwEuLUsAhV7yg,UCSou6a2OuYGSvPjm5psquyA,1
UCcfdg8crmMJwEuLUsAhV7yg,UCsJJAvrVGupdmhOqgtDp8dg,1
UCcfdg8crmMJwEuLUsAhV7yg,UCFhxtoeARHPnXXPcDrOU3Xg,1
UCcfdg8crmMJwEuLUsAhV7yg,UCGzXwyCzMzGmjmCbH3Hg01Q,1
UCcfdg8crmMJwEuLUsAhV7yg,UC3E9mAgP7VoAE5mZoAexl5g,1
UCcfdg8crmMJwEuLUsAhV7yg,UCB5p8a5gklc80jJItP6xTHg,1
UCcfdg8crmMJwEuLUsAhV7yg,UCQtICyzWmhC5woCtbNgaSmg,1
UCcfdg8crmMJwEuLUsAhV7yg,UCfM3nrxtTQMY5jFx1v1J4Gg,1
UCcfdg8crmMJwEuLUsAhV7yg,UCFoIAE8k82D6AV-8gjjKaNg,1
UCcfdg8crmMJwEuLUsAhV7yg,UCkd9W714-947dEE6ZOEBATA,1
UCcfdg8crmMJwEuLUsAhV7yg,UCA93ym2TXs_Ibyxb4Vcn-6Q,1
UCcfdg8crmMJwEuLUsAhV7yg,UCFxE8GbokBrBsPEKM1xrOjQ,1
UCcfdg8crmMJwEuLUsAhV7yg,UC8G5cJONY8L9voMyBW8Eoug,1
UCcfdg8crmMJwEuLUsAhV7yg,UCTD6q1nyIe3Y7HhqjaMj72w,1
UCcfdg8crmMJwEuLUsAhV7yg,UC2Y_EHWQKevubk4vOEBBFxw,1
UCcfdg8crmMJwEuLUsAhV7yg,UCTP3O0rMnc8z8v8jaDQwL0w,1
UCcfdg8crmMJwEuLUsAhV7yg,UCAmtbUiIrUIhikru0ZoTFig,1
UCcfdg8crmMJwEuLUsAhV7yg,UCRlCV9zSn7avAWh-9_XFWqQ,1
UCcfdg8crmMJwEuLUsAhV7yg,UCpl8rF8uv_8uui-QRvuJaRA,1
UCcfdg8crmMJwEuLUsAhV7yg,UCsUCN0Yq_UyTvKjOJLmNrnQ,1
UCcfdg8crmMJwEuLUsAhV7yg,UCjSKM9j0Q7HLDr1hD6D-TUw,1
UCcfdg8crmMJwEuLUsAhV7yg,UChep9kVb5gQmpodEEl10Xlg,1
UCcfdg8crmMJwEuLUsAhV7yg,UCDftMWXQoJ6nONfY7GVOVjg,1
UCcfdg8crmMJwEuLUsAhV7yg,UCEgEQmRbtL5fwr9_DqAC--g,1
UCcfdg8crmMJwEuLUsAhV7yg,UCDQaQv0hr2SS_PO-CMEwVHg,1
UCcfdg8crmMJwEuLUsAhV7yg,UCtNfIBnc5S5DbbQj_yxgJTw,1
UCcfdg8crmMJwEuLUsAhV7yg,UCvApqeCbLod-wejtT4CcVuA,1
UCcfdg8crmMJwEuLUsAhV7yg,UCrJn_rbo_ENAdeqneS-RmRw,1
UCcfdg8crmMJwEuLUsAhV7yg,UCTylKrsqkrBKIqubMu_5N0Q,1
UCcfdg8crmMJwEuLUsAhV7yg,UCjmPuazZJzscrwvk0QR9RVw,1
UCcfdg8crmMJwEuLUsAhV7yg,UCr1emrogPKkKTs_WTtx71xg,1
UCcfdg8crmMJwEuLUsAhV7yg,UC4cXueR2bKGFJV0Fk76gwmA,1
UCcfdg8crmMJwEuLUsAhV7yg,UCL1MT278vSaQ83ZDkVWn1gw,1
UCcfdg8crmMJwEuLUsAhV7yg,UCRETAiYdh2dL5ZxB0_N1zDA,1
UCcfdg8crmMJwEuLUsAhV7yg,UCtUR3_CAiE7fCoZHM6cMfyQ,1
UCcfdg8crmMJwEuLUsAhV7yg,UCylqlpsh8ENNM1LqgQ1KbxA,1
UCcfdg8crmMJwEuLUsAhV7yg,UC3NMzdMYryaw82kPTnsaljg,1
UCcfdg8crmMJwEuLUsAhV7yg,UCsjs5Hp_r86x1xbK6FAeqaA,1
UCcfdg8crmMJwEuLUsAhV7yg,UCp4iw5_5SmV9VGTFSNVGOmQ,1
UCcfdg8crmMJwEuLUsAhV7yg,UCKDR0f2fu2UzWL8mBv5-BHw,1
UCcfdg8crmMJwEuLUsAhV7yg,UCFUuDARXdmmIrLppEqf-rFg,1
UCcfdg8crmMJwEuLUsAhV7yg,UC5bG9nc_JV3FsNP2KseQiYw,1
UCcfdg8crmMJwEuLUsAhV7yg,UC1vr9aaMI2crB0NvwFHUeoQ,1
UCcfdg8crmMJwEuLUsAhV7yg,UCDUffaruH6dyUnUGwsTKpgg,1
UCcfdg8crmMJwEuLUsAhV7yg,UCDlr1VadSucIZgZ171pRBjQ,1
UCcfdg8crmMJwEuLUsAhV7yg,UCySYJU5kUh7X8gVt9la2ISA,1
UCcfdg8crmMJwEuLUsAhV7yg,UCHTGCgY2l-DQJIvlA_cpa_Q,1
UCcfdg8crmMJwEuLUsAhV7yg,UC2weSE8rpqkGMOp6StYtVfg,1
UCcfdg8crmMJwEuLUsAhV7yg,UCpsKOkt5iWTbenzeuq7dsmQ,1
UCcfdg8crmMJwEuLUsAhV7yg,UC650pRT-OYzny3GwOH8Cgfw,1
UCcfdg8crmMJwEuLUsAhV7yg,UCl0ekS9Tt0jJGtOEM18S63w,1
UCcfdg8crmMJwEuLUsAhV7yg,UCiMythXHsw7eQEMykCdmMUA,1
UCcfdg8crmMJwEuLUsAhV7yg,UCljDbleJul41G1TzOjOZAVA,1
UCcfdg8crmMJwEuLUsAhV7yg,UCAlzM_N6xBlMYmM8EBzX86Q,1
UCcfdg8crmMJwEuLUsAhV7yg,UChZknRmJkeGeQk0-mQuhDOg,1
UCcfdg8crmMJwEuLUsAhV7yg,UCmvOgzmmXbjUthHy-WJ52hQ,1
UCcfdg8crmMJwEuLUsAhV7yg,UCOh6DaZC_x9HASnlRylEMfw,1
UCcfdg8crmMJwEuLUsAhV7yg,UC-jS_kA9w-OmpupXDx156Rg,1
UCcfdg8crmMJwEuLUsAhV7yg,UCXgr7vXlRrsaskPdo097kGA,1
UC6Uj1FT5JjDSF8vudvDxPAA,UCpe5jW3MIqkgTJ-PgkzvM6Q,1
UC6Uj1FT5JjDSF8vudvDxPAA,UCDrmf9y9nLgFY5wnA2hTuGA,1
UC6Uj1FT5JjDSF8vudvDxPAA,UC-fiZBS5Gp1eCJd9ucgWnCg,1
UC6Uj1FT5JjDSF8vudvDxPAA,UCZeIIQrGAedW8tCbKWmGY-A,1
UC6Uj1FT5JjDSF8vudvDxPAA,UCCBYcToQ2dwkd6TJh0FSyDg,1
UC6Uj1FT5JjDSF8vudvDxPAA,UCQqlPPUGqAfWjd-FSh_qn7Q,1
UC6Uj1FT5JjDSF8vudvDxPAA,UCUoYsrx1oZnCZ0usbBJn4fA,1
UC6Uj1FT5JjDSF8vudvDxPAA,UC_LYoGs5C3mbZKZuKuqYCvw,1
UC6Uj1FT5JjDSF8vudvDxPAA,UCRvPToDkkumha7WJAfCDk1A,1
UC6Uj1FT5JjDSF8vudvDxPAA,UCu8_3-Wg-YzNyvHYQDEscfw,1
UC6Uj1FT5JjDSF8vudvDxPAA,UCylqlpsh8ENNM1LqgQ1KbxA,1
UC6Uj1FT5JjDSF8vudvDxPAA,UC32oozucwCF3q8d4m8fyOUg,1
UC6Uj1FT5JjDSF8vudvDxPAA,UCW-JC6lebVmf2P1dmY_L94g,1
UC6Uj1FT5JjDSF8vudvDxPAA,UCAKuKvcbfnBD3kF5njNu-IA,1
UC6Uj1FT5JjDSF8vudvDxPAA,UC3UVO7pTbeYvZ3ILEyRDskQ,1
UC6Uj1FT5JjDSF8vudvDxPAA,UC4Avya4kmR4Q0FrfFdBozSQ,1
UC6Uj1FT5JjDSF8vudvDxPAA,UCgJNFj5dnxXpcMvmuhZDPxA,1
UC6Uj1FT5JjDSF8vudvDxPAA,UC1DpqK6vaPEkBOMNvypsKYg,1
UC6Uj1FT5JjDSF8vudvDxPAA,UCpsKOkt5iWTbenzeuq7dsmQ,1
UC6Uj1FT5JjDSF8vudvDxPAA,UCWoAVGVqCn4xtINCMOTM4jg,1
UC6Uj1FT5JjDSF8vudvDxPAA,UClqA491Xa5fQcXcJJa-vTWw,1
UC6Uj1FT5JjDSF8vudvDxPAA,UCe8JZoYkX5oKUZyivHYdXhw,1
UC6Uj1FT5JjDSF8vudvDxPAA,UClhMWQ7XKWywYvbRnuf8QsA,1
UC6Uj1FT5JjDSF8vudvDxPAA,UC5hvEnRUzI4Kfvwnyi4QxqQ,1
UC6Uj1FT5JjDSF8vudvDxPAA,UCGGHbtfbbe0o68etrOf0qxw,1
UC6Uj1FT5JjDSF8vudvDxPAA,UC7dadZG7kkGYnsNu6td0FbA,1
UC6Uj1FT5JjDSF8vudvDxPAA,UCsGoJEvb-cFPZ2rWoJcXzEQ,1
UC6Uj1FT5JjDSF8vudvDxPAA,UCuXmOjxC-htcprLgeVXz6Tg,1
UC6Uj1FT5JjDSF8vudvDxPAA,UCHbwIx9pmQuf7i-4_xO2EpA,1
UC6Uj1FT5JjDSF8vudvDxPAA,UCW80DaMjQlEUibC98Cot-Dg,1
UCj-LL25XJnjxepPKCc3NGog,UC9xr9QvIcDvoZNUX5f-jaZw,1
UCj-LL25XJnjxepPKCc3NGog,UC-hfX8J5JPJ-dfuakzegMLA,1
UCj-LL25XJnjxepPKCc3NGog,UCipetjeiWj4CZB6EbyYziZg,1
UCj-LL25XJnjxepPKCc3NGog,UCiGRBf2RNF0WRKhRVT7zFoA,1
UCj-LL25XJnjxepPKCc3NGog,UCYwpX26TrCxq8TvbKGRYLXA,1
UCj-LL25XJnjxepPKCc3NGog,UCDPWkUX3sNNaCx-m1dV4glA,1
UCj-LL25XJnjxepPKCc3NGog,UCz3gu01bmjNv0DpRq-K3XYg,1
UCj-LL25XJnjxepPKCc3NGog,UC8r11yOugM2NuRfitQOxLLg,1
UCj-LL25XJnjxepPKCc3NGog,UCwha8rxULYMVtNwZWeSkE1A,1
UCj-LL25XJnjxepPKCc3NGog,UCUIIIPTVDVHAXqhC_5V6lPA,1
UCj-LL25XJnjxepPKCc3NGog,UCXXh7yg5KUFIWylTiKVEFKQ,1
UCj-LL25XJnjxepPKCc3NGog,UCYN4wSQ1Sx4_LurxLlW7MPg,1
UCj-LL25XJnjxepPKCc3NGog,UCsSXdJct-nsS8DsABoEsaYA,1
UCj-LL25XJnjxepPKCc3NGog,UC7VUuJr9cGh845CmTvf7TlQ,1
UCj-LL25XJnjxepPKCc3NGog,UCSou6a2OuYGSvPjm5psquyA,1
UCj-LL25XJnjxepPKCc3NGog,UCsJJAvrVGupdmhOqgtDp8dg,1
UCj-LL25XJnjxepPKCc3NGog,UCFhxtoeARHPnXXPcDrOU3Xg,1
UCj-LL25XJnjxepPKCc3NGog,UCGzXwyCzMzGmjmCbH3Hg01Q,1
UCj-LL25XJnjxepPKCc3NGog,UC3E9mAgP7VoAE5mZoAexl5g,1
UCj-LL25XJnjxepPKCc3NGog,UCB5p8a5gklc80jJItP6xTHg,1
UCj-LL25XJnjxepPKCc3NGog,UCQtICyzWmhC5woCtbNgaSmg,1
UCj-LL25XJnjxepPKCc3NGog,UCfM3nrxtTQMY5jFx1v1J4Gg,1
UCj-LL25XJnjxepPKCc3NGog,UCFoIAE8k82D6AV-8gjjKaNg,1
UCj-LL25XJnjxepPKCc3NGog,UCkd9W714-947dEE6ZOEBATA,1
UCj-LL25XJnjxepPKCc3NGog,UCA93ym2TXs_Ibyxb4Vcn-6Q,1
UCj-LL25XJnjxepPKCc3NGog,UCFxE8GbokBrBsPEKM1xrOjQ,1
UCj-LL25XJnjxepPKCc3NGog,UC8G5cJONY8L9voMyBW8Eoug,1
UCj-LL25XJnjxepPKCc3NGog,UCTD6q1nyIe3Y7HhqjaMj72w,1
UCj-LL25XJnjxepPKCc3NGog,UC2Y_EHWQKevubk4vOEBBFxw,1
UCj-LL25XJnjxepPKCc3NGog,UCTP3O0rMnc8z8v8jaDQwL0w,1
UCj-LL25XJnjxepPKCc3NGog,UCAmtbUiIrUIhikru0ZoTFig,1
UCj-LL25XJnjxepPKCc3NGog,UCRlCV9zSn7avAWh-9_XFWqQ,1
UCj-LL25XJnjxepPKCc3NGog,UCpl8rF8uv_8uui-QRvuJaRA,1
UCj-LL25XJnjxepPKCc3NGog,UCsUCN0Yq_UyTvKjOJLmNrnQ,1
UCj-LL25XJnjxepPKCc3NGog,UCjSKM9j0Q7HLDr1hD6D-TUw,1
UCj-LL25XJnjxepPKCc3NGog,UChep9kVb5gQmpodEEl10Xlg,1
UCj-LL25XJnjxepPKCc3NGog,UCDftMWXQoJ6nONfY7GVOVjg,1
UCj-LL25XJnjxepPKCc3NGog,UCEgEQmRbtL5fwr9_DqAC--g,1
UCj-LL25XJnjxepPKCc3NGog,UCDQaQv0hr2SS_PO-CMEwVHg,1
UCj-LL25XJnjxepPKCc3NGog,UCtNfIBnc5S5DbbQj_yxgJTw,1
UCj-LL25XJnjxepPKCc3NGog,UCvApqeCbLod-wejtT4CcVuA,1
UCj-LL25XJnjxepPKCc3NGog,UCrJn_rbo_ENAdeqneS-RmRw,1
UCj-LL25XJnjxepPKCc3NGog,UCTylKrsqkrBKIqubMu_5N0Q,1
UCj-LL25XJnjxepPKCc3NGog,UCjmPuazZJzscrwvk0QR9RVw,1
UCj-LL25XJnjxepPKCc3NGog,UCr1emrogPKkKTs_WTtx71xg,1
UCj-LL25XJnjxepPKCc3NGog,UC4cXueR2bKGFJV0Fk76gwmA,1
UCj-LL25XJnjxepPKCc3NGog,UCL1MT278vSaQ83ZDkVWn1gw,1
UCj-LL25XJnjxepPKCc3NGog,UCRETAiYdh2dL5ZxB0_N1zDA,1
UCj-LL25XJnjxepPKCc3NGog,UCtUR3_CAiE7fCoZHM6cMfyQ,1
UCj-LL25XJnjxepPKCc3NGog,UCylqlpsh8ENNM1LqgQ1KbxA,1
UCj-LL25XJnjxepPKCc3NGog,UC3NMzdMYryaw82kPTnsaljg,1
UCj-LL25XJnjxepPKCc3NGog,UCsjs5Hp_r86x1xbK6FAeqaA,1
UCj-LL25XJnjxepPKCc3NGog,UCp4iw5_5SmV9VGTFSNVGOmQ,1
UCj-LL25XJnjxepPKCc3NGog,UCKDR0f2fu2UzWL8mBv5-BHw,1
UCj-LL25XJnjxepPKCc3NGog,UCFUuDARXdmmIrLppEqf-rFg,1
UCj-LL25XJnjxepPKCc3NGog,UC5bG9nc_JV3FsNP2KseQiYw,1
UCj-LL25XJnjxepPKCc3NGog,UC1vr9aaMI2crB0NvwFHUeoQ,1
UCj-LL25XJnjxepPKCc3NGog,UCDUffaruH6dyUnUGwsTKpgg,1
UCj-LL25XJnjxepPKCc3NGog,UCDlr1VadSucIZgZ171pRBjQ,1
UCj-LL25XJnjxepPKCc3NGog,UCySYJU5kUh7X8gVt9la2ISA,1
UCj-LL25XJnjxepPKCc3NGog,UCHTGCgY2l-DQJIvlA_cpa_Q,1
UCj-LL25XJnjxepPKCc3NGog,UC2weSE8rpqkGMOp6StYtVfg,1
UCj-LL25XJnjxepPKCc3NGog,UCpsKOkt5iWTbenzeuq7dsmQ,1
UCj-LL25XJnjxepPKCc3NGog,UC650pRT-OYzny3GwOH8Cgfw,1
UCj-LL25XJnjxepPKCc3NGog,UCl0ekS9Tt0jJGtOEM18S63w,1
UCj-LL25XJnjxepPKCc3NGog,UCiMythXHsw7eQEMykCdmMUA,1
UCj-LL25XJnjxepPKCc3NGog,UCljDbleJul41G1TzOjOZAVA,1
UCj-LL25XJnjxepPKCc3NGog,UCAlzM_N6xBlMYmM8EBzX86Q,1
UCj-LL25XJnjxepPKCc3NGog,UChZknRmJkeGeQk0-mQuhDOg,1
UCj-LL25XJnjxepPKCc3NGog,UCmvOgzmmXbjUthHy-WJ52hQ,1
UCj-LL25XJnjxepPKCc3NGog,UCOh6DaZC_x9HASnlRylEMfw,1
UCj-LL25XJnjxepPKCc3NGog,UC-jS_kA9w-OmpupXDx156Rg,1
UCj-LL25XJnjxepPKCc3NGog,UCXgr7vXlRrsaskPdo097kGA,1
UC1DpqK6vaPEkBOMNvypsKYg,UCpe5jW3MIqkgTJ-PgkzvM6Q,1
UC1DpqK6vaPEkBOMNvypsKYg,UCDrmf9y9nLgFY5wnA2hTuGA,1
UC1DpqK6vaPEkBOMNvypsKYg,UC-fiZBS5Gp1eCJd9ucgWnCg,1
UC1DpqK6vaPEkBOMNvypsKYg,UCZeIIQrGAedW8tCbKWmGY-A,1
UC1DpqK6vaPEkBOMNvypsKYg,UCCBYcToQ2dwkd6TJh0FSyDg,1
UC1DpqK6vaPEkBOMNvypsKYg,UCQqlPPUGqAfWjd-FSh_qn7Q,1
UC1DpqK6vaPEkBOMNvypsKYg,UCUoYsrx1oZnCZ0usbBJn4fA,1
UC1DpqK6vaPEkBOMNvypsKYg,UC_LYoGs5C3mbZKZuKuqYCvw,1
UC1DpqK6vaPEkBOMNvypsKYg,UCRvPToDkkumha7WJAfCDk1A,1
UC1DpqK6vaPEkBOMNvypsKYg,UCu8_3-Wg-YzNyvHYQDEscfw,1
UC1DpqK6vaPEkBOMNvypsKYg,UCylqlpsh8ENNM1LqgQ1KbxA,1
UC1DpqK6vaPEkBOMNvypsKYg,UC32oozucwCF3q8d4m8fyOUg,1
UC1DpqK6vaPEkBOMNvypsKYg,UCW-JC6lebVmf2P1dmY_L94g,1
UC1DpqK6vaPEkBOMNvypsKYg,UCAKuKvcbfnBD3kF5njNu-IA,1
UC1DpqK6vaPEkBOMNvypsKYg,UC3UVO7pTbeYvZ3ILEyRDskQ,1
UC1DpqK6vaPEkBOMNvypsKYg,UC4Avya4kmR4Q0FrfFdBozSQ,1
UC1DpqK6vaPEkBOMNvypsKYg,UCgJNFj5dnxXpcMvmuhZDPxA,1
UC1DpqK6vaPEkBOMNvypsKYg,UCpsKOkt5iWTbenzeuq7dsmQ,1
UC1DpqK6vaPEkBOMNvypsKYg,UCWoAVGVqCn4xtINCMOTM4jg,1
UC1DpqK6vaPEkBOMNvypsKYg,UClqA491Xa5fQcXcJJa-vTWw,1
UC1DpqK6vaPEkBOMNvypsKYg,UCe8JZoYkX5oKUZyivHYdXhw,1
UC1DpqK6vaPEkBOMNvypsKYg,UClhMWQ7XKWywYvbRnuf8QsA,1
UC1DpqK6vaPEkBOMNvypsKYg,UC5hvEnRUzI4Kfvwnyi4QxqQ,1
UC1DpqK6vaPEkBOMNvypsKYg,UCGGHbtfbbe0o68etrOf0qxw,1
UC1DpqK6vaPEkBOMNvypsKYg,UC7dadZG7kkGYnsNu6td0FbA,1
UC1DpqK6vaPEkBOMNvypsKYg,UCsGoJEvb-cFPZ2rWoJcXzEQ,1
UC1DpqK6vaPEkBOMNvypsKYg,UCuXmOjxC-htcprLgeVXz6Tg,1
UC1DpqK6vaPEkBOMNvypsKYg,UCHbwIx9pmQuf7i-4_xO2EpA,1
UC1DpqK6vaPEkBOMNvypsKYg,UCW80DaMjQlEUibC98Cot-Dg,1
UCpsKOkt5iWTbenzeuq7dsmQ,UCZeIIQrGAedW8tCbKWmGY-A,1
UCpsKOkt5iWTbenzeuq7dsmQ,UCQqlPPUGqAfWjd-FSh_qn7Q,1
UCpsKOkt5iWTbenzeuq7dsmQ,UC5wuDq3U3vRAhOQI3D7gNdw,1
UCpsKOkt5iWTbenzeuq7dsmQ,UC9xr9QvIcDvoZNUX5f-jaZw,1
UCpsKOkt5iWTbenzeuq7dsmQ,UC-hfX8J5JPJ-dfuakzegMLA,1
UCpsKOkt5iWTbenzeuq7dsmQ,UCgJNFj5dnxXpcMvmuhZDPxA,1
UCpsKOkt5iWTbenzeuq7dsmQ,UCjJf-AJKRFFWtiN-CSwkDmA,1
UCpsKOkt5iWTbenzeuq7dsmQ,UCipetjeiWj4CZB6EbyYziZg,1
UCpsKOkt5iWTbenzeuq7dsmQ,UCiGRBf2RNF0WRKhRVT7zFoA,1
UCpsKOkt5iWTbenzeuq7dsmQ,UCe8JZoYkX5oKUZyivHYdXhw,1
UCpsKOkt5iWTbenzeuq7dsmQ,UCYwpX26TrCxq8TvbKGRYLXA,1
UCpsKOkt5iWTbenzeuq7dsmQ,UCGGHbtfbbe0o68etrOf0qxw,1
UCpsKOkt5iWTbenzeuq7dsmQ,UCDPWkUX3sNNaCx-m1dV4glA,1
UCpsKOkt5iWTbenzeuq7dsmQ,UCz3gu01bmjNv0DpRq-K3XYg,1
UCpsKOkt5iWTbenzeuq7dsmQ,UC8r11yOugM2NuRfitQOxLLg,1
UCpsKOkt5iWTbenzeuq7dsmQ,UCwha8rxULYMVtNwZWeSkE1A,1
UCpsKOkt5iWTbenzeuq7dsmQ,UCW80DaMjQlEUibC98Cot-Dg,1
UCpsKOkt5iWTbenzeuq7dsmQ,UCUIIIPTVDVHAXqhC_5V6lPA,1
UCpsKOkt5iWTbenzeuq7dsmQ,UCXXh7yg5KUFIWylTiKVEFKQ,1
UCpsKOkt5iWTbenzeuq7dsmQ,UCDrmf9y9nLgFY5wnA2hTuGA,1
UCpsKOkt5iWTbenzeuq7dsmQ,UCCBYcToQ2dwkd6TJh0FSyDg,1
UCpsKOkt5iWTbenzeuq7dsmQ,UCYN4wSQ1Sx4_LurxLlW7MPg,1
UCpsKOkt5iWTbenzeuq7dsmQ,UCRvPToDkkumha7WJAfCDk1A,1
UCpsKOkt5iWTbenzeuq7dsmQ,UCsSXdJct-nsS8DsABoEsaYA,1
UCpsKOkt5iWTbenzeuq7dsmQ,UC7VUuJr9cGh845CmTvf7TlQ,1
UCpsKOkt5iWTbenzeuq7dsmQ,UCSou6a2OuYGSvPjm5psquyA,1
UCpsKOkt5iWTbenzeuq7dsmQ,UCsJJAvrVGupdmhOqgtDp8dg,1
UCpsKOkt5iWTbenzeuq7dsmQ,UCFhxtoeARHPnXXPcDrOU3Xg,1
UCpsKOkt5iWTbenzeuq7dsmQ,UClqA491Xa5fQcXcJJa-vTWw,1
UCpsKOkt5iWTbenzeuq7dsmQ,UC5hvEnRUzI4Kfvwnyi4QxqQ,1
UCpsKOkt5iWTbenzeuq7dsmQ,UCGzXwyCzMzGmjmCbH3Hg01Q,1
UCpsKOkt5iWTbenzeuq7dsmQ,UC3E9mAgP7VoAE5mZoAexl5g,1
UCpsKOkt5iWTbenzeuq7dsmQ,UCB5p8a5gklc80jJItP6xTHg,1
UCpsKOkt5iWTbenzeuq7dsmQ,UCQtICyzWmhC5woCtbNgaSmg,1
UCpsKOkt5iWTbenzeuq7dsmQ,UCfM3nrxtTQMY5jFx1v1J4Gg,1
UCpsKOkt5iWTbenzeuq7dsmQ,UC-fiZBS5Gp1eCJd9ucgWnCg,1
UCpsKOkt5iWTbenzeuq7dsmQ,UCFoIAE8k82D6AV-8gjjKaNg,1
UCpsKOkt5iWTbenzeuq7dsmQ,UCkd9W714-947dEE6ZOEBATA,1
UCpsKOkt5iWTbenzeuq7dsmQ,UCA93ym2TXs_Ibyxb4Vcn-6Q,1
UCpsKOkt5iWTbenzeuq7dsmQ,UC_LYoGs5C3mbZKZuKuqYCvw,1
UCpsKOkt5iWTbenzeuq7dsmQ,UCFxE8GbokBrBsPEKM1xrOjQ,1
UCpsKOkt5iWTbenzeuq7dsmQ,UC8G5cJONY8L9voMyBW8Eoug,1
UCpsKOkt5iWTbenzeuq7dsmQ,UCu8_3-Wg-YzNyvHYQDEscfw,1
UCpsKOkt5iWTbenzeuq7dsmQ,UCTD6q1nyIe3Y7HhqjaMj72w,1
UCpsKOkt5iWTbenzeuq7dsmQ,UC2Y_EHWQKevubk4vOEBBFxw,1
UCpsKOkt5iWTbenzeuq7dsmQ,UCbrtvygfRT6QXqWDNrOf-cA,1
UCpsKOkt5iWTbenzeuq7dsmQ,UC_6KbBY1bsYXz9fwFS0eQRg,1
UCpsKOkt5iWTbenzeuq7dsmQ,UCTP3O0rMnc8z8v8jaDQwL0w,1
UCpsKOkt5iWTbenzeuq7dsmQ,UCAmtbUiIrUIhikru0ZoTFig,1
UCpsKOkt5iWTbenzeuq7dsmQ,UCRlCV9zSn7avAWh-9_XFWqQ,1
UCpsKOkt5iWTbenzeuq7dsmQ,UCpl8rF8uv_8uui-QRvuJaRA,1
UCpsKOkt5iWTbenzeuq7dsmQ,UCsUCN0Yq_UyTvKjOJLmNrnQ,1
UCpsKOkt5iWTbenzeuq7dsmQ,UCjSKM9j0Q7HLDr1hD6D-TUw,1
UCpsKOkt5iWTbenzeuq7dsmQ,UChep9kVb5gQmpodEEl10Xlg,1
UCpsKOkt5iWTbenzeuq7dsmQ,UCDftMWXQoJ6nONfY7GVOVjg,1
UCpsKOkt5iWTbenzeuq7dsmQ,UCEgEQmRbtL5fwr9_DqAC--g,1
UCpsKOkt5iWTbenzeuq7dsmQ,UCDQaQv0hr2SS_PO-CMEwVHg,1
UCpsKOkt5iWTbenzeuq7dsmQ,UCtNfIBnc5S5DbbQj_yxgJTw,1
UCpsKOkt5iWTbenzeuq7dsmQ,UCvApqeCbLod-wejtT4CcVuA,1
UCpsKOkt5iWTbenzeuq7dsmQ,UCrJn_rbo_ENAdeqneS-RmRw,1
UCpsKOkt5iWTbenzeuq7dsmQ,UCTylKrsqkrBKIqubMu_5N0Q,1
UCpsKOkt5iWTbenzeuq7dsmQ,UClhMWQ7XKWywYvbRnuf8QsA,1
UCpsKOkt5iWTbenzeuq7dsmQ,UC7dadZG7kkGYnsNu6td0FbA,1
UCpsKOkt5iWTbenzeuq7dsmQ,UCuXmOjxC-htcprLgeVXz6Tg,1
UCpsKOkt5iWTbenzeuq7dsmQ,UCjmPuazZJzscrwvk0QR9RVw,1
UCpsKOkt5iWTbenzeuq7dsmQ,UCr1emrogPKkKTs_WTtx71xg,1
UCpsKOkt5iWTbenzeuq7dsmQ,UCHbwIx9pmQuf7i-4_xO2EpA,1
UCpsKOkt5iWTbenzeuq7dsmQ,UCnU8wO1OurAmGstDw6VGjgQ,1
UCpsKOkt5iWTbenzeuq7dsmQ,UC4cXueR2bKGFJV0Fk76gwmA,1
UCpsKOkt5iWTbenzeuq7dsmQ,UCpe5jW3MIqkgTJ-PgkzvM6Q,1
UCpsKOkt5iWTbenzeuq7dsmQ,UCL1MT278vSaQ83ZDkVWn1gw,1
UCpsKOkt5iWTbenzeuq7dsmQ,UCUoYsrx1oZnCZ0usbBJn4fA,1
UCpsKOkt5iWTbenzeuq7dsmQ,UCRETAiYdh2dL5ZxB0_N1zDA,1
UCpsKOkt5iWTbenzeuq7dsmQ,UCtUR3_CAiE7fCoZHM6cMfyQ,1
UCpsKOkt5iWTbenzeuq7dsmQ,UCylqlpsh8ENNM1LqgQ1KbxA,2
UCpsKOkt5iWTbenzeuq7dsmQ,UC3NMzdMYryaw82kPTnsaljg,1
UCpsKOkt5iWTbenzeuq7dsmQ,UCsjs5Hp_r86x1xbK6FAeqaA,1
UCpsKOkt5iWTbenzeuq7dsmQ,UC32oozucwCF3q8d4m8fyOUg,1
UCpsKOkt5iWTbenzeuq7dsmQ,UCp4iw5_5SmV9VGTFSNVGOmQ,1
UCpsKOkt5iWTbenzeuq7dsmQ,UCW-JC6lebVmf2P1dmY_L94g,1
UCpsKOkt5iWTbenzeuq7dsmQ,UCKDR0f2fu2UzWL8mBv5-BHw,1
UCpsKOkt5iWTbenzeuq7dsmQ,UCAKuKvcbfnBD3kF5njNu-IA,1
UCpsKOkt5iWTbenzeuq7dsmQ,UCFUuDARXdmmIrLppEqf-rFg,1
UCpsKOkt5iWTbenzeuq7dsmQ,UC5bG9nc_JV3FsNP2KseQiYw,1
UCpsKOkt5iWTbenzeuq7dsmQ,UC1vr9aaMI2crB0NvwFHUeoQ,1
UCpsKOkt5iWTbenzeuq7dsmQ,UCDUffaruH6dyUnUGwsTKpgg,1
UCpsKOkt5iWTbenzeuq7dsmQ,UC3UVO7pTbeYvZ3ILEyRDskQ,1
UCpsKOkt5iWTbenzeuq7dsmQ,UCDlr1VadSucIZgZ171pRBjQ,1
UCpsKOkt5iWTbenzeuq7dsmQ,UCySYJU5kUh7X8gVt9la2ISA,1
UCpsKOkt5iWTbenzeuq7dsmQ,UC4Avya4kmR4Q0FrfFdBozSQ,1
UCpsKOkt5iWTbenzeuq7dsmQ,UCHTGCgY2l-DQJIvlA_cpa_Q,1
UCpsKOkt5iWTbenzeuq7dsmQ,UC2weSE8rpqkGMOp6StYtVfg,1
UCpsKOkt5iWTbenzeuq7dsmQ,UC650pRT-OYzny3GwOH8Cgfw,1
UCpsKOkt5iWTbenzeuq7dsmQ,UCl0ekS9Tt0jJGtOEM18S63w,1
UCpsKOkt5iWTbenzeuq7dsmQ,UCWoAVGVqCn4xtINCMOTM4jg,1
UCpsKOkt5iWTbenzeuq7dsmQ,UCiMythXHsw7eQEMykCdmMUA,1
UCpsKOkt5iWTbenzeuq7dsmQ,UCljDbleJul41G1TzOjOZAVA,1
UCpsKOkt5iWTbenzeuq7dsmQ,UCAlzM_N6xBlMYmM8EBzX86Q,1
UCpsKOkt5iWTbenzeuq7dsmQ,UCsGoJEvb-cFPZ2rWoJcXzEQ,1
UCpsKOkt5iWTbenzeuq7dsmQ,UChZknRmJkeGeQk0-mQuhDOg,1
UCpsKOkt5iWTbenzeuq7dsmQ,UCmvOgzmmXbjUthHy-WJ52hQ,1
UCpsKOkt5iWTbenzeuq7dsmQ,UCOh6DaZC_x9HASnlRylEMfw,1
UCpsKOkt5iWTbenzeuq7dsmQ,UC-jS_kA9w-OmpupXDx156Rg,1
UCpsKOkt5iWTbenzeuq7dsmQ,UCXgr7vXlRrsaskPdo097kGA,1
UCDftMWXQoJ6nONfY7GVOVjg,UC9xr9QvIcDvoZNUX5f-jaZw,1
UCDftMWXQoJ6nONfY7GVOVjg,UC-hfX8J5JPJ-dfuakzegMLA,1
UCDftMWXQoJ6nONfY7GVOVjg,UCipetjeiWj4CZB6EbyYziZg,1
UCDftMWXQoJ6nONfY7GVOVjg,UCiGRBf2RNF0WRKhRVT7zFoA,1
UCDftMWXQoJ6nONfY7GVOVjg,UCYwpX26TrCxq8TvbKGRYLXA,1
UCDftMWXQoJ6nONfY7GVOVjg,UCDPWkUX3sNNaCx-m1dV4glA,1
UCDftMWXQoJ6nONfY7GVOVjg,UCz3gu01bmjNv0DpRq-K3XYg,1
UCDftMWXQoJ6nONfY7GVOVjg,UC8r11yOugM2NuRfitQOxLLg,1
UCDftMWXQoJ6nONfY7GVOVjg,UCwha8rxULYMVtNwZWeSkE1A,1
UCDftMWXQoJ6nONfY7GVOVjg,UCUIIIPTVDVHAXqhC_5V6lPA,1
UCDftMWXQoJ6nONfY7GVOVjg,UCXXh7yg5KUFIWylTiKVEFKQ,1
UCDftMWXQoJ6nONfY7GVOVjg,UCYN4wSQ1Sx4_LurxLlW7MPg,1
UCDftMWXQoJ6nONfY7GVOVjg,UCsSXdJct-nsS8DsABoEsaYA,1
UCDftMWXQoJ6nONfY7GVOVjg,UC7VUuJr9cGh845CmTvf7TlQ,1
UCDftMWXQoJ6nONfY7GVOVjg,UCSou6a2OuYGSvPjm5psquyA,1
UCDftMWXQoJ6nONfY7GVOVjg,UCsJJAvrVGupdmhOqgtDp8dg,1
UCDftMWXQoJ6nONfY7GVOVjg,UCFhxtoeARHPnXXPcDrOU3Xg,1
UCDftMWXQoJ6nONfY7GVOVjg,UCGzXwyCzMzGmjmCbH3Hg01Q,1
UCDftMWXQoJ6nONfY7GVOVjg,UC3E9mAgP7VoAE5mZoAexl5g,1
UCDftMWXQoJ6nONfY7GVOVjg,UCB5p8a5gklc80jJItP6xTHg,1
UCDftMWXQoJ6nONfY7GVOVjg,UCQtICyzWmhC5woCtbNgaSmg,1
UCDftMWXQoJ6nONfY7GVOVjg,UCfM3nrxtTQMY5jFx1v1J4Gg,1
UCDftMWXQoJ6nONfY7GVOVjg,UCFoIAE8k82D6AV-8gjjKaNg,1
UCDftMWXQoJ6nONfY7GVOVjg,UCkd9W714-947dEE6ZOEBATA,1
UCDftMWXQoJ6nONfY7GVOVjg,UCA93ym2TXs_Ibyxb4Vcn-6Q,1
UCDftMWXQoJ6nONfY7GVOVjg,UCFxE8GbokBrBsPEKM1xrOjQ,1
UCDftMWXQoJ6nONfY7GVOVjg,UC8G5cJONY8L9voMyBW8Eoug,1
UCDftMWXQoJ6nONfY7GVOVjg,UCTD6q1nyIe3Y7HhqjaMj72w,1
UCDftMWXQoJ6nONfY7GVOVjg,UC2Y_EHWQKevubk4vOEBBFxw,1
UCDftMWXQoJ6nONfY7GVOVjg,UCTP3O0rMnc8z8v8jaDQwL0w,1
UCDftMWXQoJ6nONfY7GVOVjg,UCAmtbUiIrUIhikru0ZoTFig,1
UCDftMWXQoJ6nONfY7GVOVjg,UCRlCV9zSn7avAWh-9_XFWqQ,1
UCDftMWXQoJ6nONfY7GVOVjg,UCpl8rF8uv_8uui-QRvuJaRA,1
UCDftMWXQoJ6nONfY7GVOVjg,UCsUCN0Yq_UyTvKjOJLmNrnQ,1
UCDftMWXQoJ6nONfY7GVOVjg,UCjSKM9j0Q7HLDr1hD6D-TUw,1
UCDftMWXQoJ6nONfY7GVOVjg,UChep9kVb5gQmpodEEl10Xlg,1
UCDftMWXQoJ6nONfY7GVOVjg,UCEgEQmRbtL5fwr9_DqAC--g,1
UCDftMWXQoJ6nONfY7GVOVjg,UCDQaQv0hr2SS_PO-CMEwVHg,1
UCDftMWXQoJ6nONfY7GVOVjg,UCtNfIBnc5S5DbbQj_yxgJTw,1
UCDftMWXQoJ6nONfY7GVOVjg,UCvApqeCbLod-wejtT4CcVuA,1
UCDftMWXQoJ6nONfY7GVOVjg,UCrJn_rbo_ENAdeqneS-RmRw,1
UCDftMWXQoJ6nONfY7GVOVjg,UCTylKrsqkrBKIqubMu_5N0Q,1
UCDftMWXQoJ6nONfY7GVOVjg,UCjmPuazZJzscrwvk0QR9RVw,1
UCDftMWXQoJ6nONfY7GVOVjg,UCr1emrogPKkKTs_WTtx71xg,1
UCDftMWXQoJ6nONfY7GVOVjg,UC4cXueR2bKGFJV0Fk76gwmA,1
UCDftMWXQoJ6nONfY7GVOVjg,UCL1MT278vSaQ83ZDkVWn1gw,1
UCDftMWXQoJ6nONfY7GVOVjg,UCRETAiYdh2dL5ZxB0_N1zDA,1
UCDftMWXQoJ6nONfY7GVOVjg,UCtUR3_CAiE7fCoZHM6cMfyQ,1
UCDftMWXQoJ6nONfY7GVOVjg,UCylqlpsh8ENNM1LqgQ1KbxA,1
UCDftMWXQoJ6nONfY7GVOVjg,UC3NMzdMYryaw82kPTnsaljg,1
UCDftMWXQoJ6nONfY7GVOVjg,UCsjs5Hp_r86x1xbK6FAeqaA,1
UCDftMWXQoJ6nONfY7GVOVjg,UCp4iw5_5SmV9VGTFSNVGOmQ,1
UCDftMWXQoJ6nONfY7GVOVjg,UCKDR0f2fu2UzWL8mBv5-BHw,1
UCDftMWXQoJ6nONfY7GVOVjg,UCFUuDARXdmmIrLppEqf-rFg,1
UCDftMWXQoJ6nONfY7GVOVjg,UC5bG9nc_JV3FsNP2KseQiYw,1
UCDftMWXQoJ6nONfY7GVOVjg,UC1vr9aaMI2crB0NvwFHUeoQ,1
UCDftMWXQoJ6nONfY7GVOVjg,UCDUffaruH6dyUnUGwsTKpgg,1
UCDftMWXQoJ6nONfY7GVOVjg,UCDlr1VadSucIZgZ171pRBjQ,1
UCDftMWXQoJ6nONfY7GVOVjg,UCySYJU5kUh7X8gVt9la2ISA,1
UCDftMWXQoJ6nONfY7GVOVjg,UCHTGCgY2l-DQJIvlA_cpa_Q,1
UCDftMWXQoJ6nONfY7GVOVjg,UC2weSE8rpqkGMOp6StYtVfg,1
UCDftMWXQoJ6nONfY7GVOVjg,UC650pRT-OYzny3GwOH8Cgfw,1
UCDftMWXQoJ6nONfY7GVOVjg,UCl0ekS9Tt0jJGtOEM18S63w,1
UCDftMWXQoJ6nONfY7GVOVjg,UCiMythXHsw7eQEMykCdmMUA,1
UCDftMWXQoJ6nONfY7GVOVjg,UCljDbleJul41G1TzOjOZAVA,1
UCDftMWXQoJ6nONfY7GVOVjg,UCAlzM_N6xBlMYmM8EBzX86Q,1
UCDftMWXQoJ6nONfY7GVOVjg,UChZknRmJkeGeQk0-mQuhDOg,1
UCDftMWXQoJ6nONfY7GVOVjg,UCmvOgzmmXbjUthHy-WJ52hQ,1
UCDftMWXQoJ6nONfY7GVOVjg,UCOh6DaZC_x9HASnlRylEMfw,1
UCDftMWXQoJ6nONfY7GVOVjg,UC-jS_kA9w-OmpupXDx156Rg,1
UCDftMWXQoJ6nONfY7GVOVjg,UCXgr7vXlRrsaskPdo097kGA,1
UCYwpX26TrCxq8TvbKGRYLXA,UC9xr9QvIcDvoZNUX5f-jaZw,1
UCYwpX26TrCxq8TvbKGRYLXA,UC-hfX8J5JPJ-dfuakzegMLA,1
UCYwpX26TrCxq8TvbKGRYLXA,UCipetjeiWj4CZB6EbyYziZg,1
UCYwpX26TrCxq8TvbKGRYLXA,UCiGRBf2RNF0WRKhRVT7zFoA,1
UCYwpX26TrCxq8TvbKGRYLXA,UCDPWkUX3sNNaCx-m1dV4glA,1
UCYwpX26TrCxq8TvbKGRYLXA,UCz3gu01bmjNv0DpRq-K3XYg,1
UCYwpX26TrCxq8TvbKGRYLXA,UC8r11yOugM2NuRfitQOxLLg,1
UCYwpX26TrCxq8TvbKGRYLXA,UCwha8rxULYMVtNwZWeSkE1A,1
UCYwpX26TrCxq8TvbKGRYLXA,UCUIIIPTVDVHAXqhC_5V6lPA,1
UCYwpX26TrCxq8TvbKGRYLXA,UCXXh7yg5KUFIWylTiKVEFKQ,1
UCYwpX26TrCxq8TvbKGRYLXA,UCYN4wSQ1Sx4_LurxLlW7MPg,1
UCYwpX26TrCxq8TvbKGRYLXA,UCsSXdJct-nsS8DsABoEsaYA,1
UCYwpX26TrCxq8TvbKGRYLXA,UC7VUuJr9cGh845CmTvf7TlQ,1
UCYwpX26TrCxq8TvbKGRYLXA,UCSou6a2OuYGSvPjm5psquyA,1
UCYwpX26TrCxq8TvbKGRYLXA,UCsJJAvrVGupdmhOqgtDp8dg,1
UCYwpX26TrCxq8TvbKGRYLXA,UCFhxtoeARHPnXXPcDrOU3Xg,1
UCYwpX26TrCxq8TvbKGRYLXA,UCGzXwyCzMzGmjmCbH3Hg01Q,1
UCYwpX26TrCxq8TvbKGRYLXA,UC3E9mAgP7VoAE5mZoAexl5g,1
UCYwpX26TrCxq8TvbKGRYLXA,UCB5p8a5gklc80jJItP6xTHg,1
UCYwpX26TrCxq8TvbKGRYLXA,UCQtICyzWmhC5woCtbNgaSmg,1
UCYwpX26TrCxq8TvbKGRYLXA,UCfM3nrxtTQMY5jFx1v1J4Gg,1
UCYwpX26TrCxq8TvbKGRYLXA,UCFoIAE8k82D6AV-8gjjKaNg,1
UCYwpX26TrCxq8TvbKGRYLXA,UCkd9W714-947dEE6ZOEBATA,1
UCYwpX26TrCxq8TvbKGRYLXA,UCA93ym2TXs_Ibyxb4Vcn-6Q,1
UCYwpX26TrCxq8TvbKGRYLXA,UCFxE8GbokBrBsPEKM1xrOjQ,1
UCYwpX26TrCxq8TvbKGRYLXA,UC8G5cJONY8L9voMyBW8Eoug,1
UCYwpX26TrCxq8TvbKGRYLXA,UCTD6q1nyIe3Y7HhqjaMj72w,1
UCYwpX26TrCxq8TvbKGRYLXA,UC2Y_EHWQKevubk4vOEBBFxw,1
UCYwpX26TrCxq8TvbKGRYLXA,UCTP3O0rMnc8z8v8jaDQwL0w,1
UCYwpX26TrCxq8TvbKGRYLXA,UCAmtbUiIrUIhikru0ZoTFig,1
UCYwpX26TrCxq8TvbKGRYLXA,UCRlCV9zSn7avAWh-9_XFWqQ,1
UCYwpX26TrCxq8TvbKGRYLXA,UCpl8rF8uv_8uui-QRvuJaRA,1
UCYwpX26TrCxq8TvbKGRYLXA,UCsUCN0Yq_UyTvKjOJLmNrnQ,1
UCYwpX26TrCxq8TvbKGRYLXA,UCjSKM9j0Q7HLDr1hD6D-TUw,1
UCYwpX26TrCxq8TvbKGRYLXA,UChep9kVb5gQmpodEEl10Xlg,1
UCYwpX26TrCxq8TvbKGRYLXA,UCEgEQmRbtL5fwr9_DqAC--g,1
UCYwpX26TrCxq8TvbKGRYLXA,UCDQaQv0hr2SS_PO-CMEwVHg,1
UCYwpX26TrCxq8TvbKGRYLXA,UCtNfIBnc5S5DbbQj_yxgJTw,1
UCYwpX26TrCxq8TvbKGRYLXA,UCvApqeCbLod-wejtT4CcVuA,1
UCYwpX26TrCxq8TvbKGRYLXA,UCrJn_rbo_ENAdeqneS-RmRw,1
UCYwpX26TrCxq8TvbKGRYLXA,UCTylKrsqkrBKIqubMu_5N0Q,1
UCYwpX26TrCxq8TvbKGRYLXA,UCjmPuazZJzscrwvk0QR9RVw,1
UCYwpX26TrCxq8TvbKGRYLXA,UCr1emrogPKkKTs_WTtx71xg,1
UCYwpX26TrCxq8TvbKGRYLXA,UC4cXueR2bKGFJV0Fk76gwmA,1
UCYwpX26TrCxq8TvbKGRYLXA,UCL1MT278vSaQ83ZDkVWn1gw,1
UCYwpX26TrCxq8TvbKGRYLXA,UCRETAiYdh2dL5ZxB0_N1zDA,1
UCYwpX26TrCxq8TvbKGRYLXA,UCtUR3_CAiE7fCoZHM6cMfyQ,1
UCYwpX26TrCxq8TvbKGRYLXA,UCylqlpsh8ENNM1LqgQ1KbxA,1
UCYwpX26TrCxq8TvbKGRYLXA,UC3NMzdMYryaw82kPTnsaljg,1
UCYwpX26TrCxq8TvbKGRYLXA,UCsjs5Hp_r86x1xbK6FAeqaA,1
UCYwpX26TrCxq8TvbKGRYLXA,UCp4iw5_5SmV9VGTFSNVGOmQ,1
UCYwpX26TrCxq8TvbKGRYLXA,UCKDR0f2fu2UzWL8mBv5-BHw,1
UCYwpX26TrCxq8TvbKGRYLXA,UCFUuDARXdmmIrLppEqf-rFg,1
UCYwpX26TrCxq8TvbKGRYLXA,UC5bG9nc_JV3FsNP2KseQiYw,1
UCYwpX26TrCxq8TvbKGRYLXA,UC1vr9aaMI2crB0NvwFHUeoQ,1
UCYwpX26TrCxq8TvbKGRYLXA,UCDUffaruH6dyUnUGwsTKpgg,1
UCYwpX26TrCxq8TvbKGRYLXA,UCDlr1VadSucIZgZ171pRBjQ,1
UCYwpX26TrCxq8TvbKGRYLXA,UCySYJU5kUh7X8gVt9la2ISA,1
UCYwpX26TrCxq8TvbKGRYLXA,UCHTGCgY2l-DQJIvlA_cpa_Q,1
UCYwpX26TrCxq8TvbKGRYLXA,UC2weSE8rpqkGMOp6StYtVfg,1
UCYwpX26TrCxq8TvbKGRYLXA,UC650pRT-OYzny3GwOH8Cgfw,1
UCYwpX26TrCxq8TvbKGRYLXA,UCl0ekS9Tt0jJGtOEM18S63w,1
UCYwpX26TrCxq8TvbKGRYLXA,UCiMythXHsw7eQEMykCdmMUA,1
UCYwpX26TrCxq8TvbKGRYLXA,UCljDbleJul41G1TzOjOZAVA,1
UCYwpX26TrCxq8TvbKGRYLXA,UCAlzM_N6xBlMYmM8EBzX86Q,1
UCYwpX26TrCxq8TvbKGRYLXA,UChZknRmJkeGeQk0-mQuhDOg,1
UCYwpX26TrCxq8TvbKGRYLXA,UCmvOgzmmXbjUthHy-WJ52hQ,1
UCYwpX26TrCxq8TvbKGRYLXA,UCOh6DaZC_x9HASnlRylEMfw,1
UCYwpX26TrCxq8TvbKGRYLXA,UC-jS_kA9w-OmpupXDx156Rg,1
UCYwpX26TrCxq8TvbKGRYLXA,UCXgr7vXlRrsaskPdo097kGA,1
UCUIIIPTVDVHAXqhC_5V6lPA,UC9xr9QvIcDvoZNUX5f-jaZw,1
UCUIIIPTVDVHAXqhC_5V6lPA,UC-hfX8J5JPJ-dfuakzegMLA,1
UCUIIIPTVDVHAXqhC_5V6lPA,UCipetjeiWj4CZB6EbyYziZg,1
UCUIIIPTVDVHAXqhC_5V6lPA,UCiGRBf2RNF0WRKhRVT7zFoA,1
UCUIIIPTVDVHAXqhC_5V6lPA,UCDPWkUX3sNNaCx-m1dV4glA,1
UCUIIIPTVDVHAXqhC_5V6lPA,UCz3gu01bmjNv0DpRq-K3XYg,1
UCUIIIPTVDVHAXqhC_5V6lPA,UC8r11yOugM2NuRfitQOxLLg,1
UCUIIIPTVDVHAXqhC_5V6lPA,UCwha8rxULYMVtNwZWeSkE1A,1
UCUIIIPTVDVHAXqhC_5V6lPA,UCXXh7yg5KUFIWylTiKVEFKQ,1
UCUIIIPTVDVHAXqhC_5V6lPA,UCYN4wSQ1Sx4_LurxLlW7MPg,1
UCUIIIPTVDVHAXqhC_5V6lPA,UCsSXdJct-nsS8DsABoEsaYA,1
UCUIIIPTVDVHAXqhC_5V6lPA,UC7VUuJr9cGh845CmTvf7TlQ,1
UCUIIIPTVDVHAXqhC_5V6lPA,UCSou6a2OuYGSvPjm5psquyA,1
UCUIIIPTVDVHAXqhC_5V6lPA,UCsJJAvrVGupdmhOqgtDp8dg,1
UCUIIIPTVDVHAXqhC_5V6lPA,UCFhxtoeARHPnXXPcDrOU3Xg,1
UCUIIIPTVDVHAXqhC_5V6lPA,UCGzXwyCzMzGmjmCbH3Hg01Q,1
UCUIIIPTVDVHAXqhC_5V6lPA,UC3E9mAgP7VoAE5mZoAexl5g,1
UCUIIIPTVDVHAXqhC_5V6lPA,UCB5p8a5gklc80jJItP6xTHg,1
UCUIIIPTVDVHAXqhC_5V6lPA,UCQtICyzWmhC5woCtbNgaSmg,1
UCUIIIPTVDVHAXqhC_5V6lPA,UCfM3nrxtTQMY5jFx1v1J4Gg,1
UCUIIIPTVDVHAXqhC_5V6lPA,UCFoIAE8k82D6AV-8gjjKaNg,1
UCUIIIPTVDVHAXqhC_5V6lPA,UCkd9W714-947dEE6ZOEBATA,1
UCUIIIPTVDVHAXqhC_5V6lPA,UCA93ym2TXs_Ibyxb4Vcn-6Q,1
UCUIIIPTVDVHAXqhC_5V6lPA,UCFxE8GbokBrBsPEKM1xrOjQ,1
UCUIIIPTVDVHAXqhC_5V6lPA,UC8G5cJONY8L9voMyBW8Eoug,1
UCUIIIPTVDVHAXqhC_5V6lPA,UCTD6q1nyIe3Y7HhqjaMj72w,1
UCUIIIPTVDVHAXqhC_5V6lPA,UC2Y_EHWQKevubk4vOEBBFxw,1
UCUIIIPTVDVHAXqhC_5V6lPA,UCTP3O0rMnc8z8v8jaDQwL0w,1
UCUIIIPTVDVHAXqhC_5V6lPA,UCAmtbUiIrUIhikru0ZoTFig,1
UCUIIIPTVDVHAXqhC_5V6lPA,UCRlCV9zSn7avAWh-9_XFWqQ,1
UCUIIIPTVDVHAXqhC_5V6lPA,UCpl8rF8uv_8uui-QRvuJaRA,1
UCUIIIPTVDVHAXqhC_5V6lPA,UCsUCN0Yq_UyTvKjOJLmNrnQ,1
UCUIIIPTVDVHAXqhC_5V6lPA,UCjSKM9j0Q7HLDr1hD6D-TUw,1
UCUIIIPTVDVHAXqhC_5V6lPA,UChep9kVb5gQmpodEEl10Xlg,1
UCUIIIPTVDVHAXqhC_5V6lPA,UCEgEQmRbtL5fwr9_DqAC--g,1
UCUIIIPTVDVHAXqhC_5V6lPA,UCDQaQv0hr2SS_PO-CMEwVHg,1
UCUIIIPTVDVHAXqhC_5V6lPA,UCtNfIBnc5S5DbbQj_yxgJTw,1
UCUIIIPTVDVHAXqhC_5V6lPA,UCvApqeCbLod-wejtT4CcVuA,1
UCUIIIPTVDVHAXqhC_5V6lPA,UCrJn_rbo_ENAdeqneS-RmRw,1
UCUIIIPTVDVHAXqhC_5V6lPA,UCTylKrsqkrBKIqubMu_5N0Q,1
UCUIIIPTVDVHAXqhC_5V6lPA,UCjmPuazZJzscrwvk0QR9RVw,1
UCUIIIPTVDVHAXqhC_5V6lPA,UCr1emrogPKkKTs_WTtx71xg,1
UCUIIIPTVDVHAXqhC_5V6lPA,UC4cXueR2bKGFJV0Fk76gwmA,1
UCUIIIPTVDVHAXqhC_5V6lPA,UCL1MT278vSaQ83ZDkVWn1gw,1
UCUIIIPTVDVHAXqhC_5V6lPA,UCRETAiYdh2dL5ZxB0_N1zDA,1
UCUIIIPTVDVHAXqhC_5V6lPA,UCtUR3_CAiE7fCoZHM6cMfyQ,1
UCUIIIPTVDVHAXqhC_5V6lPA,UCylqlpsh8ENNM1LqgQ1KbxA,1
UCUIIIPTVDVHAXqhC_5V6lPA,UC3NMzdMYryaw82kPTnsaljg,1
UCUIIIPTVDVHAXqhC_5V6lPA,UCsjs5Hp_r86x1xbK6FAeqaA,1
UCUIIIPTVDVHAXqhC_5V6lPA,UCp4iw5_5SmV9VGTFSNVGOmQ,1
UCUIIIPTVDVHAXqhC_5V6lPA,UCKDR0f2fu2UzWL8mBv5-BHw,1
UCUIIIPTVDVHAXqhC_5V6lPA,UCFUuDARXdmmIrLppEqf-rFg,1
UCUIIIPTVDVHAXqhC_5V6lPA,UC5bG9nc_JV3FsNP2KseQiYw,1
UCUIIIPTVDVHAXqhC_5V6lPA,UC1vr9aaMI2crB0NvwFHUeoQ,1
UCUIIIPTVDVHAXqhC_5V6lPA,UCDUffaruH6dyUnUGwsTKpgg,1
UCUIIIPTVDVHAXqhC_5V6lPA,UCDlr1VadSucIZgZ171pRBjQ,1
UCUIIIPTVDVHAXqhC_5V6lPA,UCySYJU5kUh7X8gVt9la2ISA,1
UCUIIIPTVDVHAXqhC_5V6lPA,UCHTGCgY2l-DQJIvlA_cpa_Q,1
UCUIIIPTVDVHAXqhC_5V6lPA,UC2weSE8rpqkGMOp6StYtVfg,1
UCUIIIPTVDVHAXqhC_5V6lPA,UC650pRT-OYzny3GwOH8Cgfw,1
UCUIIIPTVDVHAXqhC_5V6lPA,UCl0ekS9Tt0jJGtOEM18S63w,1
UCUIIIPTVDVHAXqhC_5V6lPA,UCiMythXHsw7eQEMykCdmMUA,1
UCUIIIPTVDVHAXqhC_5V6lPA,UCljDbleJul41G1TzOjOZAVA,1
UCUIIIPTVDVHAXqhC_5V6lPA,UCAlzM_N6xBlMYmM8EBzX86Q,1
UCUIIIPTVDVHAXqhC_5V6lPA,UChZknRmJkeGeQk0-mQuhDOg,1
UCUIIIPTVDVHAXqhC_5V6lPA,UCmvOgzmmXbjUthHy-WJ52hQ,1
UCUIIIPTVDVHAXqhC_5V6lPA,UCOh6DaZC_x9HASnlRylEMfw,1
UCUIIIPTVDVHAXqhC_5V6lPA,UC-jS_kA9w-OmpupXDx156Rg,1
UCUIIIPTVDVHAXqhC_5V6lPA,UCXgr7vXlRrsaskPdo097kGA,1
UCzZ6dDCEsLMXbc5pCFXIprw,UCPZueDLrCS4BmTBRMA4q0fA,1
UCzZ6dDCEsLMXbc5pCFXIprw,UCf5lnNZF7Qrtli9v4N_23WQ,1
UCzZ6dDCEsLMXbc5pCFXIprw,UC-HeUTT6_g-VoiWds2a4H-w,1
UCzZ6dDCEsLMXbc5pCFXIprw,UCtsxPYw8VUsH_FfnKg-0lmw,1
UCzZ6dDCEsLMXbc5pCFXIprw,UCbYoNG5J3Au5BqtbXogfEFw,1
UCzZ6dDCEsLMXbc5pCFXIprw,UC8xlJWNHz1V_W6q3fbuQH8g,1
UCzZ6dDCEsLMXbc5pCFXIprw,UCvDwJBBY1mHK70aTEYl6rsA,1
UCzZ6dDCEsLMXbc5pCFXIprw,UCfo_yUPzy1f1POwwZxhZ06Q,1
UCzZ6dDCEsLMXbc5pCFXIprw,UClsrFGJKWPxxw7MiaEdKLXw,1
UCzZ6dDCEsLMXbc5pCFXIprw,UCRfkkatKrNtAARnXMMYBGlA,1
UCzZ6dDCEsLMXbc5pCFXIprw,UCAV7QIjYhbDJaycQycM_0eQ,1
UCzZ6dDCEsLMXbc5pCFXIprw,UCa36MjQLoPAmgJo-R3G8WQA,1
UCzZ6dDCEsLMXbc5pCFXIprw,UCVQf0tzL7xRzFJsABVVULpg,1
UCzZ6dDCEsLMXbc5pCFXIprw,UCEHXl4VvvVpq-_4xC5tsbhg,1
UCzZ6dDCEsLMXbc5pCFXIprw,UCHTGCgY2l-DQJIvlA_cpa_Q,1
UCzZ6dDCEsLMXbc5pCFXIprw,UC1NiEdJ7gk6FlDexIalWnGg,1
UCzZ6dDCEsLMXbc5pCFXIprw,UC3YpzAr7pcdKC7BVFEpYzog,1
UCzZ6dDCEsLMXbc5pCFXIprw,UCg3eIfd7BrsLEqS0BLkftHA,1
UCzZ6dDCEsLMXbc5pCFXIprw,UCuP4UK33HKtJE_S39ksmaTw,1
UCzZ6dDCEsLMXbc5pCFXIprw,UCusjriFsDHEc2AOjqk-p5ig,1
UCzZ6dDCEsLMXbc5pCFXIprw,UC14qlobYKqD-DO0j6b75lcA,1
UCzZ6dDCEsLMXbc5pCFXIprw,UC0HvfEWozTHbwl_iEmJNvVA,1
UCzZ6dDCEsLMXbc5pCFXIprw,UC-Iul5tDYH_oiAMXQH-KaaQ,1
UCzZ6dDCEsLMXbc5pCFXIprw,UCgGqw4aqMdMVSGkKiMgrJRQ,1
UCzZ6dDCEsLMXbc5pCFXIprw,UCgQJgI9vu1FI2dnC9mrFthw,1
UCzZ6dDCEsLMXbc5pCFXIprw,UCGX_UbAQOXGZknv5iqklwTA,1
UCzZ6dDCEsLMXbc5pCFXIprw,UCtNyHmRZtvGF2hSvI2dUBWw,1
UCzZ6dDCEsLMXbc5pCFXIprw,UCNIeXbV_mEwpa412h1aqUWw,1
UCzZ6dDCEsLMXbc5pCFXIprw,UChyps3dqY-VY1_wLeq-2lhw,1
UCzZ6dDCEsLMXbc5pCFXIprw,UCeQk-WfEA-cJRq4EKeE7TOw,1
UCNIeXbV_mEwpa412h1aqUWw,UCPZueDLrCS4BmTBRMA4q0fA,1
UCNIeXbV_mEwpa412h1aqUWw,UCf5lnNZF7Qrtli9v4N_23WQ,1
UCNIeXbV_mEwpa412h1aqUWw,UCHTGCgY2l-DQJIvlA_cpa_Q,1
UCNIeXbV_mEwpa412h1aqUWw,UCg3eIfd7BrsLEqS0BLkftHA,1
UCNIeXbV_mEwpa412h1aqUWw,UCuP4UK33HKtJE_S39ksmaTw,1
UCNIeXbV_mEwpa412h1aqUWw,UCusjriFsDHEc2AOjqk-p5ig,1
UCNIeXbV_mEwpa412h1aqUWw,UCbYoNG5J3Au5BqtbXogfEFw,1
UCNIeXbV_mEwpa412h1aqUWw,UC8xlJWNHz1V_W6q3fbuQH8g,1
UCNIeXbV_mEwpa412h1aqUWw,UClsrFGJKWPxxw7MiaEdKLXw,1
UCNIeXbV_mEwpa412h1aqUWw,UCAV7QIjYhbDJaycQycM_0eQ,1
UCNIeXbV_mEwpa412h1aqUWw,UCgQJgI9vu1FI2dnC9mrFthw,1
UCNIeXbV_mEwpa412h1aqUWw,UCVQf0tzL7xRzFJsABVVULpg,1
UCNIeXbV_mEwpa412h1aqUWw,UCGX_UbAQOXGZknv5iqklwTA,1
UCNIeXbV_mEwpa412h1aqUWw,UCtNyHmRZtvGF2hSvI2dUBWw,1
UC_6KbBY1bsYXz9fwFS0eQRg,UCbrtvygfRT6QXqWDNrOf-cA,1
UC_6KbBY1bsYXz9fwFS0eQRg,UC5wuDq3U3vRAhOQI3D7gNdw,1
UC_6KbBY1bsYXz9fwFS0eQRg,UCjJf-AJKRFFWtiN-CSwkDmA,1
UC_6KbBY1bsYXz9fwFS0eQRg,UCnU8wO1OurAmGstDw6VGjgQ,1
UCDQaQv0hr2SS_PO-CMEwVHg,UC9xr9QvIcDvoZNUX5f-jaZw,1
UCDQaQv0hr2SS_PO-CMEwVHg,UC-hfX8J5JPJ-dfuakzegMLA,1
UCDQaQv0hr2SS_PO-CMEwVHg,UCipetjeiWj4CZB6EbyYziZg,1
UCDQaQv0hr2SS_PO-CMEwVHg,UCiGRBf2RNF0WRKhRVT7zFoA,1
UCDQaQv0hr2SS_PO-CMEwVHg,UCDPWkUX3sNNaCx-m1dV4glA,1
UCDQaQv0hr2SS_PO-CMEwVHg,UCz3gu01bmjNv0DpRq-K3XYg,1
UCDQaQv0hr2SS_PO-CMEwVHg,UC8r11yOugM2NuRfitQOxLLg,1
UCDQaQv0hr2SS_PO-CMEwVHg,UCwha8rxULYMVtNwZWeSkE1A,1
UCDQaQv0hr2SS_PO-CMEwVHg,UCXXh7yg5KUFIWylTiKVEFKQ,1
UCDQaQv0hr2SS_PO-CMEwVHg,UCYN4wSQ1Sx4_LurxLlW7MPg,1
UCDQaQv0hr2SS_PO-CMEwVHg,UCsSXdJct-nsS8DsABoEsaYA,1
UCDQaQv0hr2SS_PO-CMEwVHg,UC7VUuJr9cGh845CmTvf7TlQ,1
UCDQaQv0hr2SS_PO-CMEwVHg,UCSou6a2OuYGSvPjm5psquyA,1
UCDQaQv0hr2SS_PO-CMEwVHg,UCsJJAvrVGupdmhOqgtDp8dg,1
UCDQaQv0hr2SS_PO-CMEwVHg,UCFhxtoeARHPnXXPcDrOU3Xg,1
UCDQaQv0hr2SS_PO-CMEwVHg,UCGzXwyCzMzGmjmCbH3Hg01Q,1
UCDQaQv0hr2SS_PO-CMEwVHg,UC3E9mAgP7VoAE5mZoAexl5g,1
UCDQaQv0hr2SS_PO-CMEwVHg,UCB5p8a5gklc80jJItP6xTHg,1
UCDQaQv0hr2SS_PO-CMEwVHg,UCQtICyzWmhC5woCtbNgaSmg,1
UCDQaQv0hr2SS_PO-CMEwVHg,UCfM3nrxtTQMY5jFx1v1J4Gg,1
UCDQaQv0hr2SS_PO-CMEwVHg,UCFoIAE8k82D6AV-8gjjKaNg,1
UCDQaQv0hr2SS_PO-CMEwVHg,UCkd9W714-947dEE6ZOEBATA,1
UCDQaQv0hr2SS_PO-CMEwVHg,UCA93ym2TXs_Ibyxb4Vcn-6Q,1
UCDQaQv0hr2SS_PO-CMEwVHg,UCFxE8GbokBrBsPEKM1xrOjQ,1
UCDQaQv0hr2SS_PO-CMEwVHg,UC8G5cJONY8L9voMyBW8Eoug,1
UCDQaQv0hr2SS_PO-CMEwVHg,UCTD6q1nyIe3Y7HhqjaMj72w,1
UCDQaQv0hr2SS_PO-CMEwVHg,UC2Y_EHWQKevubk4vOEBBFxw,1
UCDQaQv0hr2SS_PO-CMEwVHg,UCTP3O0rMnc8z8v8jaDQwL0w,1
UCDQaQv0hr2SS_PO-CMEwVHg,UCAmtbUiIrUIhikru0ZoTFig,1
UCDQaQv0hr2SS_PO-CMEwVHg,UCRlCV9zSn7avAWh-9_XFWqQ,1
UCDQaQv0hr2SS_PO-CMEwVHg,UCpl8rF8uv_8uui-QRvuJaRA,1
UCDQaQv0hr2SS_PO-CMEwVHg,UCsUCN0Yq_UyTvKjOJLmNrnQ,1
UCDQaQv0hr2SS_PO-CMEwVHg,UCjSKM9j0Q7HLDr1hD6D-TUw,1
UCDQaQv0hr2SS_PO-CMEwVHg,UChep9kVb5gQmpodEEl10Xlg,1
UCDQaQv0hr2SS_PO-CMEwVHg,UCEgEQmRbtL5fwr9_DqAC--g,1
UCDQaQv0hr2SS_PO-CMEwVHg,UCtNfIBnc5S5DbbQj_yxgJTw,1
UCDQaQv0hr2SS_PO-CMEwVHg,UCvApqeCbLod-wejtT4CcVuA,1
UCDQaQv0hr2SS_PO-CMEwVHg,UCrJn_rbo_ENAdeqneS-RmRw,1
UCDQaQv0hr2SS_PO-CMEwVHg,UCTylKrsqkrBKIqubMu_5N0Q,1
UCDQaQv0hr2SS_PO-CMEwVHg,UCjmPuazZJzscrwvk0QR9RVw,1
UCDQaQv0hr2SS_PO-CMEwVHg,UCr1emrogPKkKTs_WTtx71xg,1
UCDQaQv0hr2SS_PO-CMEwVHg,UC4cXueR2bKGFJV0Fk76gwmA,1
UCDQaQv0hr2SS_PO-CMEwVHg,UCL1MT278vSaQ83ZDkVWn1gw,1
UCDQaQv0hr2SS_PO-CMEwVHg,UCRETAiYdh2dL5ZxB0_N1zDA,1
UCDQaQv0hr2SS_PO-CMEwVHg,UCtUR3_CAiE7fCoZHM6cMfyQ,1
UCDQaQv0hr2SS_PO-CMEwVHg,UCylqlpsh8ENNM1LqgQ1KbxA,1
UCDQaQv0hr2SS_PO-CMEwVHg,UC3NMzdMYryaw82kPTnsaljg,1
UCDQaQv0hr2SS_PO-CMEwVHg,UCsjs5Hp_r86x1xbK6FAeqaA,1
UCDQaQv0hr2SS_PO-CMEwVHg,UCp4iw5_5SmV9VGTFSNVGOmQ,1
UCDQaQv0hr2SS_PO-CMEwVHg,UCKDR0f2fu2UzWL8mBv5-BHw,1
UCDQaQv0hr2SS_PO-CMEwVHg,UCFUuDARXdmmIrLppEqf-rFg,1
UCDQaQv0hr2SS_PO-CMEwVHg,UC5bG9nc_JV3FsNP2KseQiYw,1
UCDQaQv0hr2SS_PO-CMEwVHg,UC1vr9aaMI2crB0NvwFHUeoQ,1
UCDQaQv0hr2SS_PO-CMEwVHg,UCDUffaruH6dyUnUGwsTKpgg,1
UCDQaQv0hr2SS_PO-CMEwVHg,UCDlr1VadSucIZgZ171pRBjQ,1
UCDQaQv0hr2SS_PO-CMEwVHg,UCySYJU5kUh7X8gVt9la2ISA,1
UCDQaQv0hr2SS_PO-CMEwVHg,UCHTGCgY2l-DQJIvlA_cpa_Q,1
UCDQaQv0hr2SS_PO-CMEwVHg,UC2weSE8rpqkGMOp6StYtVfg,1
UCDQaQv0hr2SS_PO-CMEwVHg,UC650pRT-OYzny3GwOH8Cgfw,1
UCDQaQv0hr2SS_PO-CMEwVHg,UCl0ekS9Tt0jJGtOEM18S63w,1
UCDQaQv0hr2SS_PO-CMEwVHg,UCiMythXHsw7eQEMykCdmMUA,1
UCDQaQv0hr2SS_PO-CMEwVHg,UCljDbleJul41G1TzOjOZAVA,1
UCDQaQv0hr2SS_PO-CMEwVHg,UCAlzM_N6xBlMYmM8EBzX86Q,1
UCDQaQv0hr2SS_PO-CMEwVHg,UChZknRmJkeGeQk0-mQuhDOg,1
UCDQaQv0hr2SS_PO-CMEwVHg,UCmvOgzmmXbjUthHy-WJ52hQ,1
UCDQaQv0hr2SS_PO-CMEwVHg,UCOh6DaZC_x9HASnlRylEMfw,1
UCDQaQv0hr2SS_PO-CMEwVHg,UC-jS_kA9w-OmpupXDx156Rg,1
UCDQaQv0hr2SS_PO-CMEwVHg,UCXgr7vXlRrsaskPdo097kGA,1
UCefAH1MbvADWUjE9WVcB9EQ,UCTTILH6QCIxbTnEWxwRqs1g,1
UCefAH1MbvADWUjE9WVcB9EQ,UCOY3XpD9qMCRSA8AA8c4CAw,1
UCefAH1MbvADWUjE9WVcB9EQ,UCXO1BBohNWXkK9SBDAG2ySg,1
UCefAH1MbvADWUjE9WVcB9EQ,UCxcoDvP-g2_KTZDmVZtvb3w,1
UCefAH1MbvADWUjE9WVcB9EQ,UCwEe1RKlEv1UpNWmWYfSh4w,1
UCefAH1MbvADWUjE9WVcB9EQ,UCbrtvygfRT6QXqWDNrOf-cA,1
UCefAH1MbvADWUjE9WVcB9EQ,UChT7pzGytNd92Nmvi-zuWog,1
UCefAH1MbvADWUjE9WVcB9EQ,UCdQAuWwyC99MB7Y02Umj26Q,1
UCefAH1MbvADWUjE9WVcB9EQ,UCCUmP4PlbwgikVFpYwbtRTg,1
UCEHXl4VvvVpq-_4xC5tsbhg,UC-HeUTT6_g-VoiWds2a4H-w,1
UCEHXl4VvvVpq-_4xC5tsbhg,UCtsxPYw8VUsH_FfnKg-0lmw,1
UCEHXl4VvvVpq-_4xC5tsbhg,UCvDwJBBY1mHK70aTEYl6rsA,1
UCEHXl4VvvVpq-_4xC5tsbhg,UCfo_yUPzy1f1POwwZxhZ06Q,1
UCEHXl4VvvVpq-_4xC5tsbhg,UCRfkkatKrNtAARnXMMYBGlA,1
UCEHXl4VvvVpq-_4xC5tsbhg,UCa36MjQLoPAmgJo-R3G8WQA,1
UCEHXl4VvvVpq-_4xC5tsbhg,UC1NiEdJ7gk6FlDexIalWnGg,1
UCEHXl4VvvVpq-_4xC5tsbhg,UC3YpzAr7pcdKC7BVFEpYzog,1
UCEHXl4VvvVpq-_4xC5tsbhg,UC14qlobYKqD-DO0j6b75lcA,1
UCEHXl4VvvVpq-_4xC5tsbhg,UC0HvfEWozTHbwl_iEmJNvVA,1
UCEHXl4VvvVpq-_4xC5tsbhg,UC-Iul5tDYH_oiAMXQH-KaaQ,1
UCEHXl4VvvVpq-_4xC5tsbhg,UCgGqw4aqMdMVSGkKiMgrJRQ,1
UCEHXl4VvvVpq-_4xC5tsbhg,UChyps3dqY-VY1_wLeq-2lhw,1
UCEHXl4VvvVpq-_4xC5tsbhg,UCeQk-WfEA-cJRq4EKeE7TOw,1
UCeQk-WfEA-cJRq4EKeE7TOw,UC-HeUTT6_g-VoiWds2a4H-w,1
UCeQk-WfEA-cJRq4EKeE7TOw,UCtsxPYw8VUsH_FfnKg-0lmw,1
UCeQk-WfEA-cJRq4EKeE7TOw,UCvDwJBBY1mHK70aTEYl6rsA,1
UCeQk-WfEA-cJRq4EKeE7TOw,UCfo_yUPzy1f1POwwZxhZ06Q,1
UCeQk-WfEA-cJRq4EKeE7TOw,UCRfkkatKrNtAARnXMMYBGlA,1
UCeQk-WfEA-cJRq4EKeE7TOw,UCa36MjQLoPAmgJo-R3G8WQA,1
UCeQk-WfEA-cJRq4EKeE7TOw,UC1NiEdJ7gk6FlDexIalWnGg,1
UCeQk-WfEA-cJRq4EKeE7TOw,UC3YpzAr7pcdKC7BVFEpYzog,1
UCeQk-WfEA-cJRq4EKeE7TOw,UC14qlobYKqD-DO0j6b75lcA,1
UCeQk-WfEA-cJRq4EKeE7TOw,UC0HvfEWozTHbwl_iEmJNvVA,1
UCeQk-WfEA-cJRq4EKeE7TOw,UC-Iul5tDYH_oiAMXQH-KaaQ,1
UCeQk-WfEA-cJRq4EKeE7TOw,UCgGqw4aqMdMVSGkKiMgrJRQ,1
UCeQk-WfEA-cJRq4EKeE7TOw,UChyps3dqY-VY1_wLeq-2lhw,1
UCkd9W714-947dEE6ZOEBATA,UC9xr9QvIcDvoZNUX5f-jaZw,1
UCkd9W714-947dEE6ZOEBATA,UC-hfX8J5JPJ-dfuakzegMLA,1
UCkd9W714-947dEE6ZOEBATA,UCipetjeiWj4CZB6EbyYziZg,1
UCkd9W714-947dEE6ZOEBATA,UCiGRBf2RNF0WRKhRVT7zFoA,1
UCkd9W714-947dEE6ZOEBATA,UCDPWkUX3sNNaCx-m1dV4glA,1
UCkd9W714-947dEE6ZOEBATA,UCz3gu01bmjNv0DpRq-K3XYg,1
UCkd9W714-947dEE6ZOEBATA,UC8r11yOugM2NuRfitQOxLLg,1
UCkd9W714-947dEE6ZOEBATA,UCwha8rxULYMVtNwZWeSkE1A,1
UCkd9W714-947dEE6ZOEBATA,UCXXh7yg5KUFIWylTiKVEFKQ,1
UCkd9W714-947dEE6ZOEBATA,UCYN4wSQ1Sx4_LurxLlW7MPg,1
UCkd9W714-947dEE6ZOEBATA,UCsSXdJct-nsS8DsABoEsaYA,1
UCkd9W714-947dEE6ZOEBATA,UC7VUuJr9cGh845CmTvf7TlQ,1
UCkd9W714-947dEE6ZOEBATA,UCSou6a2OuYGSvPjm5psquyA,1
UCkd9W714-947dEE6ZOEBATA,UCsJJAvrVGupdmhOqgtDp8dg,1
UCkd9W714-947dEE6ZOEBATA,UCFhxtoeARHPnXXPcDrOU3Xg,1
UCkd9W714-947dEE6ZOEBATA,UCGzXwyCzMzGmjmCbH3Hg01Q,1
UCkd9W714-947dEE6ZOEBATA,UC3E9mAgP7VoAE5mZoAexl5g,1
UCkd9W714-947dEE6ZOEBATA,UCB5p8a5gklc80jJItP6xTHg,1
UCkd9W714-947dEE6ZOEBATA,UCQtICyzWmhC5woCtbNgaSmg,1
UCkd9W714-947dEE6ZOEBATA,UCfM3nrxtTQMY5jFx1v1J4Gg,1
UCkd9W714-947dEE6ZOEBATA,UCFoIAE8k82D6AV-8gjjKaNg,1
UCkd9W714-947dEE6ZOEBATA,UCA93ym2TXs_Ibyxb4Vcn-6Q,1
UCkd9W714-947dEE6ZOEBATA,UCFxE8GbokBrBsPEKM1xrOjQ,1
UCkd9W714-947dEE6ZOEBATA,UC8G5cJONY8L9voMyBW8Eoug,1
UCkd9W714-947dEE6ZOEBATA,UCTD6q1nyIe3Y7HhqjaMj72w,1
UCkd9W714-947dEE6ZOEBATA,UC2Y_EHWQKevubk4vOEBBFxw,1
UCkd9W714-947dEE6ZOEBATA,UCTP3O0rMnc8z8v8jaDQwL0w,1
UCkd9W714-947dEE6ZOEBATA,UCAmtbUiIrUIhikru0ZoTFig,1
UCkd9W714-947dEE6ZOEBATA,UCRlCV9zSn7avAWh-9_XFWqQ,1
UCkd9W714-947dEE6ZOEBATA,UCpl8rF8uv_8uui-QRvuJaRA,1
UCkd9W714-947dEE6ZOEBATA,UCsUCN0Yq_UyTvKjOJLmNrnQ,1
UCkd9W714-947dEE6ZOEBATA,UCjSKM9j0Q7HLDr1hD6D-TUw,1
UCkd9W714-947dEE6ZOEBATA,UChep9kVb5gQmpodEEl10Xlg,1
UCkd9W714-947dEE6ZOEBATA,UCEgEQmRbtL5fwr9_DqAC--g,1
UCkd9W714-947dEE6ZOEBATA,UCtNfIBnc5S5DbbQj_yxgJTw,1
UCkd9W714-947dEE6ZOEBATA,UCvApqeCbLod-wejtT4CcVuA,1
UCkd9W714-947dEE6ZOEBATA,UCrJn_rbo_ENAdeqneS-RmRw,1
UCkd9W714-947dEE6ZOEBATA,UCTylKrsqkrBKIqubMu_5N0Q,1
UCkd9W714-947dEE6ZOEBATA,UCjmPuazZJzscrwvk0QR9RVw,1
UCkd9W714-947dEE6ZOEBATA,UCr1emrogPKkKTs_WTtx71xg,1
UCkd9W714-947dEE6ZOEBATA,UC4cXueR2bKGFJV0Fk76gwmA,1
UCkd9W714-947dEE6ZOEBATA,UCL1MT278vSaQ83ZDkVWn1gw,1
UCkd9W714-947dEE6ZOEBATA,UCRETAiYdh2dL5ZxB0_N1zDA,1
UCkd9W714-947dEE6ZOEBATA,UCtUR3_CAiE7fCoZHM6cMfyQ,1
UCkd9W714-947dEE6ZOEBATA,UCylqlpsh8ENNM1LqgQ1KbxA,1
UCkd9W714-947dEE6ZOEBATA,UC3NMzdMYryaw82kPTnsaljg,1
UCkd9W714-947dEE6ZOEBATA,UCsjs5Hp_r86x1xbK6FAeqaA,1
UCkd9W714-947dEE6ZOEBATA,UCp4iw5_5SmV9VGTFSNVGOmQ,1
UCkd9W714-947dEE6ZOEBATA,UCKDR0f2fu2UzWL8mBv5-BHw,1
UCkd9W714-947dEE6ZOEBATA,UCFUuDARXdmmIrLppEqf-rFg,1
UCkd9W714-947dEE6ZOEBATA,UC5bG9nc_JV3FsNP2KseQiYw,1
UCkd9W714-947dEE6ZOEBATA,UC1vr9aaMI2crB0NvwFHUeoQ,1
UCkd9W714-947dEE6ZOEBATA,UCDUffaruH6dyUnUGwsTKpgg,1
UCkd9W714-947dEE6ZOEBATA,UCDlr1VadSucIZgZ171pRBjQ,1
UCkd9W714-947dEE6ZOEBATA,UCySYJU5kUh7X8gVt9la2ISA,1
UCkd9W714-947dEE6ZOEBATA,UCHTGCgY2l-DQJIvlA_cpa_Q,1
UCkd9W714-947dEE6ZOEBATA,UC2weSE8rpqkGMOp6StYtVfg,1
UCkd9W714-947dEE6ZOEBATA,UC650pRT-OYzny3GwOH8Cgfw,1
UCkd9W714-947dEE6ZOEBATA,UCl0ekS9Tt0jJGtOEM18S63w,1
UCkd9W714-947dEE6ZOEBATA,UCiMythXHsw7eQEMykCdmMUA,1
UCkd9W714-947dEE6ZOEBATA,UCljDbleJul41G1TzOjOZAVA,1
UCkd9W714-947dEE6ZOEBATA,UCAlzM_N6xBlMYmM8EBzX86Q,1
UCkd9W714-947dEE6ZOEBATA,UChZknRmJkeGeQk0-mQuhDOg,1
UCkd9W714-947dEE6ZOEBATA,UCmvOgzmmXbjUthHy-WJ52hQ,1
UCkd9W714-947dEE6ZOEBATA,UCOh6DaZC_x9HASnlRylEMfw,1
UCkd9W714-947dEE6ZOEBATA,UC-jS_kA9w-OmpupXDx156Rg,1
UCkd9W714-947dEE6ZOEBATA,UCXgr7vXlRrsaskPdo097kGA,1
UCljDbleJul41G1TzOjOZAVA,UC9xr9QvIcDvoZNUX5f-jaZw,1
UCljDbleJul41G1TzOjOZAVA,UC-hfX8J5JPJ-dfuakzegMLA,1
UCljDbleJul41G1TzOjOZAVA,UCipetjeiWj4CZB6EbyYziZg,1
UCljDbleJul41G1TzOjOZAVA,UCiGRBf2RNF0WRKhRVT7zFoA,1
UCljDbleJul41G1TzOjOZAVA,UCDPWkUX3sNNaCx-m1dV4glA,1
UCljDbleJul41G1TzOjOZAVA,UCz3gu01bmjNv0DpRq-K3XYg,1
UCljDbleJul41G1TzOjOZAVA,UC8r11yOugM2NuRfitQOxLLg,1
UCljDbleJul41G1TzOjOZAVA,UCwha8rxULYMVtNwZWeSkE1A,1
UCljDbleJul41G1TzOjOZAVA,UCXXh7yg5KUFIWylTiKVEFKQ,1
UCljDbleJul41G1TzOjOZAVA,UCYN4wSQ1Sx4_LurxLlW7MPg,1
UCljDbleJul41G1TzOjOZAVA,UCsSXdJct-nsS8DsABoEsaYA,1
UCljDbleJul41G1TzOjOZAVA,UC7VUuJr9cGh845CmTvf7TlQ,1
UCljDbleJul41G1TzOjOZAVA,UCSou6a2OuYGSvPjm5psquyA,1
UCljDbleJul41G1TzOjOZAVA,UCsJJAvrVGupdmhOqgtDp8dg,1
UCljDbleJul41G1TzOjOZAVA,UCFhxtoeARHPnXXPcDrOU3Xg,1
UCljDbleJul41G1TzOjOZAVA,UCGzXwyCzMzGmjmCbH3Hg01Q,1
UCljDbleJul41G1TzOjOZAVA,UC3E9mAgP7VoAE5mZoAexl5g,1
UCljDbleJul41G1TzOjOZAVA,UCB5p8a5gklc80jJItP6xTHg,1
UCljDbleJul41G1TzOjOZAVA,UCQtICyzWmhC5woCtbNgaSmg,1
UCljDbleJul41G1TzOjOZAVA,UCfM3nrxtTQMY5jFx1v1J4Gg,1
UCljDbleJul41G1TzOjOZAVA,UCFoIAE8k82D6AV-8gjjKaNg,1
UCljDbleJul41G1TzOjOZAVA,UCA93ym2TXs_Ibyxb4Vcn-6Q,1
UCljDbleJul41G1TzOjOZAVA,UCFxE8GbokBrBsPEKM1xrOjQ,1
UCljDbleJul41G1TzOjOZAVA,UC8G5cJONY8L9voMyBW8Eoug,1
UCljDbleJul41G1TzOjOZAVA,UCTD6q1nyIe3Y7HhqjaMj72w,1
UCljDbleJul41G1TzOjOZAVA,UC2Y_EHWQKevubk4vOEBBFxw,1
UCljDbleJul41G1TzOjOZAVA,UCTP3O0rMnc8z8v8jaDQwL0w,1
UCljDbleJul41G1TzOjOZAVA,UCAmtbUiIrUIhikru0ZoTFig,1
UCljDbleJul41G1TzOjOZAVA,UCRlCV9zSn7avAWh-9_XFWqQ,1
UCljDbleJul41G1TzOjOZAVA,UCpl8rF8uv_8uui-QRvuJaRA,1
UCljDbleJul41G1TzOjOZAVA,UCsUCN0Yq_UyTvKjOJLmNrnQ,1
UCljDbleJul41G1TzOjOZAVA,UCjSKM9j0Q7HLDr1hD6D-TUw,1
UCljDbleJul41G1TzOjOZAVA,UChep9kVb5gQmpodEEl10Xlg,1
UCljDbleJul41G1TzOjOZAVA,UCEgEQmRbtL5fwr9_DqAC--g,1
UCljDbleJul41G1TzOjOZAVA,UCtNfIBnc5S5DbbQj_yxgJTw,1
UCljDbleJul41G1TzOjOZAVA,UCvApqeCbLod-wejtT4CcVuA,1
UCljDbleJul41G1TzOjOZAVA,UCrJn_rbo_ENAdeqneS-RmRw,1
UCljDbleJul41G1TzOjOZAVA,UCTylKrsqkrBKIqubMu_5N0Q,1
UCljDbleJul41G1TzOjOZAVA,UCjmPuazZJzscrwvk0QR9RVw,1
UCljDbleJul41G1TzOjOZAVA,UCr1emrogPKkKTs_WTtx71xg,1
UCljDbleJul41G1TzOjOZAVA,UC4cXueR2bKGFJV0Fk76gwmA,1
UCljDbleJul41G1TzOjOZAVA,UCL1MT278vSaQ83ZDkVWn1gw,1
UCljDbleJul41G1TzOjOZAVA,UCRETAiYdh2dL5ZxB0_N1zDA,1
UCljDbleJul41G1TzOjOZAVA,UCtUR3_CAiE7fCoZHM6cMfyQ,1
UCljDbleJul41G1TzOjOZAVA,UCylqlpsh8ENNM1LqgQ1KbxA,1
UCljDbleJul41G1TzOjOZAVA,UC3NMzdMYryaw82kPTnsaljg,1
UCljDbleJul41G1TzOjOZAVA,UCsjs5Hp_r86x1xbK6FAeqaA,1
UCljDbleJul41G1TzOjOZAVA,UCp4iw5_5SmV9VGTFSNVGOmQ,1
UCljDbleJul41G1TzOjOZAVA,UCKDR0f2fu2UzWL8mBv5-BHw,1
UCljDbleJul41G1TzOjOZAVA,UCFUuDARXdmmIrLppEqf-rFg,1
UCljDbleJul41G1TzOjOZAVA,UC5bG9nc_JV3FsNP2KseQiYw,1
UCljDbleJul41G1TzOjOZAVA,UC1vr9aaMI2crB0NvwFHUeoQ,1
UCljDbleJul41G1TzOjOZAVA,UCDUffaruH6dyUnUGwsTKpgg,1
UCljDbleJul41G1TzOjOZAVA,UCDlr1VadSucIZgZ171pRBjQ,1
UCljDbleJul41G1TzOjOZAVA,UCySYJU5kUh7X8gVt9la2ISA,1
UCljDbleJul41G1TzOjOZAVA,UCHTGCgY2l-DQJIvlA_cpa_Q,1
UCljDbleJul41G1TzOjOZAVA,UC2weSE8rpqkGMOp6StYtVfg,1
UCljDbleJul41G1TzOjOZAVA,UC650pRT-OYzny3GwOH8Cgfw,1
UCljDbleJul41G1TzOjOZAVA,UCl0ekS9Tt0jJGtOEM18S63w,1
UCljDbleJul41G1TzOjOZAVA,UCiMythXHsw7eQEMykCdmMUA,1
UCljDbleJul41G1TzOjOZAVA,UCAlzM_N6xBlMYmM8EBzX86Q,1
UCljDbleJul41G1TzOjOZAVA,UChZknRmJkeGeQk0-mQuhDOg,1
UCljDbleJul41G1TzOjOZAVA,UCmvOgzmmXbjUthHy-WJ52hQ,1
UCljDbleJul41G1TzOjOZAVA,UCOh6DaZC_x9HASnlRylEMfw,1
UCljDbleJul41G1TzOjOZAVA,UC-jS_kA9w-OmpupXDx156Rg,1
UCljDbleJul41G1TzOjOZAVA,UCXgr7vXlRrsaskPdo097kGA,1
UCGGHbtfbbe0o68etrOf0qxw,UCpe5jW3MIqkgTJ-PgkzvM6Q,1
UCGGHbtfbbe0o68etrOf0qxw,UCDrmf9y9nLgFY5wnA2hTuGA,1
UCGGHbtfbbe0o68etrOf0qxw,UC-fiZBS5Gp1eCJd9ucgWnCg,1
UCGGHbtfbbe0o68etrOf0qxw,UCZeIIQrGAedW8tCbKWmGY-A,1
UCGGHbtfbbe0o68etrOf0qxw,UCCBYcToQ2dwkd6TJh0FSyDg,1
UCGGHbtfbbe0o68etrOf0qxw,UCQqlPPUGqAfWjd-FSh_qn7Q,1
UCGGHbtfbbe0o68etrOf0qxw,UCUoYsrx1oZnCZ0usbBJn4fA,1
UCGGHbtfbbe0o68etrOf0qxw,UC_LYoGs5C3mbZKZuKuqYCvw,1
UCGGHbtfbbe0o68etrOf0qxw,UCRvPToDkkumha7WJAfCDk1A,1
UCGGHbtfbbe0o68etrOf0qxw,UCu8_3-Wg-YzNyvHYQDEscfw,1
UCGGHbtfbbe0o68etrOf0qxw,UCylqlpsh8ENNM1LqgQ1KbxA,1
UCGGHbtfbbe0o68etrOf0qxw,UC32oozucwCF3q8d4m8fyOUg,1
UCGGHbtfbbe0o68etrOf0qxw,UCW-JC6lebVmf2P1dmY_L94g,1
UCGGHbtfbbe0o68etrOf0qxw,UCAKuKvcbfnBD3kF5njNu-IA,1
UCGGHbtfbbe0o68etrOf0qxw,UC3UVO7pTbeYvZ3ILEyRDskQ,1
UCGGHbtfbbe0o68etrOf0qxw,UC4Avya4kmR4Q0FrfFdBozSQ,1
UCGGHbtfbbe0o68etrOf0qxw,UCgJNFj5dnxXpcMvmuhZDPxA,1
UCGGHbtfbbe0o68etrOf0qxw,UCWoAVGVqCn4xtINCMOTM4jg,1
UCGGHbtfbbe0o68etrOf0qxw,UClqA491Xa5fQcXcJJa-vTWw,1
UCGGHbtfbbe0o68etrOf0qxw,UCe8JZoYkX5oKUZyivHYdXhw,1
UCGGHbtfbbe0o68etrOf0qxw,UClhMWQ7XKWywYvbRnuf8QsA,1
UCGGHbtfbbe0o68etrOf0qxw,UC5hvEnRUzI4Kfvwnyi4QxqQ,1
UCGGHbtfbbe0o68etrOf0qxw,UC7dadZG7kkGYnsNu6td0FbA,1
UCGGHbtfbbe0o68etrOf0qxw,UCsGoJEvb-cFPZ2rWoJcXzEQ,1
UCGGHbtfbbe0o68etrOf0qxw,UCuXmOjxC-htcprLgeVXz6Tg,1
UCGGHbtfbbe0o68etrOf0qxw,UCHbwIx9pmQuf7i-4_xO2EpA,1
UCGGHbtfbbe0o68etrOf0qxw,UCW80DaMjQlEUibC98Cot-Dg,1
UCVdjCrh4tQoX3haNAZv-n5A,UCIgoiXdIKJyUGmUoH2Lxdzg,1
UCVdjCrh4tQoX3haNAZv-n5A,UCbNanjFI51cwGqMAb2rOrBw,1
UCVdjCrh4tQoX3haNAZv-n5A,UCZjm6U576nX8WOiLhmMR3bw,1
UCVdjCrh4tQoX3haNAZv-n5A,UC-QOpE7GOxlXcHZ8b7HbQKA,1
UCVdjCrh4tQoX3haNAZv-n5A,UCPNXmbOBVeC4HS-xemvcPtQ,1
UCVdjCrh4tQoX3haNAZv-n5A,UCozFYHN0e_-vlQbX3wQGOug,1
UCVdjCrh4tQoX3haNAZv-n5A,UCQMMuADgqWUOcJpLwHOzC-g,1
UCVdjCrh4tQoX3haNAZv-n5A,UCrqXyRsg-_hTosURZ-uvoKg,1
UCVdjCrh4tQoX3haNAZv-n5A,UCGZMgmM92E3njyXNe9-kjAQ,1
UCVdjCrh4tQoX3haNAZv-n5A,UCp_dAUfv8i3LW3zWc24dLaQ,1
UCZeIIQrGAedW8tCbKWmGY-A,UCpe5jW3MIqkgTJ-PgkzvM6Q,1
UCZeIIQrGAedW8tCbKWmGY-A,UCDrmf9y9nLgFY5wnA2hTuGA,1
UCZeIIQrGAedW8tCbKWmGY-A,UC-fiZBS5Gp1eCJd9ucgWnCg,1
UCZeIIQrGAedW8tCbKWmGY-A,UCCBYcToQ2dwkd6TJh0FSyDg,1
UCZeIIQrGAedW8tCbKWmGY-A,UCQqlPPUGqAfWjd-FSh_qn7Q,1
UCZeIIQrGAedW8tCbKWmGY-A,UCUoYsrx1oZnCZ0usbBJn4fA,1
UCZeIIQrGAedW8tCbKWmGY-A,UC_LYoGs5C3mbZKZuKuqYCvw,1
UCZeIIQrGAedW8tCbKWmGY-A,UCRvPToDkkumha7WJAfCDk1A,1
UCZeIIQrGAedW8tCbKWmGY-A,UCu8_3-Wg-YzNyvHYQDEscfw,1
UCZeIIQrGAedW8tCbKWmGY-A,UCylqlpsh8ENNM1LqgQ1KbxA,1
UCZeIIQrGAedW8tCbKWmGY-A,UC32oozucwCF3q8d4m8fyOUg,1
UCZeIIQrGAedW8tCbKWmGY-A,UCW-JC6lebVmf2P1dmY_L94g,1
UCZeIIQrGAedW8tCbKWmGY-A,UCAKuKvcbfnBD3kF5njNu-IA,1
UCZeIIQrGAedW8tCbKWmGY-A,UC3UVO7pTbeYvZ3ILEyRDskQ,1
UCZeIIQrGAedW8tCbKWmGY-A,UC4Avya4kmR4Q0FrfFdBozSQ,1
UCZeIIQrGAedW8tCbKWmGY-A,UCgJNFj5dnxXpcMvmuhZDPxA,1
UCZeIIQrGAedW8tCbKWmGY-A,UCWoAVGVqCn4xtINCMOTM4jg,1
UCZeIIQrGAedW8tCbKWmGY-A,UClqA491Xa5fQcXcJJa-vTWw,1
UCZeIIQrGAedW8tCbKWmGY-A,UCe8JZoYkX5oKUZyivHYdXhw,1
UCZeIIQrGAedW8tCbKWmGY-A,UClhMWQ7XKWywYvbRnuf8QsA,1
UCZeIIQrGAedW8tCbKWmGY-A,UC5hvEnRUzI4Kfvwnyi4QxqQ,1
UCZeIIQrGAedW8tCbKWmGY-A,UC7dadZG7kkGYnsNu6td0FbA,1
UCZeIIQrGAedW8tCbKWmGY-A,UCsGoJEvb-cFPZ2rWoJcXzEQ,1
UCZeIIQrGAedW8tCbKWmGY-A,UCuXmOjxC-htcprLgeVXz6Tg,1
UCZeIIQrGAedW8tCbKWmGY-A,UCHbwIx9pmQuf7i-4_xO2EpA,1
UCZeIIQrGAedW8tCbKWmGY-A,UCW80DaMjQlEUibC98Cot-Dg,1
UCFUuDARXdmmIrLppEqf-rFg,UC9xr9QvIcDvoZNUX5f-jaZw,1
UCFUuDARXdmmIrLppEqf-rFg,UC-hfX8J5JPJ-dfuakzegMLA,1
UCFUuDARXdmmIrLppEqf-rFg,UCipetjeiWj4CZB6EbyYziZg,1
UCFUuDARXdmmIrLppEqf-rFg,UCiGRBf2RNF0WRKhRVT7zFoA,1
UCFUuDARXdmmIrLppEqf-rFg,UCDPWkUX3sNNaCx-m1dV4glA,1
UCFUuDARXdmmIrLppEqf-rFg,UCz3gu01bmjNv0DpRq-K3XYg,1
UCFUuDARXdmmIrLppEqf-rFg,UC8r11yOugM2NuRfitQOxLLg,1
UCFUuDARXdmmIrLppEqf-rFg,UCwha8rxULYMVtNwZWeSkE1A,1
UCFUuDARXdmmIrLppEqf-rFg,UCXXh7yg5KUFIWylTiKVEFKQ,1
UCFUuDARXdmmIrLppEqf-rFg,UCYN4wSQ1Sx4_LurxLlW7MPg,1
UCFUuDARXdmmIrLppEqf-rFg,UCsSXdJct-nsS8DsABoEsaYA,1
UCFUuDARXdmmIrLppEqf-rFg,UC7VUuJr9cGh845CmTvf7TlQ,1
UCFUuDARXdmmIrLppEqf-rFg,UCSou6a2OuYGSvPjm5psquyA,1
UCFUuDARXdmmIrLppEqf-rFg,UCsJJAvrVGupdmhOqgtDp8dg,1
UCFUuDARXdmmIrLppEqf-rFg,UCFhxtoeARHPnXXPcDrOU3Xg,1
UCFUuDARXdmmIrLppEqf-rFg,UCGzXwyCzMzGmjmCbH3Hg01Q,1
UCFUuDARXdmmIrLppEqf-rFg,UC3E9mAgP7VoAE5mZoAexl5g,1
UCFUuDARXdmmIrLppEqf-rFg,UCB5p8a5gklc80jJItP6xTHg,1
UCFUuDARXdmmIrLppEqf-rFg,UCQtICyzWmhC5woCtbNgaSmg,1
UCFUuDARXdmmIrLppEqf-rFg,UCfM3nrxtTQMY5jFx1v1J4Gg,1
UCFUuDARXdmmIrLppEqf-rFg,UCFoIAE8k82D6AV-8gjjKaNg,1
UCFUuDARXdmmIrLppEqf-rFg,UCA93ym2TXs_Ibyxb4Vcn-6Q,1
UCFUuDARXdmmIrLppEqf-rFg,UCFxE8GbokBrBsPEKM1xrOjQ,1
UCFUuDARXdmmIrLppEqf-rFg,UC8G5cJONY8L9voMyBW8Eoug,1
UCFUuDARXdmmIrLppEqf-rFg,UCTD6q1nyIe3Y7HhqjaMj72w,1
UCFUuDARXdmmIrLppEqf-rFg,UC2Y_EHWQKevubk4vOEBBFxw,1
UCFUuDARXdmmIrLppEqf-rFg,UCTP3O0rMnc8z8v8jaDQwL0w,1
UCFUuDARXdmmIrLppEqf-rFg,UCAmtbUiIrUIhikru0ZoTFig,1
UCFUuDARXdmmIrLppEqf-rFg,UCRlCV9zSn7avAWh-9_XFWqQ,1
UCFUuDARXdmmIrLppEqf-rFg,UCpl8rF8uv_8uui-QRvuJaRA,1
UCFUuDARXdmmIrLppEqf-rFg,UCsUCN0Yq_UyTvKjOJLmNrnQ,1
UCFUuDARXdmmIrLppEqf-rFg,UCjSKM9j0Q7HLDr1hD6D-TUw,1
UCFUuDARXdmmIrLppEqf-rFg,UChep9kVb5gQmpodEEl10Xlg,1
UCFUuDARXdmmIrLppEqf-rFg,UCEgEQmRbtL5fwr9_DqAC--g,1
UCFUuDARXdmmIrLppEqf-rFg,UCtNfIBnc5S5DbbQj_yxgJTw,1
UCFUuDARXdmmIrLppEqf-rFg,UCvApqeCbLod-wejtT4CcVuA,1
UCFUuDARXdmmIrLppEqf-rFg,UCrJn_rbo_ENAdeqneS-RmRw,1
UCFUuDARXdmmIrLppEqf-rFg,UCTylKrsqkrBKIqubMu_5N0Q,1
UCFUuDARXdmmIrLppEqf-rFg,UCjmPuazZJzscrwvk0QR9RVw,1
UCFUuDARXdmmIrLppEqf-rFg,UCr1emrogPKkKTs_WTtx71xg,1
UCFUuDARXdmmIrLppEqf-rFg,UC4cXueR2bKGFJV0Fk76gwmA,1
UCFUuDARXdmmIrLppEqf-rFg,UCL1MT278vSaQ83ZDkVWn1gw,1
UCFUuDARXdmmIrLppEqf-rFg,UCRETAiYdh2dL5ZxB0_N1zDA,1
UCFUuDARXdmmIrLppEqf-rFg,UCtUR3_CAiE7fCoZHM6cMfyQ,1
UCFUuDARXdmmIrLppEqf-rFg,UCylqlpsh8ENNM1LqgQ1KbxA,1
UCFUuDARXdmmIrLppEqf-rFg,UC3NMzdMYryaw82kPTnsaljg,1
UCFUuDARXdmmIrLppEqf-rFg,UCsjs5Hp_r86x1xbK6FAeqaA,1
UCFUuDARXdmmIrLppEqf-rFg,UCp4iw5_5SmV9VGTFSNVGOmQ,1
UCFUuDARXdmmIrLppEqf-rFg,UCKDR0f2fu2UzWL8mBv5-BHw,1
UCFUuDARXdmmIrLppEqf-rFg,UC5bG9nc_JV3FsNP2KseQiYw,1
UCFUuDARXdmmIrLppEqf-rFg,UC1vr9aaMI2crB0NvwFHUeoQ,1
UCFUuDARXdmmIrLppEqf-rFg,UCDUffaruH6dyUnUGwsTKpgg,1
UCFUuDARXdmmIrLppEqf-rFg,UCDlr1VadSucIZgZ171pRBjQ,1
UCFUuDARXdmmIrLppEqf-rFg,UCySYJU5kUh7X8gVt9la2ISA,1
UCFUuDARXdmmIrLppEqf-rFg,UCHTGCgY2l-DQJIvlA_cpa_Q,1
UCFUuDARXdmmIrLppEqf-rFg,UC2weSE8rpqkGMOp6StYtVfg,1
UCFUuDARXdmmIrLppEqf-rFg,UC650pRT-OYzny3GwOH8Cgfw,1
UCFUuDARXdmmIrLppEqf-rFg,UCl0ekS9Tt0jJGtOEM18S63w,1
UCFUuDARXdmmIrLppEqf-rFg,UCiMythXHsw7eQEMykCdmMUA,1
UCFUuDARXdmmIrLppEqf-rFg,UCAlzM_N6xBlMYmM8EBzX86Q,1
UCFUuDARXdmmIrLppEqf-rFg,UChZknRmJkeGeQk0-mQuhDOg,1
UCFUuDARXdmmIrLppEqf-rFg,UCmvOgzmmXbjUthHy-WJ52hQ,1
UCFUuDARXdmmIrLppEqf-rFg,UCOh6DaZC_x9HASnlRylEMfw,1
UCFUuDARXdmmIrLppEqf-rFg,UC-jS_kA9w-OmpupXDx156Rg,1
UCFUuDARXdmmIrLppEqf-rFg,UCXgr7vXlRrsaskPdo097kGA,1
UCCUmP4PlbwgikVFpYwbtRTg,UCTTILH6QCIxbTnEWxwRqs1g,1
UCCUmP4PlbwgikVFpYwbtRTg,UCOY3XpD9qMCRSA8AA8c4CAw,1
UCCUmP4PlbwgikVFpYwbtRTg,UCXO1BBohNWXkK9SBDAG2ySg,1
UCCUmP4PlbwgikVFpYwbtRTg,UCxcoDvP-g2_KTZDmVZtvb3w,1
UCCUmP4PlbwgikVFpYwbtRTg,UCwEe1RKlEv1UpNWmWYfSh4w,1
UCCUmP4PlbwgikVFpYwbtRTg,UCbrtvygfRT6QXqWDNrOf-cA,1
UCCUmP4PlbwgikVFpYwbtRTg,UChT7pzGytNd92Nmvi-zuWog,1
UCCUmP4PlbwgikVFpYwbtRTg,UCdQAuWwyC99MB7Y02Umj26Q,1
UCfXykdbSU97rj987LDUGfvg,UCIXLDYqR_syskKRJy_x9W9Q,1
UCfXykdbSU97rj987LDUGfvg,UCXN2s7DwTJm33xO-pNkAdaA,1
UCfXykdbSU97rj987LDUGfvg,UCq3mDTTRZnUybct5M9OSXbg,1
UCfXykdbSU97rj987LDUGfvg,UCwCfs-2zbD5k0lG-UVg_JBw,1
UC4Avya4kmR4Q0FrfFdBozSQ,UCpe5jW3MIqkgTJ-PgkzvM6Q,1
UC4Avya4kmR4Q0FrfFdBozSQ,UCDrmf9y9nLgFY5wnA2hTuGA,1
UC4Avya4kmR4Q0FrfFdBozSQ,UC-fiZBS5Gp1eCJd9ucgWnCg,1
UC4Avya4kmR4Q0FrfFdBozSQ,UCCBYcToQ2dwkd6TJh0FSyDg,1
UC4Avya4kmR4Q0FrfFdBozSQ,UCQqlPPUGqAfWjd-FSh_qn7Q,1
UC4Avya4kmR4Q0FrfFdBozSQ,UCUoYsrx1oZnCZ0usbBJn4fA,1
UC4Avya4kmR4Q0FrfFdBozSQ,UC_LYoGs5C3mbZKZuKuqYCvw,1
UC4Avya4kmR4Q0FrfFdBozSQ,UCRvPToDkkumha7WJAfCDk1A,1
UC4Avya4kmR4Q0FrfFdBozSQ,UCu8_3-Wg-YzNyvHYQDEscfw,1
UC4Avya4kmR4Q0FrfFdBozSQ,UCylqlpsh8ENNM1LqgQ1KbxA,1
UC4Avya4kmR4Q0FrfFdBozSQ,UC32oozucwCF3q8d4m8fyOUg,1
UC4Avya4kmR4Q0FrfFdBozSQ,UCW-JC6lebVmf2P1dmY_L94g,1
UC4Avya4kmR4Q0FrfFdBozSQ,UCAKuKvcbfnBD3kF5njNu-IA,1
UC4Avya4kmR4Q0FrfFdBozSQ,UC3UVO7pTbeYvZ3ILEyRDskQ,1
UC4Avya4kmR4Q0FrfFdBozSQ,UCgJNFj5dnxXpcMvmuhZDPxA,1
UC4Avya4kmR4Q0FrfFdBozSQ,UCWoAVGVqCn4xtINCMOTM4jg,1
UC4Avya4kmR4Q0FrfFdBozSQ,UClqA491Xa5fQcXcJJa-vTWw,1
UC4Avya4kmR4Q0FrfFdBozSQ,UCe8JZoYkX5oKUZyivHYdXhw,1
UC4Avya4kmR4Q0FrfFdBozSQ,UClhMWQ7XKWywYvbRnuf8QsA,1
UC4Avya4kmR4Q0FrfFdBozSQ,UC5hvEnRUzI4Kfvwnyi4QxqQ,1
UC4Avya4kmR4Q0FrfFdBozSQ,UC7dadZG7kkGYnsNu6td0FbA,1
UC4Avya4kmR4Q0FrfFdBozSQ,UCsGoJEvb-cFPZ2rWoJcXzEQ,1
UC4Avya4kmR4Q0FrfFdBozSQ,UCuXmOjxC-htcprLgeVXz6Tg,1
UC4Avya4kmR4Q0FrfFdBozSQ,UCHbwIx9pmQuf7i-4_xO2EpA,1
UC4Avya4kmR4Q0FrfFdBozSQ,UCW80DaMjQlEUibC98Cot-Dg,1
UChep9kVb5gQmpodEEl10Xlg,UC9xr9QvIcDvoZNUX5f-jaZw,1
UChep9kVb5gQmpodEEl10Xlg,UC-hfX8J5JPJ-dfuakzegMLA,1
UChep9kVb5gQmpodEEl10Xlg,UCipetjeiWj4CZB6EbyYziZg,1
UChep9kVb5gQmpodEEl10Xlg,UCiGRBf2RNF0WRKhRVT7zFoA,1
UChep9kVb5gQmpodEEl10Xlg,UCDPWkUX3sNNaCx-m1dV4glA,1
UChep9kVb5gQmpodEEl10Xlg,UCz3gu01bmjNv0DpRq-K3XYg,1
UChep9kVb5gQmpodEEl10Xlg,UC8r11yOugM2NuRfitQOxLLg,1
UChep9kVb5gQmpodEEl10Xlg,UCwha8rxULYMVtNwZWeSkE1A,1
UChep9kVb5gQmpodEEl10Xlg,UCXXh7yg5KUFIWylTiKVEFKQ,1
UChep9kVb5gQmpodEEl10Xlg,UCYN4wSQ1Sx4_LurxLlW7MPg,1
UChep9kVb5gQmpodEEl10Xlg,UCsSXdJct-nsS8DsABoEsaYA,1
UChep9kVb5gQmpodEEl10Xlg,UC7VUuJr9cGh845CmTvf7TlQ,1
UChep9kVb5gQmpodEEl10Xlg,UCSou6a2OuYGSvPjm5psquyA,1
UChep9kVb5gQmpodEEl10Xlg,UCsJJAvrVGupdmhOqgtDp8dg,1
UChep9kVb5gQmpodEEl10Xlg,UCFhxtoeARHPnXXPcDrOU3Xg,1
UChep9kVb5gQmpodEEl10Xlg,UCGzXwyCzMzGmjmCbH3Hg01Q,1
UChep9kVb5gQmpodEEl10Xlg,UC3E9mAgP7VoAE5mZoAexl5g,1
UChep9kVb5gQmpodEEl10Xlg,UCB5p8a5gklc80jJItP6xTHg,1
UChep9kVb5gQmpodEEl10Xlg,UCQtICyzWmhC5woCtbNgaSmg,1
UChep9kVb5gQmpodEEl10Xlg,UCfM3nrxtTQMY5jFx1v1J4Gg,1
UChep9kVb5gQmpodEEl10Xlg,UCFoIAE8k82D6AV-8gjjKaNg,1
UChep9kVb5gQmpodEEl10Xlg,UCA93ym2TXs_Ibyxb4Vcn-6Q,1
UChep9kVb5gQmpodEEl10Xlg,UCFxE8GbokBrBsPEKM1xrOjQ,1
UChep9kVb5gQmpodEEl10Xlg,UC8G5cJONY8L9voMyBW8Eoug,1
UChep9kVb5gQmpodEEl10Xlg,UCTD6q1nyIe3Y7HhqjaMj72w,1
UChep9kVb5gQmpodEEl10Xlg,UC2Y_EHWQKevubk4vOEBBFxw,1
UChep9kVb5gQmpodEEl10Xlg,UCTP3O0rMnc8z8v8jaDQwL0w,1
UChep9kVb5gQmpodEEl10Xlg,UCAmtbUiIrUIhikru0ZoTFig,1
UChep9kVb5gQmpodEEl10Xlg,UCRlCV9zSn7avAWh-9_XFWqQ,1
UChep9kVb5gQmpodEEl10Xlg,UCpl8rF8uv_8uui-QRvuJaRA,1
UChep9kVb5gQmpodEEl10Xlg,UCsUCN0Yq_UyTvKjOJLmNrnQ,1
UChep9kVb5gQmpodEEl10Xlg,UCjSKM9j0Q7HLDr1hD6D-TUw,1
UChep9kVb5gQmpodEEl10Xlg,UCEgEQmRbtL5fwr9_DqAC--g,1
UChep9kVb5gQmpodEEl10Xlg,UCtNfIBnc5S5DbbQj_yxgJTw,1
UChep9kVb5gQmpodEEl10Xlg,UCvApqeCbLod-wejtT4CcVuA,1
UChep9kVb5gQmpodEEl10Xlg,UCrJn_rbo_ENAdeqneS-RmRw,1
UChep9kVb5gQmpodEEl10Xlg,UCTylKrsqkrBKIqubMu_5N0Q,1
UChep9kVb5gQmpodEEl10Xlg,UCjmPuazZJzscrwvk0QR9RVw,1
UChep9kVb5gQmpodEEl10Xlg,UCr1emrogPKkKTs_WTtx71xg,1
UChep9kVb5gQmpodEEl10Xlg,UC4cXueR2bKGFJV0Fk76gwmA,1
UChep9kVb5gQmpodEEl10Xlg,UCL1MT278vSaQ83ZDkVWn1gw,1
UChep9kVb5gQmpodEEl10Xlg,UCRETAiYdh2dL5ZxB0_N1zDA,1
UChep9kVb5gQmpodEEl10Xlg,UCtUR3_CAiE7fCoZHM6cMfyQ,1
UChep9kVb5gQmpodEEl10Xlg,UCylqlpsh8ENNM1LqgQ1KbxA,1
UChep9kVb5gQmpodEEl10Xlg,UC3NMzdMYryaw82kPTnsaljg,1
UChep9kVb5gQmpodEEl10Xlg,UCsjs5Hp_r86x1xbK6FAeqaA,1
UChep9kVb5gQmpodEEl10Xlg,UCp4iw5_5SmV9VGTFSNVGOmQ,1
UChep9kVb5gQmpodEEl10Xlg,UCKDR0f2fu2UzWL8mBv5-BHw,1
UChep9kVb5gQmpodEEl10Xlg,UC5bG9nc_JV3FsNP2KseQiYw,1
UChep9kVb5gQmpodEEl10Xlg,UC1vr9aaMI2crB0NvwFHUeoQ,1
UChep9kVb5gQmpodEEl10Xlg,UCDUffaruH6dyUnUGwsTKpgg,1
UChep9kVb5gQmpodEEl10Xlg,UCDlr1VadSucIZgZ171pRBjQ,1
UChep9kVb5gQmpodEEl10Xlg,UCySYJU5kUh7X8gVt9la2ISA,1
UChep9kVb5gQmpodEEl10Xlg,UCHTGCgY2l-DQJIvlA_cpa_Q,1
UChep9kVb5gQmpodEEl10Xlg,UC2weSE8rpqkGMOp6StYtVfg,1
UChep9kVb5gQmpodEEl10Xlg,UC650pRT-OYzny3GwOH8Cgfw,1
UChep9kVb5gQmpodEEl10Xlg,UCl0ekS9Tt0jJGtOEM18S63w,1
UChep9kVb5gQmpodEEl10Xlg,UCiMythXHsw7eQEMykCdmMUA,1
UChep9kVb5gQmpodEEl10Xlg,UCAlzM_N6xBlMYmM8EBzX86Q,1
UChep9kVb5gQmpodEEl10Xlg,UChZknRmJkeGeQk0-mQuhDOg,1
UChep9kVb5gQmpodEEl10Xlg,UCmvOgzmmXbjUthHy-WJ52hQ,1
UChep9kVb5gQmpodEEl10Xlg,UCOh6DaZC_x9HASnlRylEMfw,1
UChep9kVb5gQmpodEEl10Xlg,UC-jS_kA9w-OmpupXDx156Rg,1
UChep9kVb5gQmpodEEl10Xlg,UCXgr7vXlRrsaskPdo097kGA,1
UCtsxPYw8VUsH_FfnKg-0lmw,UC-HeUTT6_g-VoiWds2a4H-w,1
UCtsxPYw8VUsH_FfnKg-0lmw,UCvDwJBBY1mHK70aTEYl6rsA,1
UCtsxPYw8VUsH_FfnKg-0lmw,UCfo_yUPzy1f1POwwZxhZ06Q,1
UCtsxPYw8VUsH_FfnKg-0lmw,UCRfkkatKrNtAARnXMMYBGlA,1
UCtsxPYw8VUsH_FfnKg-0lmw,UCa36MjQLoPAmgJo-R3G8WQA,1
UCtsxPYw8VUsH_FfnKg-0lmw,UC1NiEdJ7gk6FlDexIalWnGg,1
UCtsxPYw8VUsH_FfnKg-0lmw,UC3YpzAr7pcdKC7BVFEpYzog,1
UCtsxPYw8VUsH_FfnKg-0lmw,UC14qlobYKqD-DO0j6b75lcA,1
UCtsxPYw8VUsH_FfnKg-0lmw,UC0HvfEWozTHbwl_iEmJNvVA,1
UCtsxPYw8VUsH_FfnKg-0lmw,UC-Iul5tDYH_oiAMXQH-KaaQ,1
UCtsxPYw8VUsH_FfnKg-0lmw,UCgGqw4aqMdMVSGkKiMgrJRQ,1
UCtsxPYw8VUsH_FfnKg-0lmw,UChyps3dqY-VY1_wLeq-2lhw,1
UCRlCV9zSn7avAWh-9_XFWqQ,UC9xr9QvIcDvoZNUX5f-jaZw,1
UCRlCV9zSn7avAWh-9_XFWqQ,UC-hfX8J5JPJ-dfuakzegMLA,1
UCRlCV9zSn7avAWh-9_XFWqQ,UCipetjeiWj4CZB6EbyYziZg,1
UCRlCV9zSn7avAWh-9_XFWqQ,UCiGRBf2RNF0WRKhRVT7zFoA,1
UCRlCV9zSn7avAWh-9_XFWqQ,UCDPWkUX3sNNaCx-m1dV4glA,1
UCRlCV9zSn7avAWh-9_XFWqQ,UCz3gu01bmjNv0DpRq-K3XYg,1
UCRlCV9zSn7avAWh-9_XFWqQ,UC8r11yOugM2NuRfitQOxLLg,1
UCRlCV9zSn7avAWh-9_XFWqQ,UCwha8rxULYMVtNwZWeSkE1A,1
UCRlCV9zSn7avAWh-9_XFWqQ,UCXXh7yg5KUFIWylTiKVEFKQ,1
UCRlCV9zSn7avAWh-9_XFWqQ,UCYN4wSQ1Sx4_LurxLlW7MPg,1
UCRlCV9zSn7avAWh-9_XFWqQ,UCsSXdJct-nsS8DsABoEsaYA,1
UCRlCV9zSn7avAWh-9_XFWqQ,UC7VUuJr9cGh845CmTvf7TlQ,1
UCRlCV9zSn7avAWh-9_XFWqQ,UCSou6a2OuYGSvPjm5psquyA,1
UCRlCV9zSn7avAWh-9_XFWqQ,UCsJJAvrVGupdmhOqgtDp8dg,1
UCRlCV9zSn7avAWh-9_XFWqQ,UCFhxtoeARHPnXXPcDrOU3Xg,1
UCRlCV9zSn7avAWh-9_XFWqQ,UCGzXwyCzMzGmjmCbH3Hg01Q,1
UCRlCV9zSn7avAWh-9_XFWqQ,UC3E9mAgP7VoAE5mZoAexl5g,1
UCRlCV9zSn7avAWh-9_XFWqQ,UCB5p8a5gklc80jJItP6xTHg,1
UCRlCV9zSn7avAWh-9_XFWqQ,UCQtICyzWmhC5woCtbNgaSmg,1
UCRlCV9zSn7avAWh-9_XFWqQ,UCfM3nrxtTQMY5jFx1v1J4Gg,1
UCRlCV9zSn7avAWh-9_XFWqQ,UCFoIAE8k82D6AV-8gjjKaNg,1
UCRlCV9zSn7avAWh-9_XFWqQ,UCA93ym2TXs_Ibyxb4Vcn-6Q,1
UCRlCV9zSn7avAWh-9_XFWqQ,UCFxE8GbokBrBsPEKM1xrOjQ,1
UCRlCV9zSn7avAWh-9_XFWqQ,UC8G5cJONY8L9voMyBW8Eoug,1
UCRlCV9zSn7avAWh-9_XFWqQ,UCTD6q1nyIe3Y7HhqjaMj72w,1
UCRlCV9zSn7avAWh-9_XFWqQ,UC2Y_EHWQKevubk4vOEBBFxw,1
UCRlCV9zSn7avAWh-9_XFWqQ,UCTP3O0rMnc8z8v8jaDQwL0w,1
UCRlCV9zSn7avAWh-9_XFWqQ,UCAmtbUiIrUIhikru0ZoTFig,1
UCRlCV9zSn7avAWh-9_XFWqQ,UCpl8rF8uv_8uui-QRvuJaRA,1
UCRlCV9zSn7avAWh-9_XFWqQ,UCsUCN0Yq_UyTvKjOJLmNrnQ,1
UCRlCV9zSn7avAWh-9_XFWqQ,UCjSKM9j0Q7HLDr1hD6D-TUw,1
UCRlCV9zSn7avAWh-9_XFWqQ,UCEgEQmRbtL5fwr9_DqAC--g,1
UCRlCV9zSn7avAWh-9_XFWqQ,UCtNfIBnc5S5DbbQj_yxgJTw,1
UCRlCV9zSn7avAWh-9_XFWqQ,UCvApqeCbLod-wejtT4CcVuA,1
UCRlCV9zSn7avAWh-9_XFWqQ,UCrJn_rbo_ENAdeqneS-RmRw,1
UCRlCV9zSn7avAWh-9_XFWqQ,UCTylKrsqkrBKIqubMu_5N0Q,1
UCRlCV9zSn7avAWh-9_XFWqQ,UCjmPuazZJzscrwvk0QR9RVw,1
UCRlCV9zSn7avAWh-9_XFWqQ,UCr1emrogPKkKTs_WTtx71xg,1
UCRlCV9zSn7avAWh-9_XFWqQ,UC4cXueR2bKGFJV0Fk76gwmA,1
UCRlCV9zSn7avAWh-9_XFWqQ,UCL1MT278vSaQ83ZDkVWn1gw,1
UCRlCV9zSn7avAWh-9_XFWqQ,UCRETAiYdh2dL5ZxB0_N1zDA,1
UCRlCV9zSn7avAWh-9_XFWqQ,UCtUR3_CAiE7fCoZHM6cMfyQ,1
UCRlCV9zSn7avAWh-9_XFWqQ,UCylqlpsh8ENNM1LqgQ1KbxA,1
UCRlCV9zSn7avAWh-9_XFWqQ,UC3NMzdMYryaw82kPTnsaljg,1
UCRlCV9zSn7avAWh-9_XFWqQ,UCsjs5Hp_r86x1xbK6FAeqaA,1
UCRlCV9zSn7avAWh-9_XFWqQ,UCp4iw5_5SmV9VGTFSNVGOmQ,1
UCRlCV9zSn7avAWh-9_XFWqQ,UCKDR0f2fu2UzWL8mBv5-BHw,1
UCRlCV9zSn7avAWh-9_XFWqQ,UC5bG9nc_JV3FsNP2KseQiYw,1
UCRlCV9zSn7avAWh-9_XFWqQ,UC1vr9aaMI2crB0NvwFHUeoQ,1
UCRlCV9zSn7avAWh-9_XFWqQ,UCDUffaruH6dyUnUGwsTKpgg,1
UCRlCV9zSn7avAWh-9_XFWqQ,UCDlr1VadSucIZgZ171pRBjQ,1
UCRlCV9zSn7avAWh-9_XFWqQ,UCySYJU5kUh7X8gVt9la2ISA,1
UCRlCV9zSn7avAWh-9_XFWqQ,UCHTGCgY2l-DQJIvlA_cpa_Q,1
UCRlCV9zSn7avAWh-9_XFWqQ,UC2weSE8rpqkGMOp6StYtVfg,1
UCRlCV9zSn7avAWh-9_XFWqQ,UC650pRT-OYzny3GwOH8Cgfw,1
UCRlCV9zSn7avAWh-9_XFWqQ,UCl0ekS9Tt0jJGtOEM18S63w,1
UCRlCV9zSn7avAWh-9_XFWqQ,UCiMythXHsw7eQEMykCdmMUA,1
UCRlCV9zSn7avAWh-9_XFWqQ,UCAlzM_N6xBlMYmM8EBzX86Q,1
UCRlCV9zSn7avAWh-9_XFWqQ,UChZknRmJkeGeQk0-mQuhDOg,1
UCRlCV9zSn7avAWh-9_XFWqQ,UCmvOgzmmXbjUthHy-WJ52hQ,1
UCRlCV9zSn7avAWh-9_XFWqQ,UCOh6DaZC_x9HASnlRylEMfw,1
UCRlCV9zSn7avAWh-9_XFWqQ,UC-jS_kA9w-OmpupXDx156Rg,1
UCRlCV9zSn7avAWh-9_XFWqQ,UCXgr7vXlRrsaskPdo097kGA,1
UCfo_yUPzy1f1POwwZxhZ06Q,UC-HeUTT6_g-VoiWds2a4H-w,1
UCfo_yUPzy1f1POwwZxhZ06Q,UCvDwJBBY1mHK70aTEYl6rsA,1
UCfo_yUPzy1f1POwwZxhZ06Q,UCRfkkatKrNtAARnXMMYBGlA,1
UCfo_yUPzy1f1POwwZxhZ06Q,UCa36MjQLoPAmgJo-R3G8WQA,1
UCfo_yUPzy1f1POwwZxhZ06Q,UC1NiEdJ7gk6FlDexIalWnGg,1
UCfo_yUPzy1f1POwwZxhZ06Q,UC3YpzAr7pcdKC7BVFEpYzog,1
UCfo_yUPzy1f1POwwZxhZ06Q,UC14qlobYKqD-DO0j6b75lcA,1
UCfo_yUPzy1f1POwwZxhZ06Q,UC0HvfEWozTHbwl_iEmJNvVA,1
UCfo_yUPzy1f1POwwZxhZ06Q,UC-Iul5tDYH_oiAMXQH-KaaQ,1
UCfo_yUPzy1f1POwwZxhZ06Q,UCgGqw4aqMdMVSGkKiMgrJRQ,1
UCfo_yUPzy1f1POwwZxhZ06Q,UChyps3dqY-VY1_wLeq-2lhw,1
UCTylKrsqkrBKIqubMu_5N0Q,UC9xr9QvIcDvoZNUX5f-jaZw,1
UCTylKrsqkrBKIqubMu_5N0Q,UC-hfX8J5JPJ-dfuakzegMLA,1
UCTylKrsqkrBKIqubMu_5N0Q,UCipetjeiWj4CZB6EbyYziZg,1
UCTylKrsqkrBKIqubMu_5N0Q,UCiGRBf2RNF0WRKhRVT7zFoA,1
UCTylKrsqkrBKIqubMu_5N0Q,UCDPWkUX3sNNaCx-m1dV4glA,1
UCTylKrsqkrBKIqubMu_5N0Q,UCz3gu01bmjNv0DpRq-K3XYg,1
UCTylKrsqkrBKIqubMu_5N0Q,UC8r11yOugM2NuRfitQOxLLg,1
UCTylKrsqkrBKIqubMu_5N0Q,UCwha8rxULYMVtNwZWeSkE1A,1
UCTylKrsqkrBKIqubMu_5N0Q,UCXXh7yg5KUFIWylTiKVEFKQ,1
UCTylKrsqkrBKIqubMu_5N0Q,UCYN4wSQ1Sx4_LurxLlW7MPg,1
UCTylKrsqkrBKIqubMu_5N0Q,UCsSXdJct-nsS8DsABoEsaYA,1
UCTylKrsqkrBKIqubMu_5N0Q,UC7VUuJr9cGh845CmTvf7TlQ,1
UCTylKrsqkrBKIqubMu_5N0Q,UCSou6a2OuYGSvPjm5psquyA,1
UCTylKrsqkrBKIqubMu_5N0Q,UCsJJAvrVGupdmhOqgtDp8dg,1
UCTylKrsqkrBKIqubMu_5N0Q,UCFhxtoeARHPnXXPcDrOU3Xg,1
UCTylKrsqkrBKIqubMu_5N0Q,UCGzXwyCzMzGmjmCbH3Hg01Q,1
UCTylKrsqkrBKIqubMu_5N0Q,UC3E9mAgP7VoAE5mZoAexl5g,1
UCTylKrsqkrBKIqubMu_5N0Q,UCB5p8a5gklc80jJItP6xTHg,1
UCTylKrsqkrBKIqubMu_5N0Q,UCQtICyzWmhC5woCtbNgaSmg,1
UCTylKrsqkrBKIqubMu_5N0Q,UCfM3nrxtTQMY5jFx1v1J4Gg,1
UCTylKrsqkrBKIqubMu_5N0Q,UCFoIAE8k82D6AV-8gjjKaNg,1
UCTylKrsqkrBKIqubMu_5N0Q,UCA93ym2TXs_Ibyxb4Vcn-6Q,1
UCTylKrsqkrBKIqubMu_5N0Q,UCFxE8GbokBrBsPEKM1xrOjQ,1
UCTylKrsqkrBKIqubMu_5N0Q,UC8G5cJONY8L9voMyBW8Eoug,1
UCTylKrsqkrBKIqubMu_5N0Q,UCTD6q1nyIe3Y7HhqjaMj72w,1
UCTylKrsqkrBKIqubMu_5N0Q,UC2Y_EHWQKevubk4vOEBBFxw,1
UCTylKrsqkrBKIqubMu_5N0Q,UCTP3O0rMnc8z8v8jaDQwL0w,1
UCTylKrsqkrBKIqubMu_5N0Q,UCAmtbUiIrUIhikru0ZoTFig,1
UCTylKrsqkrBKIqubMu_5N0Q,UCpl8rF8uv_8uui-QRvuJaRA,1
UCTylKrsqkrBKIqubMu_5N0Q,UCsUCN0Yq_UyTvKjOJLmNrnQ,1
UCTylKrsqkrBKIqubMu_5N0Q,UCjSKM9j0Q7HLDr1hD6D-TUw,1
UCTylKrsqkrBKIqubMu_5N0Q,UCEgEQmRbtL5fwr9_DqAC--g,1
UCTylKrsqkrBKIqubMu_5N0Q,UCtNfIBnc5S5DbbQj_yxgJTw,1
UCTylKrsqkrBKIqubMu_5N0Q,UCvApqeCbLod-wejtT4CcVuA,1
UCTylKrsqkrBKIqubMu_5N0Q,UCrJn_rbo_ENAdeqneS-RmRw,1
UCTylKrsqkrBKIqubMu_5N0Q,UCjmPuazZJzscrwvk0QR9RVw,1
UCTylKrsqkrBKIqubMu_5N0Q,UCr1emrogPKkKTs_WTtx71xg,1
UCTylKrsqkrBKIqubMu_5N0Q,UC4cXueR2bKGFJV0Fk76gwmA,1
UCTylKrsqkrBKIqubMu_5N0Q,UCL1MT278vSaQ83ZDkVWn1gw,1
UCTylKrsqkrBKIqubMu_5N0Q,UCRETAiYdh2dL5ZxB0_N1zDA,1
UCTylKrsqkrBKIqubMu_5N0Q,UCtUR3_CAiE7fCoZHM6cMfyQ,1
UCTylKrsqkrBKIqubMu_5N0Q,UCylqlpsh8ENNM1LqgQ1KbxA,1
UCTylKrsqkrBKIqubMu_5N0Q,UC3NMzdMYryaw82kPTnsaljg,1
UCTylKrsqkrBKIqubMu_5N0Q,UCsjs5Hp_r86x1xbK6FAeqaA,1
UCTylKrsqkrBKIqubMu_5N0Q,UCp4iw5_5SmV9VGTFSNVGOmQ,1
UCTylKrsqkrBKIqubMu_5N0Q,UCKDR0f2fu2UzWL8mBv5-BHw,1
UCTylKrsqkrBKIqubMu_5N0Q,UC5bG9nc_JV3FsNP2KseQiYw,1
UCTylKrsqkrBKIqubMu_5N0Q,UC1vr9aaMI2crB0NvwFHUeoQ,1
UCTylKrsqkrBKIqubMu_5N0Q,UCDUffaruH6dyUnUGwsTKpgg,1
UCTylKrsqkrBKIqubMu_5N0Q,UCDlr1VadSucIZgZ171pRBjQ,1
UCTylKrsqkrBKIqubMu_5N0Q,UCySYJU5kUh7X8gVt9la2ISA,1
UCTylKrsqkrBKIqubMu_5N0Q,UCHTGCgY2l-DQJIvlA_cpa_Q,1
UCTylKrsqkrBKIqubMu_5N0Q,UC2weSE8rpqkGMOp6StYtVfg,1
UCTylKrsqkrBKIqubMu_5N0Q,UC650pRT-OYzny3GwOH8Cgfw,1
UCTylKrsqkrBKIqubMu_5N0Q,UCl0ekS9Tt0jJGtOEM18S63w,1
UCTylKrsqkrBKIqubMu_5N0Q,UCiMythXHsw7eQEMykCdmMUA,1
UCTylKrsqkrBKIqubMu_5N0Q,UCAlzM_N6xBlMYmM8EBzX86Q,1
UCTylKrsqkrBKIqubMu_5N0Q,UChZknRmJkeGeQk0-mQuhDOg,1
UCTylKrsqkrBKIqubMu_5N0Q,UCmvOgzmmXbjUthHy-WJ52hQ,1
UCTylKrsqkrBKIqubMu_5N0Q,UCOh6DaZC_x9HASnlRylEMfw,1
UCTylKrsqkrBKIqubMu_5N0Q,UC-jS_kA9w-OmpupXDx156Rg,1
UCTylKrsqkrBKIqubMu_5N0Q,UCXgr7vXlRrsaskPdo097kGA,1
UC5hvEnRUzI4Kfvwnyi4QxqQ,UCpe5jW3MIqkgTJ-PgkzvM6Q,1
UC5hvEnRUzI4Kfvwnyi4QxqQ,UCDrmf9y9nLgFY5wnA2hTuGA,1
UC5hvEnRUzI4Kfvwnyi4QxqQ,UC-fiZBS5Gp1eCJd9ucgWnCg,1
UC5hvEnRUzI4Kfvwnyi4QxqQ,UCCBYcToQ2dwkd6TJh0FSyDg,1
UC5hvEnRUzI4Kfvwnyi4QxqQ,UCQqlPPUGqAfWjd-FSh_qn7Q,1
UC5hvEnRUzI4Kfvwnyi4QxqQ,UCUoYsrx1oZnCZ0usbBJn4fA,1
UC5hvEnRUzI4Kfvwnyi4QxqQ,UC_LYoGs5C3mbZKZuKuqYCvw,1
UC5hvEnRUzI4Kfvwnyi4QxqQ,UCRvPToDkkumha7WJAfCDk1A,1
UC5hvEnRUzI4Kfvwnyi4QxqQ,UCu8_3-Wg-YzNyvHYQDEscfw,1
UC5hvEnRUzI4Kfvwnyi4QxqQ,UCylqlpsh8ENNM1LqgQ1KbxA,1
UC5hvEnRUzI4Kfvwnyi4QxqQ,UC32oozucwCF3q8d4m8fyOUg,1
UC5hvEnRUzI4Kfvwnyi4QxqQ,UCW-JC6lebVmf2P1dmY_L94g,1
UC5hvEnRUzI4Kfvwnyi4QxqQ,UCAKuKvcbfnBD3kF5njNu-IA,1
UC5hvEnRUzI4Kfvwnyi4QxqQ,UC3UVO7pTbeYvZ3ILEyRDskQ,1
UC5hvEnRUzI4Kfvwnyi4QxqQ,UCgJNFj5dnxXpcMvmuhZDPxA,1
UC5hvEnRUzI4Kfvwnyi4QxqQ,UCWoAVGVqCn4xtINCMOTM4jg,1
UC5hvEnRUzI4Kfvwnyi4QxqQ,UClqA491Xa5fQcXcJJa-vTWw,1
UC5hvEnRUzI4Kfvwnyi4QxqQ,UCe8JZoYkX5oKUZyivHYdXhw,1
UC5hvEnRUzI4Kfvwnyi4QxqQ,UClhMWQ7XKWywYvbRnuf8QsA,1
UC5hvEnRUzI4Kfvwnyi4QxqQ,UC7dadZG7kkGYnsNu6td0FbA,1
UC5hvEnRUzI4Kfvwnyi4QxqQ,UCsGoJEvb-cFPZ2rWoJcXzEQ,1
UC5hvEnRUzI4Kfvwnyi4QxqQ,UCuXmOjxC-htcprLgeVXz6Tg,1
UC5hvEnRUzI4Kfvwnyi4QxqQ,UCHbwIx9pmQuf7i-4_xO2EpA,1
UC5hvEnRUzI4Kfvwnyi4QxqQ,UCW80DaMjQlEUibC98Cot-Dg,1
UCVhif9eV0f8plICen2DnpKA,UCGj2v6Gl5bN8NSrzJMXS-CA,1
UCVhif9eV0f8plICen2DnpKA,UCZIQnb1fkwe39Iw2TAu-bGA,1
UCVhif9eV0f8plICen2DnpKA,UCyW68EGZey4ao_Vf2cR5Ztg,1
UCVhif9eV0f8plICen2DnpKA,UCOARn3hnfkB7-_Rwa8Hoqcw,1
UC1vr9aaMI2crB0NvwFHUeoQ,UC9xr9QvIcDvoZNUX5f-jaZw,1
UC1vr9aaMI2crB0NvwFHUeoQ,UC-hfX8J5JPJ-dfuakzegMLA,1
UC1vr9aaMI2crB0NvwFHUeoQ,UCipetjeiWj4CZB6EbyYziZg,1
UC1vr9aaMI2crB0NvwFHUeoQ,UCiGRBf2RNF0WRKhRVT7zFoA,1
UC1vr9aaMI2crB0NvwFHUeoQ,UCDPWkUX3sNNaCx-m1dV4glA,1
UC1vr9aaMI2crB0NvwFHUeoQ,UCz3gu01bmjNv0DpRq-K3XYg,1
UC1vr9aaMI2crB0NvwFHUeoQ,UC8r11yOugM2NuRfitQOxLLg,1
UC1vr9aaMI2crB0NvwFHUeoQ,UCwha8rxULYMVtNwZWeSkE1A,1
UC1vr9aaMI2crB0NvwFHUeoQ,UCXXh7yg5KUFIWylTiKVEFKQ,1
UC1vr9aaMI2crB0NvwFHUeoQ,UCYN4wSQ1Sx4_LurxLlW7MPg,1
UC1vr9aaMI2crB0NvwFHUeoQ,UCsSXdJct-nsS8DsABoEsaYA,1
UC1vr9aaMI2crB0NvwFHUeoQ,UC7VUuJr9cGh845CmTvf7TlQ,1
UC1vr9aaMI2crB0NvwFHUeoQ,UCSou6a2OuYGSvPjm5psquyA,1
UC1vr9aaMI2crB0NvwFHUeoQ,UCsJJAvrVGupdmhOqgtDp8dg,1
UC1vr9aaMI2crB0NvwFHUeoQ,UCFhxtoeARHPnXXPcDrOU3Xg,1
UC1vr9aaMI2crB0NvwFHUeoQ,UCGzXwyCzMzGmjmCbH3Hg01Q,1
UC1vr9aaMI2crB0NvwFHUeoQ,UC3E9mAgP7VoAE5mZoAexl5g,1
UC1vr9aaMI2crB0NvwFHUeoQ,UCB5p8a5gklc80jJItP6xTHg,1
UC1vr9aaMI2crB0NvwFHUeoQ,UCQtICyzWmhC5woCtbNgaSmg,1
UC1vr9aaMI2crB0NvwFHUeoQ,UCfM3nrxtTQMY5jFx1v1J4Gg,1
UC1vr9aaMI2crB0NvwFHUeoQ,UCFoIAE8k82D6AV-8gjjKaNg,1
UC1vr9aaMI2crB0NvwFHUeoQ,UCA93ym2TXs_Ibyxb4Vcn-6Q,1
UC1vr9aaMI2crB0NvwFHUeoQ,UCFxE8GbokBrBsPEKM1xrOjQ,1
UC1vr9aaMI2crB0NvwFHUeoQ,UC8G5cJONY8L9voMyBW8Eoug,1
UC1vr9aaMI2crB0NvwFHUeoQ,UCTD6q1nyIe3Y7HhqjaMj72w,1
UC1vr9aaMI2crB0NvwFHUeoQ,UC2Y_EHWQKevubk4vOEBBFxw,1
UC1vr9aaMI2crB0NvwFHUeoQ,UCTP3O0rMnc8z8v8jaDQwL0w,1
UC1vr9aaMI2crB0NvwFHUeoQ,UCAmtbUiIrUIhikru0ZoTFig,1
UC1vr9aaMI2crB0NvwFHUeoQ,UCpl8rF8uv_8uui-QRvuJaRA,1
UC1vr9aaMI2crB0NvwFHUeoQ,UCsUCN0Yq_UyTvKjOJLmNrnQ,1
UC1vr9aaMI2crB0NvwFHUeoQ,UCjSKM9j0Q7HLDr1hD6D-TUw,1
UC1vr9aaMI2crB0NvwFHUeoQ,UCEgEQmRbtL5fwr9_DqAC--g,1
UC1vr9aaMI2crB0NvwFHUeoQ,UCtNfIBnc5S5DbbQj_yxgJTw,1
UC1vr9aaMI2crB0NvwFHUeoQ,UCvApqeCbLod-wejtT4CcVuA,1
UC1vr9aaMI2crB0NvwFHUeoQ,UCrJn_rbo_ENAdeqneS-RmRw,1
UC1vr9aaMI2crB0NvwFHUeoQ,UCjmPuazZJzscrwvk0QR9RVw,1
UC1vr9aaMI2crB0NvwFHUeoQ,UCr1emrogPKkKTs_WTtx71xg,1
UC1vr9aaMI2crB0NvwFHUeoQ,UC4cXueR2bKGFJV0Fk76gwmA,1
UC1vr9aaMI2crB0NvwFHUeoQ,UCL1MT278vSaQ83ZDkVWn1gw,1
UC1vr9aaMI2crB0NvwFHUeoQ,UCRETAiYdh2dL5ZxB0_N1zDA,1
UC1vr9aaMI2crB0NvwFHUeoQ,UCtUR3_CAiE7fCoZHM6cMfyQ,1
UC1vr9aaMI2crB0NvwFHUeoQ,UCylqlpsh8ENNM1LqgQ1KbxA,1
UC1vr9aaMI2crB0NvwFHUeoQ,UC3NMzdMYryaw82kPTnsaljg,1
UC1vr9aaMI2crB0NvwFHUeoQ,UCsjs5Hp_r86x1xbK6FAeqaA,1
UC1vr9aaMI2crB0NvwFHUeoQ,UCp4iw5_5SmV9VGTFSNVGOmQ,1
UC1vr9aaMI2crB0NvwFHUeoQ,UCKDR0f2fu2UzWL8mBv5-BHw,1
UC1vr9aaMI2crB0NvwFHUeoQ,UC5bG9nc_JV3FsNP2KseQiYw,1
UC1vr9aaMI2crB0NvwFHUeoQ,UCDUffaruH6dyUnUGwsTKpgg,1
UC1vr9aaMI2crB0NvwFHUeoQ,UCDlr1VadSucIZgZ171pRBjQ,1
UC1vr9aaMI2crB0NvwFHUeoQ,UCySYJU5kUh7X8gVt9la2ISA,1
UC1vr9aaMI2crB0NvwFHUeoQ,UCHTGCgY2l-DQJIvlA_cpa_Q,1
UC1vr9aaMI2crB0NvwFHUeoQ,UC2weSE8rpqkGMOp6StYtVfg,1
UC1vr9aaMI2crB0NvwFHUeoQ,UC650pRT-OYzny3GwOH8Cgfw,1
UC1vr9aaMI2crB0NvwFHUeoQ,UCl0ekS9Tt0jJGtOEM18S63w,1
UC1vr9aaMI2crB0NvwFHUeoQ,UCiMythXHsw7eQEMykCdmMUA,1
UC1vr9aaMI2crB0NvwFHUeoQ,UCAlzM_N6xBlMYmM8EBzX86Q,1
UC1vr9aaMI2crB0NvwFHUeoQ,UChZknRmJkeGeQk0-mQuhDOg,1
UC1vr9aaMI2crB0NvwFHUeoQ,UCmvOgzmmXbjUthHy-WJ52hQ,1
UC1vr9aaMI2crB0NvwFHUeoQ,UCOh6DaZC_x9HASnlRylEMfw,1
UC1vr9aaMI2crB0NvwFHUeoQ,UC-jS_kA9w-OmpupXDx156Rg,1
UC1vr9aaMI2crB0NvwFHUeoQ,UCXgr7vXlRrsaskPdo097kGA,1
UCEgEQmRbtL5fwr9_DqAC--g,UC9xr9QvIcDvoZNUX5f-jaZw,1
UCEgEQmRbtL5fwr9_DqAC--g,UC-hfX8J5JPJ-dfuakzegMLA,1
UCEgEQmRbtL5fwr9_DqAC--g,UCipetjeiWj4CZB6EbyYziZg,1
UCEgEQmRbtL5fwr9_DqAC--g,UCiGRBf2RNF0WRKhRVT7zFoA,1
UCEgEQmRbtL5fwr9_DqAC--g,UCDPWkUX3sNNaCx-m1dV4glA,1
UCEgEQmRbtL5fwr9_DqAC--g,UCz3gu01bmjNv0DpRq-K3XYg,1
UCEgEQmRbtL5fwr9_DqAC--g,UC8r11yOugM2NuRfitQOxLLg,1
UCEgEQmRbtL5fwr9_DqAC--g,UCwha8rxULYMVtNwZWeSkE1A,1
UCEgEQmRbtL5fwr9_DqAC--g,UCXXh7yg5KUFIWylTiKVEFKQ,1
UCEgEQmRbtL5fwr9_DqAC--g,UCYN4wSQ1Sx4_LurxLlW7MPg,1
UCEgEQmRbtL5fwr9_DqAC--g,UCsSXdJct-nsS8DsABoEsaYA,1
UCEgEQmRbtL5fwr9_DqAC--g,UC7VUuJr9cGh845CmTvf7TlQ,1
UCEgEQmRbtL5fwr9_DqAC--g,UCSou6a2OuYGSvPjm5psquyA,1
UCEgEQmRbtL5fwr9_DqAC--g,UCsJJAvrVGupdmhOqgtDp8dg,1
UCEgEQmRbtL5fwr9_DqAC--g,UCFhxtoeARHPnXXPcDrOU3Xg,1
UCEgEQmRbtL5fwr9_DqAC--g,UCGzXwyCzMzGmjmCbH3Hg01Q,1
UCEgEQmRbtL5fwr9_DqAC--g,UC3E9mAgP7VoAE5mZoAexl5g,1
UCEgEQmRbtL5fwr9_DqAC--g,UCB5p8a5gklc80jJItP6xTHg,1
UCEgEQmRbtL5fwr9_DqAC--g,UCQtICyzWmhC5woCtbNgaSmg,1
UCEgEQmRbtL5fwr9_DqAC--g,UCfM3nrxtTQMY5jFx1v1J4Gg,1
UCEgEQmRbtL5fwr9_DqAC--g,UCFoIAE8k82D6AV-8gjjKaNg,1
UCEgEQmRbtL5fwr9_DqAC--g,UCA93ym2TXs_Ibyxb4Vcn-6Q,1
UCEgEQmRbtL5fwr9_DqAC--g,UCFxE8GbokBrBsPEKM1xrOjQ,1
UCEgEQmRbtL5fwr9_DqAC--g,UC8G5cJONY8L9voMyBW8Eoug,1
UCEgEQmRbtL5fwr9_DqAC--g,UCTD6q1nyIe3Y7HhqjaMj72w,1
UCEgEQmRbtL5fwr9_DqAC--g,UC2Y_EHWQKevubk4vOEBBFxw,1
UCEgEQmRbtL5fwr9_DqAC--g,UCTP3O0rMnc8z8v8jaDQwL0w,1
UCEgEQmRbtL5fwr9_DqAC--g,UCAmtbUiIrUIhikru0ZoTFig,1
UCEgEQmRbtL5fwr9_DqAC--g,UCpl8rF8uv_8uui-QRvuJaRA,1
UCEgEQmRbtL5fwr9_DqAC--g,UCsUCN0Yq_UyTvKjOJLmNrnQ,1
UCEgEQmRbtL5fwr9_DqAC--g,UCjSKM9j0Q7HLDr1hD6D-TUw,1
UCEgEQmRbtL5fwr9_DqAC--g,UCtNfIBnc5S5DbbQj_yxgJTw,1
UCEgEQmRbtL5fwr9_DqAC--g,UCvApqeCbLod-wejtT4CcVuA,1
UCEgEQmRbtL5fwr9_DqAC--g,UCrJn_rbo_ENAdeqneS-RmRw,1
UCEgEQmRbtL5fwr9_DqAC--g,UCjmPuazZJzscrwvk0QR9RVw,1
UCEgEQmRbtL5fwr9_DqAC--g,UCr1emrogPKkKTs_WTtx71xg,1
UCEgEQmRbtL5fwr9_DqAC--g,UC4cXueR2bKGFJV0Fk76gwmA,1
UCEgEQmRbtL5fwr9_DqAC--g,UCL1MT278vSaQ83ZDkVWn1gw,1
UCEgEQmRbtL5fwr9_DqAC--g,UCRETAiYdh2dL5ZxB0_N1zDA,1
UCEgEQmRbtL5fwr9_DqAC--g,UCtUR3_CAiE7fCoZHM6cMfyQ,1
UCEgEQmRbtL5fwr9_DqAC--g,UCylqlpsh8ENNM1LqgQ1KbxA,1
UCEgEQmRbtL5fwr9_DqAC--g,UC3NMzdMYryaw82kPTnsaljg,1
UCEgEQmRbtL5fwr9_DqAC--g,UCsjs5Hp_r86x1xbK6FAeqaA,1
UCEgEQmRbtL5fwr9_DqAC--g,UCp4iw5_5SmV9VGTFSNVGOmQ,1
UCEgEQmRbtL5fwr9_DqAC--g,UCKDR0f2fu2UzWL8mBv5-BHw,1
UCEgEQmRbtL5fwr9_DqAC--g,UC5bG9nc_JV3FsNP2KseQiYw,1
UCEgEQmRbtL5fwr9_DqAC--g,UCDUffaruH6dyUnUGwsTKpgg,1
UCEgEQmRbtL5fwr9_DqAC--g,UCDlr1VadSucIZgZ171pRBjQ,1
UCEgEQmRbtL5fwr9_DqAC--g,UCySYJU5kUh7X8gVt9la2ISA,1
UCEgEQmRbtL5fwr9_DqAC--g,UCHTGCgY2l-DQJIvlA_cpa_Q,1
UCEgEQmRbtL5fwr9_DqAC--g,UC2weSE8rpqkGMOp6StYtVfg,1
UCEgEQmRbtL5fwr9_DqAC--g,UC650pRT-OYzny3GwOH8Cgfw,1
UCEgEQmRbtL5fwr9_DqAC--g,UCl0ekS9Tt0jJGtOEM18S63w,1
UCEgEQmRbtL5fwr9_DqAC--g,UCiMythXHsw7eQEMykCdmMUA,1
UCEgEQmRbtL5fwr9_DqAC--g,UCAlzM_N6xBlMYmM8EBzX86Q,1
UCEgEQmRbtL5fwr9_DqAC--g,UChZknRmJkeGeQk0-mQuhDOg,1
UCEgEQmRbtL5fwr9_DqAC--g,UCmvOgzmmXbjUthHy-WJ52hQ,1
UCEgEQmRbtL5fwr9_DqAC--g,UCOh6DaZC_x9HASnlRylEMfw,1
UCEgEQmRbtL5fwr9_DqAC--g,UC-jS_kA9w-OmpupXDx156Rg,1
UCEgEQmRbtL5fwr9_DqAC--g,UCXgr7vXlRrsaskPdo097kGA,1
UCIUhbSCy3-SGRe5UtqM4fzQ,UCHMQ_lDhibZ-XZ_3fo6oxwg,1
UCIUhbSCy3-SGRe5UtqM4fzQ,UCaT6M2zp7X6r6Whd8Vv3kHQ,1
UCIUhbSCy3-SGRe5UtqM4fzQ,UC0RpuMwkDKJYqgKHtsJRuWQ,1
UCIUhbSCy3-SGRe5UtqM4fzQ,UC5fvhAfm89JH8eDFdvc0xYw,1
UCIUhbSCy3-SGRe5UtqM4fzQ,UCqilIa8r7iek5sGYg_q6ofA,1
UCIUhbSCy3-SGRe5UtqM4fzQ,UC0aEyakBPqcBkVJiErfSupQ,1
UCIUhbSCy3-SGRe5UtqM4fzQ,UCi-vPdnpQreC7BkFs40mJGA,1
UCIUhbSCy3-SGRe5UtqM4fzQ,UCRznz9-N3Qc1w-qNdLSIY2Q,1
UCIUhbSCy3-SGRe5UtqM4fzQ,UCIp19h9igblA2YKfSLPDAug,1
UCIUhbSCy3-SGRe5UtqM4fzQ,UCRcSR3Lvn9DZAmJpVPANfZQ,1
UCIUhbSCy3-SGRe5UtqM4fzQ,UCGqKxQS-z3NZzZF-2w338AA,1
UCIUhbSCy3-SGRe5UtqM4fzQ,UCs_5qeqdku9tGAq22y3OcuQ,1
UCIUhbSCy3-SGRe5UtqM4fzQ,UCwUAv3_LpWVtTIi7lkmTL7A,1
UCIUhbSCy3-SGRe5UtqM4fzQ,UCyzf29IYjNw67gGIfsjgtxA,1
UCIUhbSCy3-SGRe5UtqM4fzQ,UCgLrWFdYitoP-b7-PxtUr-w,1
UCIUhbSCy3-SGRe5UtqM4fzQ,UCY7Hq7F9Lnucf-Yr6JkHZNw,1
UCIUhbSCy3-SGRe5UtqM4fzQ,UCxKR3RA8T-kxMgq_2WWhRcQ,1
UCIUhbSCy3-SGRe5UtqM4fzQ,UCtMBF_1O2jY2INlb_luuB_A,1
UCozFYHN0e_-vlQbX3wQGOug,UCIgoiXdIKJyUGmUoH2Lxdzg,1
UCozFYHN0e_-vlQbX3wQGOug,UCbNanjFI51cwGqMAb2rOrBw,1
UCozFYHN0e_-vlQbX3wQGOug,UCZjm6U576nX8WOiLhmMR3bw,1
UCozFYHN0e_-vlQbX3wQGOug,UC-QOpE7GOxlXcHZ8b7HbQKA,1
UCozFYHN0e_-vlQbX3wQGOug,UCPNXmbOBVeC4HS-xemvcPtQ,1
UCozFYHN0e_-vlQbX3wQGOug,UCQMMuADgqWUOcJpLwHOzC-g,1
UCozFYHN0e_-vlQbX3wQGOug,UCrqXyRsg-_hTosURZ-uvoKg,1
UCozFYHN0e_-vlQbX3wQGOug,UCGZMgmM92E3njyXNe9-kjAQ,1
UCozFYHN0e_-vlQbX3wQGOug,UCp_dAUfv8i3LW3zWc24dLaQ,1
UCQMMuADgqWUOcJpLwHOzC-g,UCIgoiXdIKJyUGmUoH2Lxdzg,1
UCQMMuADgqWUOcJpLwHOzC-g,UCbNanjFI51cwGqMAb2rOrBw,1
UCQMMuADgqWUOcJpLwHOzC-g,UCZjm6U576nX8WOiLhmMR3bw,1
UCQMMuADgqWUOcJpLwHOzC-g,UC-QOpE7GOxlXcHZ8b7HbQKA,1
UCQMMuADgqWUOcJpLwHOzC-g,UCPNXmbOBVeC4HS-xemvcPtQ,1
UCQMMuADgqWUOcJpLwHOzC-g,UCrqXyRsg-_hTosURZ-uvoKg,1
UCQMMuADgqWUOcJpLwHOzC-g,UCGZMgmM92E3njyXNe9-kjAQ,1
UCQMMuADgqWUOcJpLwHOzC-g,UCp_dAUfv8i3LW3zWc24dLaQ,1
UC-QOpE7GOxlXcHZ8b7HbQKA,UCIgoiXdIKJyUGmUoH2Lxdzg,1
UC-QOpE7GOxlXcHZ8b7HbQKA,UCbNanjFI51cwGqMAb2rOrBw,1
UC-QOpE7GOxlXcHZ8b7HbQKA,UCZjm6U576nX8WOiLhmMR3bw,1
UC-QOpE7GOxlXcHZ8b7HbQKA,UCPNXmbOBVeC4HS-xemvcPtQ,1
UC-QOpE7GOxlXcHZ8b7HbQKA,UCrqXyRsg-_hTosURZ-uvoKg,1
UC-QOpE7GOxlXcHZ8b7HbQKA,UCGZMgmM92E3njyXNe9-kjAQ,1
UC-QOpE7GOxlXcHZ8b7HbQKA,UCp_dAUfv8i3LW3zWc24dLaQ,1
UC0RpuMwkDKJYqgKHtsJRuWQ,UCHMQ_lDhibZ-XZ_3fo6oxwg,1
UC0RpuMwkDKJYqgKHtsJRuWQ,UCaT6M2zp7X6r6Whd8Vv3kHQ,1
UC0RpuMwkDKJYqgKHtsJRuWQ,UC5fvhAfm89JH8eDFdvc0xYw,1
UC0RpuMwkDKJYqgKHtsJRuWQ,UCqilIa8r7iek5sGYg_q6ofA,1
UC0RpuMwkDKJYqgKHtsJRuWQ,UC0aEyakBPqcBkVJiErfSupQ,1
UC0RpuMwkDKJYqgKHtsJRuWQ,UCi-vPdnpQreC7BkFs40mJGA,1
UC0RpuMwkDKJYqgKHtsJRuWQ,UCRznz9-N3Qc1w-qNdLSIY2Q,1
UC0RpuMwkDKJYqgKHtsJRuWQ,UCIp19h9igblA2YKfSLPDAug,1
UC0RpuMwkDKJYqgKHtsJRuWQ,UCRcSR3Lvn9DZAmJpVPANfZQ,1
UC0RpuMwkDKJYqgKHtsJRuWQ,UCGqKxQS-z3NZzZF-2w338AA,1
UC0RpuMwkDKJYqgKHtsJRuWQ,UCs_5qeqdku9tGAq22y3OcuQ,1
UC0RpuMwkDKJYqgKHtsJRuWQ,UCwUAv3_LpWVtTIi7lkmTL7A,1
UC0RpuMwkDKJYqgKHtsJRuWQ,UCyzf29IYjNw67gGIfsjgtxA,1
UC0RpuMwkDKJYqgKHtsJRuWQ,UCgLrWFdYitoP-b7-PxtUr-w,1
UC0RpuMwkDKJYqgKHtsJRuWQ,UCY7Hq7F9Lnucf-Yr6JkHZNw,1
UC0RpuMwkDKJYqgKHtsJRuWQ,UCxKR3RA8T-kxMgq_2WWhRcQ,1
UC0RpuMwkDKJYqgKHtsJRuWQ,UCtMBF_1O2jY2INlb_luuB_A,1
UC-HeUTT6_g-VoiWds2a4H-w,UCvDwJBBY1mHK70aTEYl6rsA,1
UC-HeUTT6_g-VoiWds2a4H-w,UCRfkkatKrNtAARnXMMYBGlA,1
UC-HeUTT6_g-VoiWds2a4H-w,UCa36MjQLoPAmgJo-R3G8WQA,1
UC-HeUTT6_g-VoiWds2a4H-w,UC1NiEdJ7gk6FlDexIalWnGg,1
UC-HeUTT6_g-VoiWds2a4H-w,UC3YpzAr7pcdKC7BVFEpYzog,1
UC-HeUTT6_g-VoiWds2a4H-w,UC14qlobYKqD-DO0j6b75lcA,1
UC-HeUTT6_g-VoiWds2a4H-w,UC0HvfEWozTHbwl_iEmJNvVA,1
UC-HeUTT6_g-VoiWds2a4H-w,UC-Iul5tDYH_oiAMXQH-KaaQ,1
UC-HeUTT6_g-VoiWds2a4H-w,UCgGqw4aqMdMVSGkKiMgrJRQ,1
UC-HeUTT6_g-VoiWds2a4H-w,UChyps3dqY-VY1_wLeq-2lhw,1
UC2Y_EHWQKevubk4vOEBBFxw,UC9xr9QvIcDvoZNUX5f-jaZw,1
UC2Y_EHWQKevubk4vOEBBFxw,UC-hfX8J5JPJ-dfuakzegMLA,1
UC2Y_EHWQKevubk4vOEBBFxw,UCipetjeiWj4CZB6EbyYziZg,1
UC2Y_EHWQKevubk4vOEBBFxw,UCiGRBf2RNF0WRKhRVT7zFoA,1
UC2Y_EHWQKevubk4vOEBBFxw,UCDPWkUX3sNNaCx-m1dV4glA,1
UC2Y_EHWQKevubk4vOEBBFxw,UCz3gu01bmjNv0DpRq-K3XYg,1
UC2Y_EHWQKevubk4vOEBBFxw,UC8r11yOugM2NuRfitQOxLLg,1
UC2Y_EHWQKevubk4vOEBBFxw,UCwha8rxULYMVtNwZWeSkE1A,1
UC2Y_EHWQKevubk4vOEBBFxw,UCXXh7yg5KUFIWylTiKVEFKQ,1
UC2Y_EHWQKevubk4vOEBBFxw,UCYN4wSQ1Sx4_LurxLlW7MPg,1
UC2Y_EHWQKevubk4vOEBBFxw,UCsSXdJct-nsS8DsABoEsaYA,1
UC2Y_EHWQKevubk4vOEBBFxw,UC7VUuJr9cGh845CmTvf7TlQ,1
UC2Y_EHWQKevubk4vOEBBFxw,UCSou6a2OuYGSvPjm5psquyA,1
UC2Y_EHWQKevubk4vOEBBFxw,UCsJJAvrVGupdmhOqgtDp8dg,1
UC2Y_EHWQKevubk4vOEBBFxw,UCFhxtoeARHPnXXPcDrOU3Xg,1
UC2Y_EHWQKevubk4vOEBBFxw,UCGzXwyCzMzGmjmCbH3Hg01Q,1
UC2Y_EHWQKevubk4vOEBBFxw,UC3E9mAgP7VoAE5mZoAexl5g,1
UC2Y_EHWQKevubk4vOEBBFxw,UCB5p8a5gklc80jJItP6xTHg,1
UC2Y_EHWQKevubk4vOEBBFxw,UCQtICyzWmhC5woCtbNgaSmg,1
UC2Y_EHWQKevubk4vOEBBFxw,UCfM3nrxtTQMY5jFx1v1J4Gg,1
UC2Y_EHWQKevubk4vOEBBFxw,UCFoIAE8k82D6AV-8gjjKaNg,1
UC2Y_EHWQKevubk4vOEBBFxw,UCA93ym2TXs_Ibyxb4Vcn-6Q,1
UC2Y_EHWQKevubk4vOEBBFxw,UCFxE8GbokBrBsPEKM1xrOjQ,1
UC2Y_EHWQKevubk4vOEBBFxw,UC8G5cJONY8L9voMyBW8Eoug,1
UC2Y_EHWQKevubk4vOEBBFxw,UCTD6q1nyIe3Y7HhqjaMj72w,1
UC2Y_EHWQKevubk4vOEBBFxw,UCTP3O0rMnc8z8v8jaDQwL0w,1
UC2Y_EHWQKevubk4vOEBBFxw,UCAmtbUiIrUIhikru0ZoTFig,1
UC2Y_EHWQKevubk4vOEBBFxw,UCpl8rF8uv_8uui-QRvuJaRA,1
UC2Y_EHWQKevubk4vOEBBFxw,UCsUCN0Yq_UyTvKjOJLmNrnQ,1
UC2Y_EHWQKevubk4vOEBBFxw,UCjSKM9j0Q7HLDr1hD6D-TUw,1
UC2Y_EHWQKevubk4vOEBBFxw,UCtNfIBnc5S5DbbQj_yxgJTw,1
UC2Y_EHWQKevubk4vOEBBFxw,UCvApqeCbLod-wejtT4CcVuA,1
UC2Y_EHWQKevubk4vOEBBFxw,UCrJn_rbo_ENAdeqneS-RmRw,1
UC2Y_EHWQKevubk4vOEBBFxw,UCjmPuazZJzscrwvk0QR9RVw,1
UC2Y_EHWQKevubk4vOEBBFxw,UCr1emrogPKkKTs_WTtx71xg,1
UC2Y_EHWQKevubk4vOEBBFxw,UC4cXueR2bKGFJV0Fk76gwmA,1
UC2Y_EHWQKevubk4vOEBBFxw,UCL1MT278vSaQ83ZDkVWn1gw,1
UC2Y_EHWQKevubk4vOEBBFxw,UCRETAiYdh2dL5ZxB0_N1zDA,1
UC2Y_EHWQKevubk4vOEBBFxw,UCtUR3_CAiE7fCoZHM6cMfyQ,1
UC2Y_EHWQKevubk4vOEBBFxw,UCylqlpsh8ENNM1LqgQ1KbxA,1
UC2Y_EHWQKevubk4vOEBBFxw,UC3NMzdMYryaw82kPTnsaljg,1
UC2Y_EHWQKevubk4vOEBBFxw,UCsjs5Hp_r86x1xbK6FAeqaA,1
UC2Y_EHWQKevubk4vOEBBFxw,UCp4iw5_5SmV9VGTFSNVGOmQ,1
UC2Y_EHWQKevubk4vOEBBFxw,UCKDR0f2fu2UzWL8mBv5-BHw,1
UC2Y_EHWQKevubk4vOEBBFxw,UC5bG9nc_JV3FsNP2KseQiYw,1
UC2Y_EHWQKevubk4vOEBBFxw,UCDUffaruH6dyUnUGwsTKpgg,1
UC2Y_EHWQKevubk4vOEBBFxw,UCDlr1VadSucIZgZ171pRBjQ,1
UC2Y_EHWQKevubk4vOEBBFxw,UCySYJU5kUh7X8gVt9la2ISA,1
UC2Y_EHWQKevubk4vOEBBFxw,UCHTGCgY2l-DQJIvlA_cpa_Q,1
UC2Y_EHWQKevubk4vOEBBFxw,UC2weSE8rpqkGMOp6StYtVfg,1
UC2Y_EHWQKevubk4vOEBBFxw,UC650pRT-OYzny3GwOH8Cgfw,1
UC2Y_EHWQKevubk4vOEBBFxw,UCl0ekS9Tt0jJGtOEM18S63w,1
UC2Y_EHWQKevubk4vOEBBFxw,UCiMythXHsw7eQEMykCdmMUA,1
UC2Y_EHWQKevubk4vOEBBFxw,UCAlzM_N6xBlMYmM8EBzX86Q,1
UC2Y_EHWQKevubk4vOEBBFxw,UChZknRmJkeGeQk0-mQuhDOg,1
UC2Y_EHWQKevubk4vOEBBFxw,UCmvOgzmmXbjUthHy-WJ52hQ,1
UC2Y_EHWQKevubk4vOEBBFxw,UCOh6DaZC_x9HASnlRylEMfw,1
UC2Y_EHWQKevubk4vOEBBFxw,UC-jS_kA9w-OmpupXDx156Rg,1
UC2Y_EHWQKevubk4vOEBBFxw,UCXgr7vXlRrsaskPdo097kGA,1
UCwEe1RKlEv1UpNWmWYfSh4w,UCTTILH6QCIxbTnEWxwRqs1g,1
UCwEe1RKlEv1UpNWmWYfSh4w,UCOY3XpD9qMCRSA8AA8c4CAw,1
UCwEe1RKlEv1UpNWmWYfSh4w,UCXO1BBohNWXkK9SBDAG2ySg,1
UCwEe1RKlEv1UpNWmWYfSh4w,UCxcoDvP-g2_KTZDmVZtvb3w,1
UCwEe1RKlEv1UpNWmWYfSh4w,UCbrtvygfRT6QXqWDNrOf-cA,1
UCwEe1RKlEv1UpNWmWYfSh4w,UChT7pzGytNd92Nmvi-zuWog,1
UCwEe1RKlEv1UpNWmWYfSh4w,UCdQAuWwyC99MB7Y02Umj26Q,1
UCQtICyzWmhC5woCtbNgaSmg,UC9xr9QvIcDvoZNUX5f-jaZw,1
UCQtICyzWmhC5woCtbNgaSmg,UC-hfX8J5JPJ-dfuakzegMLA,1
UCQtICyzWmhC5woCtbNgaSmg,UCipetjeiWj4CZB6EbyYziZg,1
UCQtICyzWmhC5woCtbNgaSmg,UCiGRBf2RNF0WRKhRVT7zFoA,1
UCQtICyzWmhC5woCtbNgaSmg,UCDPWkUX3sNNaCx-m1dV4glA,1
UCQtICyzWmhC5woCtbNgaSmg,UCz3gu01bmjNv0DpRq-K3XYg,1
UCQtICyzWmhC5woCtbNgaSmg,UC8r11yOugM2NuRfitQOxLLg,1
UCQtICyzWmhC5woCtbNgaSmg,UCwha8rxULYMVtNwZWeSkE1A,1
UCQtICyzWmhC5woCtbNgaSmg,UCXXh7yg5KUFIWylTiKVEFKQ,1
UCQtICyzWmhC5woCtbNgaSmg,UCYN4wSQ1Sx4_LurxLlW7MPg,1
UCQtICyzWmhC5woCtbNgaSmg,UCsSXdJct-nsS8DsABoEsaYA,1
UCQtICyzWmhC5woCtbNgaSmg,UC7VUuJr9cGh845CmTvf7TlQ,1
UCQtICyzWmhC5woCtbNgaSmg,UCSou6a2OuYGSvPjm5psquyA,1
UCQtICyzWmhC5woCtbNgaSmg,UCsJJAvrVGupdmhOqgtDp8dg,1
UCQtICyzWmhC5woCtbNgaSmg,UCFhxtoeARHPnXXPcDrOU3Xg,1
UCQtICyzWmhC5woCtbNgaSmg,UCGzXwyCzMzGmjmCbH3Hg01Q,1
UCQtICyzWmhC5woCtbNgaSmg,UC3E9mAgP7VoAE5mZoAexl5g,1
UCQtICyzWmhC5woCtbNgaSmg,UCB5p8a5gklc80jJItP6xTHg,1
UCQtICyzWmhC5woCtbNgaSmg,UCfM3nrxtTQMY5jFx1v1J4Gg,1
UCQtICyzWmhC5woCtbNgaSmg,UCFoIAE8k82D6AV-8gjjKaNg,1
UCQtICyzWmhC5woCtbNgaSmg,UCA93ym2TXs_Ibyxb4Vcn-6Q,1
UCQtICyzWmhC5woCtbNgaSmg,UCFxE8GbokBrBsPEKM1xrOjQ,1
UCQtICyzWmhC5woCtbNgaSmg,UC8G5cJONY8L9voMyBW8Eoug,1
UCQtICyzWmhC5woCtbNgaSmg,UCTD6q1nyIe3Y7HhqjaMj72w,1
UCQtICyzWmhC5woCtbNgaSmg,UCTP3O0rMnc8z8v8jaDQwL0w,1
UCQtICyzWmhC5woCtbNgaSmg,UCAmtbUiIrUIhikru0ZoTFig,1
UCQtICyzWmhC5woCtbNgaSmg,UCpl8rF8uv_8uui-QRvuJaRA,1
UCQtICyzWmhC5woCtbNgaSmg,UCsUCN0Yq_UyTvKjOJLmNrnQ,1
UCQtICyzWmhC5woCtbNgaSmg,UCjSKM9j0Q7HLDr1hD6D-TUw,1
UCQtICyzWmhC5woCtbNgaSmg,UCtNfIBnc5S5DbbQj_yxgJTw,1
UCQtICyzWmhC5woCtbNgaSmg,UCvApqeCbLod-wejtT4CcVuA,1
UCQtICyzWmhC5woCtbNgaSmg,UCrJn_rbo_ENAdeqneS-RmRw,1
UCQtICyzWmhC5woCtbNgaSmg,UCjmPuazZJzscrwvk0QR9RVw,1
UCQtICyzWmhC5woCtbNgaSmg,UCr1emrogPKkKTs_WTtx71xg,1
UCQtICyzWmhC5woCtbNgaSmg,UC4cXueR2bKGFJV0Fk76gwmA,1
UCQtICyzWmhC5woCtbNgaSmg,UCL1MT278vSaQ83ZDkVWn1gw,1
UCQtICyzWmhC5woCtbNgaSmg,UCRETAiYdh2dL5ZxB0_N1zDA,1
UCQtICyzWmhC5woCtbNgaSmg,UCtUR3_CAiE7fCoZHM6cMfyQ,1
UCQtICyzWmhC5woCtbNgaSmg,UCylqlpsh8ENNM1LqgQ1KbxA,1
UCQtICyzWmhC5woCtbNgaSmg,UC3NMzdMYryaw82kPTnsaljg,1
UCQtICyzWmhC5woCtbNgaSmg,UCsjs5Hp_r86x1xbK6FAeqaA,1
UCQtICyzWmhC5woCtbNgaSmg,UCp4iw5_5SmV9VGTFSNVGOmQ,1
UCQtICyzWmhC5woCtbNgaSmg,UCKDR0f2fu2UzWL8mBv5-BHw,1
UCQtICyzWmhC5woCtbNgaSmg,UC5bG9nc_JV3FsNP2KseQiYw,1
UCQtICyzWmhC5woCtbNgaSmg,UCDUffaruH6dyUnUGwsTKpgg,1
UCQtICyzWmhC5woCtbNgaSmg,UCDlr1VadSucIZgZ171pRBjQ,1
UCQtICyzWmhC5woCtbNgaSmg,UCySYJU5kUh7X8gVt9la2ISA,1
UCQtICyzWmhC5woCtbNgaSmg,UCHTGCgY2l-DQJIvlA_cpa_Q,1
UCQtICyzWmhC5woCtbNgaSmg,UC2weSE8rpqkGMOp6StYtVfg,1
UCQtICyzWmhC5woCtbNgaSmg,UC650pRT-OYzny3GwOH8Cgfw,1
UCQtICyzWmhC5woCtbNgaSmg,UCl0ekS9Tt0jJGtOEM18S63w,1
UCQtICyzWmhC5woCtbNgaSmg,UCiMythXHsw7eQEMykCdmMUA,1
UCQtICyzWmhC5woCtbNgaSmg,UCAlzM_N6xBlMYmM8EBzX86Q,1
UCQtICyzWmhC5woCtbNgaSmg,UChZknRmJkeGeQk0-mQuhDOg,1
UCQtICyzWmhC5woCtbNgaSmg,UCmvOgzmmXbjUthHy-WJ52hQ,1
UCQtICyzWmhC5woCtbNgaSmg,UCOh6DaZC_x9HASnlRylEMfw,1
UCQtICyzWmhC5woCtbNgaSmg,UC-jS_kA9w-OmpupXDx156Rg,1
UCQtICyzWmhC5woCtbNgaSmg,UCXgr7vXlRrsaskPdo097kGA,1
UCDlr1VadSucIZgZ171pRBjQ,UC9xr9QvIcDvoZNUX5f-jaZw,1
UCDlr1VadSucIZgZ171pRBjQ,UC-hfX8J5JPJ-dfuakzegMLA,1
UCDlr1VadSucIZgZ171pRBjQ,UCipetjeiWj4CZB6EbyYziZg,1
UCDlr1VadSucIZgZ171pRBjQ,UCiGRBf2RNF0WRKhRVT7zFoA,1
UCDlr1VadSucIZgZ171pRBjQ,UCDPWkUX3sNNaCx-m1dV4glA,1
UCDlr1VadSucIZgZ171pRBjQ,UCz3gu01bmjNv0DpRq-K3XYg,1
UCDlr1VadSucIZgZ171pRBjQ,UC8r11yOugM2NuRfitQOxLLg,1
UCDlr1VadSucIZgZ171pRBjQ,UCwha8rxULYMVtNwZWeSkE1A,1
UCDlr1VadSucIZgZ171pRBjQ,UCXXh7yg5KUFIWylTiKVEFKQ,1
UCDlr1VadSucIZgZ171pRBjQ,UCYN4wSQ1Sx4_LurxLlW7MPg,1
UCDlr1VadSucIZgZ171pRBjQ,UCsSXdJct-nsS8DsABoEsaYA,1
UCDlr1VadSucIZgZ171pRBjQ,UC7VUuJr9cGh845CmTvf7TlQ,1
UCDlr1VadSucIZgZ171pRBjQ,UCSou6a2OuYGSvPjm5psquyA,1
UCDlr1VadSucIZgZ171pRBjQ,UCsJJAvrVGupdmhOqgtDp8dg,1
UCDlr1VadSucIZgZ171pRBjQ,UCFhxtoeARHPnXXPcDrOU3Xg,1
UCDlr1VadSucIZgZ171pRBjQ,UCGzXwyCzMzGmjmCbH3Hg01Q,1
UCDlr1VadSucIZgZ171pRBjQ,UC3E9mAgP7VoAE5mZoAexl5g,1
UCDlr1VadSucIZgZ171pRBjQ,UCB5p8a5gklc80jJItP6xTHg,1
UCDlr1VadSucIZgZ171pRBjQ,UCfM3nrxtTQMY5jFx1v1J4Gg,1
UCDlr1VadSucIZgZ171pRBjQ,UCFoIAE8k82D6AV-8gjjKaNg,1
UCDlr1VadSucIZgZ171pRBjQ,UCA93ym2TXs_Ibyxb4Vcn-6Q,1
UCDlr1VadSucIZgZ171pRBjQ,UCFxE8GbokBrBsPEKM1xrOjQ,1
UCDlr1VadSucIZgZ171pRBjQ,UC8G5cJONY8L9voMyBW8Eoug,1
UCDlr1VadSucIZgZ171pRBjQ,UCTD6q1nyIe3Y7HhqjaMj72w,1
UCDlr1VadSucIZgZ171pRBjQ,UCTP3O0rMnc8z8v8jaDQwL0w,1
UCDlr1VadSucIZgZ171pRBjQ,UCAmtbUiIrUIhikru0ZoTFig,1
UCDlr1VadSucIZgZ171pRBjQ,UCpl8rF8uv_8uui-QRvuJaRA,1
UCDlr1VadSucIZgZ171pRBjQ,UCsUCN0Yq_UyTvKjOJLmNrnQ,1
UCDlr1VadSucIZgZ171pRBjQ,UCjSKM9j0Q7HLDr1hD6D-TUw,1
UCDlr1VadSucIZgZ171pRBjQ,UCtNfIBnc5S5DbbQj_yxgJTw,1
UCDlr1VadSucIZgZ171pRBjQ,UCvApqeCbLod-wejtT4CcVuA,1
UCDlr1VadSucIZgZ171pRBjQ,UCrJn_rbo_ENAdeqneS-RmRw,1
UCDlr1VadSucIZgZ171pRBjQ,UCjmPuazZJzscrwvk0QR9RVw,1
UCDlr1VadSucIZgZ171pRBjQ,UCr1emrogPKkKTs_WTtx71xg,1
UCDlr1VadSucIZgZ171pRBjQ,UC4cXueR2bKGFJV0Fk76gwmA,1
UCDlr1VadSucIZgZ171pRBjQ,UCL1MT278vSaQ83ZDkVWn1gw,1
UCDlr1VadSucIZgZ171pRBjQ,UCRETAiYdh2dL5ZxB0_N1zDA,1
UCDlr1VadSucIZgZ171pRBjQ,UCtUR3_CAiE7fCoZHM6cMfyQ,1
UCDlr1VadSucIZgZ171pRBjQ,UCylqlpsh8ENNM1LqgQ1KbxA,1
UCDlr1VadSucIZgZ171pRBjQ,UC3NMzdMYryaw82kPTnsaljg,1
UCDlr1VadSucIZgZ171pRBjQ,UCsjs5Hp_r86x1xbK6FAeqaA,1
UCDlr1VadSucIZgZ171pRBjQ,UCp4iw5_5SmV9VGTFSNVGOmQ,1
UCDlr1VadSucIZgZ171pRBjQ,UCKDR0f2fu2UzWL8mBv5-BHw,1
UCDlr1VadSucIZgZ171pRBjQ,UC5bG9nc_JV3FsNP2KseQiYw,1
UCDlr1VadSucIZgZ171pRBjQ,UCDUffaruH6dyUnUGwsTKpgg,1
UCDlr1VadSucIZgZ171pRBjQ,UCySYJU5kUh7X8gVt9la2ISA,1
UCDlr1VadSucIZgZ171pRBjQ,UCHTGCgY2l-DQJIvlA_cpa_Q,1
UCDlr1VadSucIZgZ171pRBjQ,UC2weSE8rpqkGMOp6StYtVfg,1
UCDlr1VadSucIZgZ171pRBjQ,UC650pRT-OYzny3GwOH8Cgfw,1
UCDlr1VadSucIZgZ171pRBjQ,UCl0ekS9Tt0jJGtOEM18S63w,1
UCDlr1VadSucIZgZ171pRBjQ,UCiMythXHsw7eQEMykCdmMUA,1
UCDlr1VadSucIZgZ171pRBjQ,UCAlzM_N6xBlMYmM8EBzX86Q,1
UCDlr1VadSucIZgZ171pRBjQ,UChZknRmJkeGeQk0-mQuhDOg,1
UCDlr1VadSucIZgZ171pRBjQ,UCmvOgzmmXbjUthHy-WJ52hQ,1
UCDlr1VadSucIZgZ171pRBjQ,UCOh6DaZC_x9HASnlRylEMfw,1
UCDlr1VadSucIZgZ171pRBjQ,UC-jS_kA9w-OmpupXDx156Rg,1
UCDlr1VadSucIZgZ171pRBjQ,UCXgr7vXlRrsaskPdo097kGA,1
UCxKR3RA8T-kxMgq_2WWhRcQ,UCHMQ_lDhibZ-XZ_3fo6oxwg,1
UCxKR3RA8T-kxMgq_2WWhRcQ,UCaT6M2zp7X6r6Whd8Vv3kHQ,1
UCxKR3RA8T-kxMgq_2WWhRcQ,UC5fvhAfm89JH8eDFdvc0xYw,1
UCxKR3RA8T-kxMgq_2WWhRcQ,UCqilIa8r7iek5sGYg_q6ofA,1
UCxKR3RA8T-kxMgq_2WWhRcQ,UC0aEyakBPqcBkVJiErfSupQ,1
UCxKR3RA8T-kxMgq_2WWhRcQ,UCi-vPdnpQreC7BkFs40mJGA,1
UCxKR3RA8T-kxMgq_2WWhRcQ,UCRznz9-N3Qc1w-qNdLSIY2Q,1
UCxKR3RA8T-kxMgq_2WWhRcQ,UCIp19h9igblA2YKfSLPDAug,1
UCxKR3RA8T-kxMgq_2WWhRcQ,UCRcSR3Lvn9DZAmJpVPANfZQ,1
UCxKR3RA8T-kxMgq_2WWhRcQ,UCGqKxQS-z3NZzZF-2w338AA,1
UCxKR3RA8T-kxMgq_2WWhRcQ,UCs_5qeqdku9tGAq22y3OcuQ,1
UCxKR3RA8T-kxMgq_2WWhRcQ,UCwUAv3_LpWVtTIi7lkmTL7A,1
UCxKR3RA8T-kxMgq_2WWhRcQ,UCyzf29IYjNw67gGIfsjgtxA,1
UCxKR3RA8T-kxMgq_2WWhRcQ,UCgLrWFdYitoP-b7-PxtUr-w,1
UCxKR3RA8T-kxMgq_2WWhRcQ,UCY7Hq7F9Lnucf-Yr6JkHZNw,1
UCxKR3RA8T-kxMgq_2WWhRcQ,UCtMBF_1O2jY2INlb_luuB_A,1
UCJxJC56BSAX-ArD0NAb9qnQ,UCyor0Mmm0ivLX2jIdyGp84Q,1
UCqilIa8r7iek5sGYg_q6ofA,UCHMQ_lDhibZ-XZ_3fo6oxwg,1
UCqilIa8r7iek5sGYg_q6ofA,UCaT6M2zp7X6r6Whd8Vv3kHQ,1
UCqilIa8r7iek5sGYg_q6ofA,UC5fvhAfm89JH8eDFdvc0xYw,1
UCqilIa8r7iek5sGYg_q6ofA,UC0aEyakBPqcBkVJiErfSupQ,1
UCqilIa8r7iek5sGYg_q6ofA,UCi-vPdnpQreC7BkFs40mJGA,1
UCqilIa8r7iek5sGYg_q6ofA,UCRznz9-N3Qc1w-qNdLSIY2Q,1
UCqilIa8r7iek5sGYg_q6ofA,UCIp19h9igblA2YKfSLPDAug,1
UCqilIa8r7iek5sGYg_q6ofA,UCRcSR3Lvn9DZAmJpVPANfZQ,1
UCqilIa8r7iek5sGYg_q6ofA,UCGqKxQS-z3NZzZF-2w338AA,1
UCqilIa8r7iek5sGYg_q6ofA,UCs_5qeqdku9tGAq22y3OcuQ,1
UCqilIa8r7iek5sGYg_q6ofA,UCwUAv3_LpWVtTIi7lkmTL7A,1
UCqilIa8r7iek5sGYg_q6ofA,UCyzf29IYjNw67gGIfsjgtxA,1
UCqilIa8r7iek5sGYg_q6ofA,UCgLrWFdYitoP-b7-PxtUr-w,1
UCqilIa8r7iek5sGYg_q6ofA,UCY7Hq7F9Lnucf-Yr6JkHZNw,1
UCqilIa8r7iek5sGYg_q6ofA,UCtMBF_1O2jY2INlb_luuB_A,1
UCpe5jW3MIqkgTJ-PgkzvM6Q,UCDrmf9y9nLgFY5wnA2hTuGA,1
UCpe5jW3MIqkgTJ-PgkzvM6Q,UC-fiZBS5Gp1eCJd9ucgWnCg,1
UCpe5jW3MIqkgTJ-PgkzvM6Q,UCCBYcToQ2dwkd6TJh0FSyDg,1
UCpe5jW3MIqkgTJ-PgkzvM6Q,UCQqlPPUGqAfWjd-FSh_qn7Q,1
UCpe5jW3MIqkgTJ-PgkzvM6Q,UCUoYsrx1oZnCZ0usbBJn4fA,1
UCpe5jW3MIqkgTJ-PgkzvM6Q,UC_LYoGs5C3mbZKZuKuqYCvw,1
UCpe5jW3MIqkgTJ-PgkzvM6Q,UCRvPToDkkumha7WJAfCDk1A,1
UCpe5jW3MIqkgTJ-PgkzvM6Q,UCu8_3-Wg-YzNyvHYQDEscfw,1
UCpe5jW3MIqkgTJ-PgkzvM6Q,UCylqlpsh8ENNM1LqgQ1KbxA,1
UCpe5jW3MIqkgTJ-PgkzvM6Q,UC32oozucwCF3q8d4m8fyOUg,1
UCpe5jW3MIqkgTJ-PgkzvM6Q,UCW-JC6lebVmf2P1dmY_L94g,1
UCpe5jW3MIqkgTJ-PgkzvM6Q,UCAKuKvcbfnBD3kF5njNu-IA,1
UCpe5jW3MIqkgTJ-PgkzvM6Q,UC3UVO7pTbeYvZ3ILEyRDskQ,1
UCpe5jW3MIqkgTJ-PgkzvM6Q,UCgJNFj5dnxXpcMvmuhZDPxA,1
UCpe5jW3MIqkgTJ-PgkzvM6Q,UCWoAVGVqCn4xtINCMOTM4jg,1
UCpe5jW3MIqkgTJ-PgkzvM6Q,UClqA491Xa5fQcXcJJa-vTWw,1
UCpe5jW3MIqkgTJ-PgkzvM6Q,UCe8JZoYkX5oKUZyivHYdXhw,1
UCpe5jW3MIqkgTJ-PgkzvM6Q,UClhMWQ7XKWywYvbRnuf8QsA,1
UCpe5jW3MIqkgTJ-PgkzvM6Q,UC7dadZG7kkGYnsNu6td0FbA,1
UCpe5jW3MIqkgTJ-PgkzvM6Q,UCsGoJEvb-cFPZ2rWoJcXzEQ,1
UCpe5jW3MIqkgTJ-PgkzvM6Q,UCuXmOjxC-htcprLgeVXz6Tg,1
UCpe5jW3MIqkgTJ-PgkzvM6Q,UCHbwIx9pmQuf7i-4_xO2EpA,1
UCpe5jW3MIqkgTJ-PgkzvM6Q,UCW80DaMjQlEUibC98Cot-Dg,1
UCz3gu01bmjNv0DpRq-K3XYg,UC9xr9QvIcDvoZNUX5f-jaZw,1
UCz3gu01bmjNv0DpRq-K3XYg,UC-hfX8J5JPJ-dfuakzegMLA,1
UCz3gu01bmjNv0DpRq-K3XYg,UCipetjeiWj4CZB6EbyYziZg,1
UCz3gu01bmjNv0DpRq-K3XYg,UCiGRBf2RNF0WRKhRVT7zFoA,1
UCz3gu01bmjNv0DpRq-K3XYg,UCDPWkUX3sNNaCx-m1dV4glA,1
UCz3gu01bmjNv0DpRq-K3XYg,UC8r11yOugM2NuRfitQOxLLg,1
UCz3gu01bmjNv0DpRq-K3XYg,UCwha8rxULYMVtNwZWeSkE1A,1
UCz3gu01bmjNv0DpRq-K3XYg,UCXXh7yg5KUFIWylTiKVEFKQ,1
UCz3gu01bmjNv0DpRq-K3XYg,UCYN4wSQ1Sx4_LurxLlW7MPg,1
UCz3gu01bmjNv0DpRq-K3XYg,UCsSXdJct-nsS8DsABoEsaYA,1
UCz3gu01bmjNv0DpRq-K3XYg,UC7VUuJr9cGh845CmTvf7TlQ,1
UCz3gu01bmjNv0DpRq-K3XYg,UCSou6a2OuYGSvPjm5psquyA,1
UCz3gu01bmjNv0DpRq-K3XYg,UCsJJAvrVGupdmhOqgtDp8dg,1
UCz3gu01bmjNv0DpRq-K3XYg,UCFhxtoeARHPnXXPcDrOU3Xg,1
UCz3gu01bmjNv0DpRq-K3XYg,UCGzXwyCzMzGmjmCbH3Hg01Q,1
UCz3gu01bmjNv0DpRq-K3XYg,UC3E9mAgP7VoAE5mZoAexl5g,1
UCz3gu01bmjNv0DpRq-K3XYg,UCB5p8a5gklc80jJItP6xTHg,1
UCz3gu01bmjNv0DpRq-K3XYg,UCfM3nrxtTQMY5jFx1v1J4Gg,1
UCz3gu01bmjNv0DpRq-K3XYg,UCFoIAE8k82D6AV-8gjjKaNg,1
UCz3gu01bmjNv0DpRq-K3XYg,UCA93ym2TXs_Ibyxb4Vcn-6Q,1
UCz3gu01bmjNv0DpRq-K3XYg,UCFxE8GbokBrBsPEKM1xrOjQ,1
UCz3gu01bmjNv0DpRq-K3XYg,UC8G5cJONY8L9voMyBW8Eoug,1
UCz3gu01bmjNv0DpRq-K3XYg,UCTD6q1nyIe3Y7HhqjaMj72w,1
UCz3gu01bmjNv0DpRq-K3XYg,UCTP3O0rMnc8z8v8jaDQwL0w,1
UCz3gu01bmjNv0DpRq-K3XYg,UCAmtbUiIrUIhikru0ZoTFig,1
UCz3gu01bmjNv0DpRq-K3XYg,UCpl8rF8uv_8uui-QRvuJaRA,1
UCz3gu01bmjNv0DpRq-K3XYg,UCsUCN0Yq_UyTvKjOJLmNrnQ,1
UCz3gu01bmjNv0DpRq-K3XYg,UCjSKM9j0Q7HLDr1hD6D-TUw,1
UCz3gu01bmjNv0DpRq-K3XYg,UCtNfIBnc5S5DbbQj_yxgJTw,1
UCz3gu01bmjNv0DpRq-K3XYg,UCvApqeCbLod-wejtT4CcVuA,1
UCz3gu01bmjNv0DpRq-K3XYg,UCrJn_rbo_ENAdeqneS-RmRw,1
UCz3gu01bmjNv0DpRq-K3XYg,UCjmPuazZJzscrwvk0QR9RVw,1
UCz3gu01bmjNv0DpRq-K3XYg,UCr1emrogPKkKTs_WTtx71xg,1
UCz3gu01bmjNv0DpRq-K3XYg,UC4cXueR2bKGFJV0Fk76gwmA,1
UCz3gu01bmjNv0DpRq-K3XYg,UCL1MT278vSaQ83ZDkVWn1gw,1
UCz3gu01bmjNv0DpRq-K3XYg,UCRETAiYdh2dL5ZxB0_N1zDA,1
UCz3gu01bmjNv0DpRq-K3XYg,UCtUR3_CAiE7fCoZHM6cMfyQ,1
UCz3gu01bmjNv0DpRq-K3XYg,UCylqlpsh8ENNM1LqgQ1KbxA,1
UCz3gu01bmjNv0DpRq-K3XYg,UC3NMzdMYryaw82kPTnsaljg,1
UCz3gu01bmjNv0DpRq-K3XYg,UCsjs5Hp_r86x1xbK6FAeqaA,1
UCz3gu01bmjNv0DpRq-K3XYg,UCp4iw5_5SmV9VGTFSNVGOmQ,1
UCz3gu01bmjNv0DpRq-K3XYg,UCKDR0f2fu2UzWL8mBv5-BHw,1
UCz3gu01bmjNv0DpRq-K3XYg,UC5bG9nc_JV3FsNP2KseQiYw,1
UCz3gu01bmjNv0DpRq-K3XYg,UCDUffaruH6dyUnUGwsTKpgg,1
UCz3gu01bmjNv0DpRq-K3XYg,UCySYJU5kUh7X8gVt9la2ISA,1
UCz3gu01bmjNv0DpRq-K3XYg,UCHTGCgY2l-DQJIvlA_cpa_Q,1
UCz3gu01bmjNv0DpRq-K3XYg,UC2weSE8rpqkGMOp6StYtVfg,1
UCz3gu01bmjNv0DpRq-K3XYg,UC650pRT-OYzny3GwOH8Cgfw,1
UCz3gu01bmjNv0DpRq-K3XYg,UCl0ekS9Tt0jJGtOEM18S63w,1
UCz3gu01bmjNv0DpRq-K3XYg,UCiMythXHsw7eQEMykCdmMUA,1
UCz3gu01bmjNv0DpRq-K3XYg,UCAlzM_N6xBlMYmM8EBzX86Q,1
UCz3gu01bmjNv0DpRq-K3XYg,UChZknRmJkeGeQk0-mQuhDOg,1
UCz3gu01bmjNv0DpRq-K3XYg,UCmvOgzmmXbjUthHy-WJ52hQ,1
UCz3gu01bmjNv0DpRq-K3XYg,UCOh6DaZC_x9HASnlRylEMfw,1
UCz3gu01bmjNv0DpRq-K3XYg,UC-jS_kA9w-OmpupXDx156Rg,1
UCz3gu01bmjNv0DpRq-K3XYg,UCXgr7vXlRrsaskPdo097kGA,1
UCuXmOjxC-htcprLgeVXz6Tg,UCDrmf9y9nLgFY5wnA2hTuGA,1
UCuXmOjxC-htcprLgeVXz6Tg,UC-fiZBS5Gp1eCJd9ucgWnCg,1
UCuXmOjxC-htcprLgeVXz6Tg,UCCBYcToQ2dwkd6TJh0FSyDg,1
UCuXmOjxC-htcprLgeVXz6Tg,UCQqlPPUGqAfWjd-FSh_qn7Q,1
UCuXmOjxC-htcprLgeVXz6Tg,UCUoYsrx1oZnCZ0usbBJn4fA,1
UCuXmOjxC-htcprLgeVXz6Tg,UC_LYoGs5C3mbZKZuKuqYCvw,1
UCuXmOjxC-htcprLgeVXz6Tg,UCRvPToDkkumha7WJAfCDk1A,1
UCuXmOjxC-htcprLgeVXz6Tg,UCu8_3-Wg-YzNyvHYQDEscfw,1
UCuXmOjxC-htcprLgeVXz6Tg,UCylqlpsh8ENNM1LqgQ1KbxA,1
UCuXmOjxC-htcprLgeVXz6Tg,UC32oozucwCF3q8d4m8fyOUg,1
UCuXmOjxC-htcprLgeVXz6Tg,UCW-JC6lebVmf2P1dmY_L94g,1
UCuXmOjxC-htcprLgeVXz6Tg,UCAKuKvcbfnBD3kF5njNu-IA,1
UCuXmOjxC-htcprLgeVXz6Tg,UC3UVO7pTbeYvZ3ILEyRDskQ,1
UCuXmOjxC-htcprLgeVXz6Tg,UCgJNFj5dnxXpcMvmuhZDPxA,1
UCuXmOjxC-htcprLgeVXz6Tg,UCWoAVGVqCn4xtINCMOTM4jg,1
UCuXmOjxC-htcprLgeVXz6Tg,UClqA491Xa5fQcXcJJa-vTWw,1
UCuXmOjxC-htcprLgeVXz6Tg,UCe8JZoYkX5oKUZyivHYdXhw,1
UCuXmOjxC-htcprLgeVXz6Tg,UClhMWQ7XKWywYvbRnuf8QsA,1
UCuXmOjxC-htcprLgeVXz6Tg,UC7dadZG7kkGYnsNu6td0FbA,1
UCuXmOjxC-htcprLgeVXz6Tg,UCsGoJEvb-cFPZ2rWoJcXzEQ,1
UCuXmOjxC-htcprLgeVXz6Tg,UCHbwIx9pmQuf7i-4_xO2EpA,1
UCuXmOjxC-htcprLgeVXz6Tg,UCW80DaMjQlEUibC98Cot-Dg,1
UCySYJU5kUh7X8gVt9la2ISA,UC9xr9QvIcDvoZNUX5f-jaZw,1
UCySYJU5kUh7X8gVt9la2ISA,UC-hfX8J5JPJ-dfuakzegMLA,1
UCySYJU5kUh7X8gVt9la2ISA,UCipetjeiWj4CZB6EbyYziZg,1
UCySYJU5kUh7X8gVt9la2ISA,UCiGRBf2RNF0WRKhRVT7zFoA,1
UCySYJU5kUh7X8gVt9la2ISA,UCDPWkUX3sNNaCx-m1dV4glA,1
UCySYJU5kUh7X8gVt9la2ISA,UC8r11yOugM2NuRfitQOxLLg,1
UCySYJU5kUh7X8gVt9la2ISA,UCwha8rxULYMVtNwZWeSkE1A,1
UCySYJU5kUh7X8gVt9la2ISA,UCXXh7yg5KUFIWylTiKVEFKQ,1
UCySYJU5kUh7X8gVt9la2ISA,UCYN4wSQ1Sx4_LurxLlW7MPg,1
UCySYJU5kUh7X8gVt9la2ISA,UCsSXdJct-nsS8DsABoEsaYA,1
UCySYJU5kUh7X8gVt9la2ISA,UC7VUuJr9cGh845CmTvf7TlQ,1
UCySYJU5kUh7X8gVt9la2ISA,UCSou6a2OuYGSvPjm5psquyA,1
UCySYJU5kUh7X8gVt9la2ISA,UCsJJAvrVGupdmhOqgtDp8dg,1
UCySYJU5kUh7X8gVt9la2ISA,UCFhxtoeARHPnXXPcDrOU3Xg,1
UCySYJU5kUh7X8gVt9la2ISA,UCGzXwyCzMzGmjmCbH3Hg01Q,1
UCySYJU5kUh7X8gVt9la2ISA,UC3E9mAgP7VoAE5mZoAexl5g,1
UCySYJU5kUh7X8gVt9la2ISA,UCB5p8a5gklc80jJItP6xTHg,1
UCySYJU5kUh7X8gVt9la2ISA,UCfM3nrxtTQMY5jFx1v1J4Gg,1
UCySYJU5kUh7X8gVt9la2ISA,UCFoIAE8k82D6AV-8gjjKaNg,1
UCySYJU5kUh7X8gVt9la2ISA,UCA93ym2TXs_Ibyxb4Vcn-6Q,1
UCySYJU5kUh7X8gVt9la2ISA,UCFxE8GbokBrBsPEKM1xrOjQ,1
UCySYJU5kUh7X8gVt9la2ISA,UC8G5cJONY8L9voMyBW8Eoug,1
UCySYJU5kUh7X8gVt9la2ISA,UCTD6q1nyIe3Y7HhqjaMj72w,1
UCySYJU5kUh7X8gVt9la2ISA,UCTP3O0rMnc8z8v8jaDQwL0w,1
UCySYJU5kUh7X8gVt9la2ISA,UCAmtbUiIrUIhikru0ZoTFig,1
UCySYJU5kUh7X8gVt9la2ISA,UCpl8rF8uv_8uui-QRvuJaRA,1
UCySYJU5kUh7X8gVt9la2ISA,UCsUCN0Yq_UyTvKjOJLmNrnQ,1
UCySYJU5kUh7X8gVt9la2ISA,UCjSKM9j0Q7HLDr1hD6D-TUw,1
UCySYJU5kUh7X8gVt9la2ISA,UCtNfIBnc5S5DbbQj_yxgJTw,1
UCySYJU5kUh7X8gVt9la2ISA,UCvApqeCbLod-wejtT4CcVuA,1
UCySYJU5kUh7X8gVt9la2ISA,UCrJn_rbo_ENAdeqneS-RmRw,1
UCySYJU5kUh7X8gVt9la2ISA,UCjmPuazZJzscrwvk0QR9RVw,1
UCySYJU5kUh7X8gVt9la2ISA,UCr1emrogPKkKTs_WTtx71xg,1
UCySYJU5kUh7X8gVt9la2ISA,UC4cXueR2bKGFJV0Fk76gwmA,1
UCySYJU5kUh7X8gVt9la2ISA,UCL1MT278vSaQ83ZDkVWn1gw,1
UCySYJU5kUh7X8gVt9la2ISA,UCRETAiYdh2dL5ZxB0_N1zDA,1
UCySYJU5kUh7X8gVt9la2ISA,UCtUR3_CAiE7fCoZHM6cMfyQ,1
UCySYJU5kUh7X8gVt9la2ISA,UCylqlpsh8ENNM1LqgQ1KbxA,1
UCySYJU5kUh7X8gVt9la2ISA,UC3NMzdMYryaw82kPTnsaljg,1
UCySYJU5kUh7X8gVt9la2ISA,UCsjs5Hp_r86x1xbK6FAeqaA,1
UCySYJU5kUh7X8gVt9la2ISA,UCp4iw5_5SmV9VGTFSNVGOmQ,1
UCySYJU5kUh7X8gVt9la2ISA,UCKDR0f2fu2UzWL8mBv5-BHw,1
UCySYJU5kUh7X8gVt9la2ISA,UC5bG9nc_JV3FsNP2KseQiYw,1
UCySYJU5kUh7X8gVt9la2ISA,UCDUffaruH6dyUnUGwsTKpgg,1
UCySYJU5kUh7X8gVt9la2ISA,UCHTGCgY2l-DQJIvlA_cpa_Q,1
UCySYJU5kUh7X8gVt9la2ISA,UC2weSE8rpqkGMOp6StYtVfg,1
UCySYJU5kUh7X8gVt9la2ISA,UC650pRT-OYzny3GwOH8Cgfw,1
UCySYJU5kUh7X8gVt9la2ISA,UCl0ekS9Tt0jJGtOEM18S63w,1
UCySYJU5kUh7X8gVt9la2ISA,UCiMythXHsw7eQEMykCdmMUA,1
UCySYJU5kUh7X8gVt9la2ISA,UCAlzM_N6xBlMYmM8EBzX86Q,1
UCySYJU5kUh7X8gVt9la2ISA,UChZknRmJkeGeQk0-mQuhDOg,1
UCySYJU5kUh7X8gVt9la2ISA,UCmvOgzmmXbjUthHy-WJ52hQ,1
UCySYJU5kUh7X8gVt9la2ISA,UCOh6DaZC_x9HASnlRylEMfw,1
UCySYJU5kUh7X8gVt9la2ISA,UC-jS_kA9w-OmpupXDx156Rg,1
UCySYJU5kUh7X8gVt9la2ISA,UCXgr7vXlRrsaskPdo097kGA,1
UCHTGCgY2l-DQJIvlA_cpa_Q,UCbYoNG5J3Au5BqtbXogfEFw,1
UCHTGCgY2l-DQJIvlA_cpa_Q,UC9xr9QvIcDvoZNUX5f-jaZw,1
UCHTGCgY2l-DQJIvlA_cpa_Q,UC-hfX8J5JPJ-dfuakzegMLA,1
UCHTGCgY2l-DQJIvlA_cpa_Q,UCipetjeiWj4CZB6EbyYziZg,1
UCHTGCgY2l-DQJIvlA_cpa_Q,UCiGRBf2RNF0WRKhRVT7zFoA,1
UCHTGCgY2l-DQJIvlA_cpa_Q,UCDPWkUX3sNNaCx-m1dV4glA,1
UCHTGCgY2l-DQJIvlA_cpa_Q,UCgQJgI9vu1FI2dnC9mrFthw,1
UCHTGCgY2l-DQJIvlA_cpa_Q,UCGX_UbAQOXGZknv5iqklwTA,1
UCHTGCgY2l-DQJIvlA_cpa_Q,UC8r11yOugM2NuRfitQOxLLg,1
UCHTGCgY2l-DQJIvlA_cpa_Q,UCwha8rxULYMVtNwZWeSkE1A,1
UCHTGCgY2l-DQJIvlA_cpa_Q,UCXXh7yg5KUFIWylTiKVEFKQ,1
UCHTGCgY2l-DQJIvlA_cpa_Q,UCYN4wSQ1Sx4_LurxLlW7MPg,1
UCHTGCgY2l-DQJIvlA_cpa_Q,UC8xlJWNHz1V_W6q3fbuQH8g,1
UCHTGCgY2l-DQJIvlA_cpa_Q,UCsSXdJct-nsS8DsABoEsaYA,1
UCHTGCgY2l-DQJIvlA_cpa_Q,UClsrFGJKWPxxw7MiaEdKLXw,1
UCHTGCgY2l-DQJIvlA_cpa_Q,UC7VUuJr9cGh845CmTvf7TlQ,1
UCHTGCgY2l-DQJIvlA_cpa_Q,UCSou6a2OuYGSvPjm5psquyA,1
UCHTGCgY2l-DQJIvlA_cpa_Q,UCsJJAvrVGupdmhOqgtDp8dg,1
UCHTGCgY2l-DQJIvlA_cpa_Q,UCFhxtoeARHPnXXPcDrOU3Xg,1
UCHTGCgY2l-DQJIvlA_cpa_Q,UCg3eIfd7BrsLEqS0BLkftHA,1
UCHTGCgY2l-DQJIvlA_cpa_Q,UCuP4UK33HKtJE_S39ksmaTw,1
UCHTGCgY2l-DQJIvlA_cpa_Q,UCGzXwyCzMzGmjmCbH3Hg01Q,1
UCHTGCgY2l-DQJIvlA_cpa_Q,UC3E9mAgP7VoAE5mZoAexl5g,1
UCHTGCgY2l-DQJIvlA_cpa_Q,UCB5p8a5gklc80jJItP6xTHg,1
UCHTGCgY2l-DQJIvlA_cpa_Q,UCfM3nrxtTQMY5jFx1v1J4Gg,1
UCHTGCgY2l-DQJIvlA_cpa_Q,UCFoIAE8k82D6AV-8gjjKaNg,1
UCHTGCgY2l-DQJIvlA_cpa_Q,UCA93ym2TXs_Ibyxb4Vcn-6Q,1
UCHTGCgY2l-DQJIvlA_cpa_Q,UCFxE8GbokBrBsPEKM1xrOjQ,1
UCHTGCgY2l-DQJIvlA_cpa_Q,UC8G5cJONY8L9voMyBW8Eoug,1
UCHTGCgY2l-DQJIvlA_cpa_Q,UCTD6q1nyIe3Y7HhqjaMj72w,1
UCHTGCgY2l-DQJIvlA_cpa_Q,UCVQf0tzL7xRzFJsABVVULpg,1
UCHTGCgY2l-DQJIvlA_cpa_Q,UCTP3O0rMnc8z8v8jaDQwL0w,1
UCHTGCgY2l-DQJIvlA_cpa_Q,UCAmtbUiIrUIhikru0ZoTFig,1
UCHTGCgY2l-DQJIvlA_cpa_Q,UCpl8rF8uv_8uui-QRvuJaRA,1
UCHTGCgY2l-DQJIvlA_cpa_Q,UCsUCN0Yq_UyTvKjOJLmNrnQ,1
UCHTGCgY2l-DQJIvlA_cpa_Q,UCjSKM9j0Q7HLDr1hD6D-TUw,1
UCHTGCgY2l-DQJIvlA_cpa_Q,UCtNfIBnc5S5DbbQj_yxgJTw,1
UCHTGCgY2l-DQJIvlA_cpa_Q,UCvApqeCbLod-wejtT4CcVuA,1
UCHTGCgY2l-DQJIvlA_cpa_Q,UCrJn_rbo_ENAdeqneS-RmRw,1
UCHTGCgY2l-DQJIvlA_cpa_Q,UCtNyHmRZtvGF2hSvI2dUBWw,1
UCHTGCgY2l-DQJIvlA_cpa_Q,UCjmPuazZJzscrwvk0QR9RVw,1
UCHTGCgY2l-DQJIvlA_cpa_Q,UCr1emrogPKkKTs_WTtx71xg,1
UCHTGCgY2l-DQJIvlA_cpa_Q,UC4cXueR2bKGFJV0Fk76gwmA,1
UCHTGCgY2l-DQJIvlA_cpa_Q,UCPZueDLrCS4BmTBRMA4q0fA,1
UCHTGCgY2l-DQJIvlA_cpa_Q,UCf5lnNZF7Qrtli9v4N_23WQ,1
UCHTGCgY2l-DQJIvlA_cpa_Q,UCL1MT278vSaQ83ZDkVWn1gw,1
UCHTGCgY2l-DQJIvlA_cpa_Q,UCRETAiYdh2dL5ZxB0_N1zDA,1
UCHTGCgY2l-DQJIvlA_cpa_Q,UCtUR3_CAiE7fCoZHM6cMfyQ,1
UCHTGCgY2l-DQJIvlA_cpa_Q,UCylqlpsh8ENNM1LqgQ1KbxA,1
UCHTGCgY2l-DQJIvlA_cpa_Q,UC3NMzdMYryaw82kPTnsaljg,1
UCHTGCgY2l-DQJIvlA_cpa_Q,UCsjs5Hp_r86x1xbK6FAeqaA,1
UCHTGCgY2l-DQJIvlA_cpa_Q,UCp4iw5_5SmV9VGTFSNVGOmQ,1
UCHTGCgY2l-DQJIvlA_cpa_Q,UCAV7QIjYhbDJaycQycM_0eQ,1
UCHTGCgY2l-DQJIvlA_cpa_Q,UCKDR0f2fu2UzWL8mBv5-BHw,1
UCHTGCgY2l-DQJIvlA_cpa_Q,UC5bG9nc_JV3FsNP2KseQiYw,1
UCHTGCgY2l-DQJIvlA_cpa_Q,UCDUffaruH6dyUnUGwsTKpgg,1
UCHTGCgY2l-DQJIvlA_cpa_Q,UCusjriFsDHEc2AOjqk-p5ig,1
UCHTGCgY2l-DQJIvlA_cpa_Q,UC2weSE8rpqkGMOp6StYtVfg,1
UCHTGCgY2l-DQJIvlA_cpa_Q,UC650pRT-OYzny3GwOH8Cgfw,1
UCHTGCgY2l-DQJIvlA_cpa_Q,UCl0ekS9Tt0jJGtOEM18S63w,1
UCHTGCgY2l-DQJIvlA_cpa_Q,UCiMythXHsw7eQEMykCdmMUA,1
UCHTGCgY2l-DQJIvlA_cpa_Q,UCAlzM_N6xBlMYmM8EBzX86Q,1
UCHTGCgY2l-DQJIvlA_cpa_Q,UChZknRmJkeGeQk0-mQuhDOg,1
UCHTGCgY2l-DQJIvlA_cpa_Q,UCmvOgzmmXbjUthHy-WJ52hQ,1
UCHTGCgY2l-DQJIvlA_cpa_Q,UCOh6DaZC_x9HASnlRylEMfw,1
UCHTGCgY2l-DQJIvlA_cpa_Q,UC-jS_kA9w-OmpupXDx156Rg,1
UCHTGCgY2l-DQJIvlA_cpa_Q,UCXgr7vXlRrsaskPdo097kGA,1
UCPNXmbOBVeC4HS-xemvcPtQ,UCIgoiXdIKJyUGmUoH2Lxdzg,1
UCPNXmbOBVeC4HS-xemvcPtQ,UCbNanjFI51cwGqMAb2rOrBw,1
UCPNXmbOBVeC4HS-xemvcPtQ,UCZjm6U576nX8WOiLhmMR3bw,1
UCPNXmbOBVeC4HS-xemvcPtQ,UCrqXyRsg-_hTosURZ-uvoKg,1
UCPNXmbOBVeC4HS-xemvcPtQ,UCGZMgmM92E3njyXNe9-kjAQ,1
UCPNXmbOBVeC4HS-xemvcPtQ,UCp_dAUfv8i3LW3zWc24dLaQ,1
UCtUR3_CAiE7fCoZHM6cMfyQ,UC9xr9QvIcDvoZNUX5f-jaZw,1
UCtUR3_CAiE7fCoZHM6cMfyQ,UC-hfX8J5JPJ-dfuakzegMLA,1
UCtUR3_CAiE7fCoZHM6cMfyQ,UCipetjeiWj4CZB6EbyYziZg,1
UCtUR3_CAiE7fCoZHM6cMfyQ,UCiGRBf2RNF0WRKhRVT7zFoA,1
UCtUR3_CAiE7fCoZHM6cMfyQ,UCDPWkUX3sNNaCx-m1dV4glA,1
UCtUR3_CAiE7fCoZHM6cMfyQ,UC8r11yOugM2NuRfitQOxLLg,1
UCtUR3_CAiE7fCoZHM6cMfyQ,UCwha8rxULYMVtNwZWeSkE1A,1
UCtUR3_CAiE7fCoZHM6cMfyQ,UCXXh7yg5KUFIWylTiKVEFKQ,1
UCtUR3_CAiE7fCoZHM6cMfyQ,UCYN4wSQ1Sx4_LurxLlW7MPg,1
UCtUR3_CAiE7fCoZHM6cMfyQ,UCsSXdJct-nsS8DsABoEsaYA,1
UCtUR3_CAiE7fCoZHM6cMfyQ,UC7VUuJr9cGh845CmTvf7TlQ,1
UCtUR3_CAiE7fCoZHM6cMfyQ,UCSou6a2OuYGSvPjm5psquyA,1
UCtUR3_CAiE7fCoZHM6cMfyQ,UCsJJAvrVGupdmhOqgtDp8dg,1
UCtUR3_CAiE7fCoZHM6cMfyQ,UCFhxtoeARHPnXXPcDrOU3Xg,1
UCtUR3_CAiE7fCoZHM6cMfyQ,UCGzXwyCzMzGmjmCbH3Hg01Q,1
UCtUR3_CAiE7fCoZHM6cMfyQ,UC3E9mAgP7VoAE5mZoAexl5g,1
UCtUR3_CAiE7fCoZHM6cMfyQ,UCB5p8a5gklc80jJItP6xTHg,1
UCtUR3_CAiE7fCoZHM6cMfyQ,UCfM3nrxtTQMY5jFx1v1J4Gg,1
UCtUR3_CAiE7fCoZHM6cMfyQ,UCFoIAE8k82D6AV-8gjjKaNg,1
UCtUR3_CAiE7fCoZHM6cMfyQ,UCA93ym2TXs_Ibyxb4Vcn-6Q,1
UCtUR3_CAiE7fCoZHM6cMfyQ,UCFxE8GbokBrBsPEKM1xrOjQ,1
UCtUR3_CAiE7fCoZHM6cMfyQ,UC8G5cJONY8L9voMyBW8Eoug,1
UCtUR3_CAiE7fCoZHM6cMfyQ,UCTD6q1nyIe3Y7HhqjaMj72w,1
UCtUR3_CAiE7fCoZHM6cMfyQ,UCTP3O0rMnc8z8v8jaDQwL0w,1
UCtUR3_CAiE7fCoZHM6cMfyQ,UCAmtbUiIrUIhikru0ZoTFig,1
UCtUR3_CAiE7fCoZHM6cMfyQ,UCpl8rF8uv_8uui-QRvuJaRA,1
UCtUR3_CAiE7fCoZHM6cMfyQ,UCsUCN0Yq_UyTvKjOJLmNrnQ,1
UCtUR3_CAiE7fCoZHM6cMfyQ,UCjSKM9j0Q7HLDr1hD6D-TUw,1
UCtUR3_CAiE7fCoZHM6cMfyQ,UCtNfIBnc5S5DbbQj_yxgJTw,1
UCtUR3_CAiE7fCoZHM6cMfyQ,UCvApqeCbLod-wejtT4CcVuA,1
UCtUR3_CAiE7fCoZHM6cMfyQ,UCrJn_rbo_ENAdeqneS-RmRw,1
UCtUR3_CAiE7fCoZHM6cMfyQ,UCjmPuazZJzscrwvk0QR9RVw,1
UCtUR3_CAiE7fCoZHM6cMfyQ,UCr1emrogPKkKTs_WTtx71xg,1
UCtUR3_CAiE7fCoZHM6cMfyQ,UC4cXueR2bKGFJV0Fk76gwmA,1
UCtUR3_CAiE7fCoZHM6cMfyQ,UCL1MT278vSaQ83ZDkVWn1gw,1
UCtUR3_CAiE7fCoZHM6cMfyQ,UCRETAiYdh2dL5ZxB0_N1zDA,1
UCtUR3_CAiE7fCoZHM6cMfyQ,UCylqlpsh8ENNM1LqgQ1KbxA,1
UCtUR3_CAiE7fCoZHM6cMfyQ,UC3NMzdMYryaw82kPTnsaljg,1
UCtUR3_CAiE7fCoZHM6cMfyQ,UCsjs5Hp_r86x1xbK6FAeqaA,1
UCtUR3_CAiE7fCoZHM6cMfyQ,UCp4iw5_5SmV9VGTFSNVGOmQ,1
UCtUR3_CAiE7fCoZHM6cMfyQ,UCKDR0f2fu2UzWL8mBv5-BHw,1
UCtUR3_CAiE7fCoZHM6cMfyQ,UC5bG9nc_JV3FsNP2KseQiYw,1
UCtUR3_CAiE7fCoZHM6cMfyQ,UCDUffaruH6dyUnUGwsTKpgg,1
UCtUR3_CAiE7fCoZHM6cMfyQ,UC2weSE8rpqkGMOp6StYtVfg,1
UCtUR3_CAiE7fCoZHM6cMfyQ,UC650pRT-OYzny3GwOH8Cgfw,1
UCtUR3_CAiE7fCoZHM6cMfyQ,UCl0ekS9Tt0jJGtOEM18S63w,1
UCtUR3_CAiE7fCoZHM6cMfyQ,UCiMythXHsw7eQEMykCdmMUA,1
UCtUR3_CAiE7fCoZHM6cMfyQ,UCAlzM_N6xBlMYmM8EBzX86Q,1
UCtUR3_CAiE7fCoZHM6cMfyQ,UChZknRmJkeGeQk0-mQuhDOg,1
UCtUR3_CAiE7fCoZHM6cMfyQ,UCmvOgzmmXbjUthHy-WJ52hQ,1
UCtUR3_CAiE7fCoZHM6cMfyQ,UCOh6DaZC_x9HASnlRylEMfw,1
UCtUR3_CAiE7fCoZHM6cMfyQ,UC-jS_kA9w-OmpupXDx156Rg,1
UCtUR3_CAiE7fCoZHM6cMfyQ,UCXgr7vXlRrsaskPdo097kGA,1
UCGj2v6Gl5bN8NSrzJMXS-CA,UCZIQnb1fkwe39Iw2TAu-bGA,1
UCGj2v6Gl5bN8NSrzJMXS-CA,UCyW68EGZey4ao_Vf2cR5Ztg,1
UCGj2v6Gl5bN8NSrzJMXS-CA,UCOARn3hnfkB7-_Rwa8Hoqcw,1
UCbrtvygfRT6QXqWDNrOf-cA,UCTTILH6QCIxbTnEWxwRqs1g,1
UCbrtvygfRT6QXqWDNrOf-cA,UCOY3XpD9qMCRSA8AA8c4CAw,1
UCbrtvygfRT6QXqWDNrOf-cA,UCjJf-AJKRFFWtiN-CSwkDmA,1
UCbrtvygfRT6QXqWDNrOf-cA,UCXO1BBohNWXkK9SBDAG2ySg,1
UCbrtvygfRT6QXqWDNrOf-cA,UCxcoDvP-g2_KTZDmVZtvb3w,1
UCbrtvygfRT6QXqWDNrOf-cA,UC5wuDq3U3vRAhOQI3D7gNdw,1
UCbrtvygfRT6QXqWDNrOf-cA,UChT7pzGytNd92Nmvi-zuWog,1
UCbrtvygfRT6QXqWDNrOf-cA,UCdQAuWwyC99MB7Y02Umj26Q,1
UCbrtvygfRT6QXqWDNrOf-cA,UCnU8wO1OurAmGstDw6VGjgQ,1
UCOh6DaZC_x9HASnlRylEMfw,UC9xr9QvIcDvoZNUX5f-jaZw,1
UCOh6DaZC_x9HASnlRylEMfw,UC-hfX8J5JPJ-dfuakzegMLA,1
UCOh6DaZC_x9HASnlRylEMfw,UCipetjeiWj4CZB6EbyYziZg,1
UCOh6DaZC_x9HASnlRylEMfw,UCiGRBf2RNF0WRKhRVT7zFoA,1
UCOh6DaZC_x9HASnlRylEMfw,UCDPWkUX3sNNaCx-m1dV4glA,1
UCOh6DaZC_x9HASnlRylEMfw,UC8r11yOugM2NuRfitQOxLLg,1
UCOh6DaZC_x9HASnlRylEMfw,UCwha8rxULYMVtNwZWeSkE1A,1
UCOh6DaZC_x9HASnlRylEMfw,UCXXh7yg5KUFIWylTiKVEFKQ,1
UCOh6DaZC_x9HASnlRylEMfw,UCYN4wSQ1Sx4_LurxLlW7MPg,1
UCOh6DaZC_x9HASnlRylEMfw,UCsSXdJct-nsS8DsABoEsaYA,1
UCOh6DaZC_x9HASnlRylEMfw,UC7VUuJr9cGh845CmTvf7TlQ,1
UCOh6DaZC_x9HASnlRylEMfw,UCSou6a2OuYGSvPjm5psquyA,1
UCOh6DaZC_x9HASnlRylEMfw,UCsJJAvrVGupdmhOqgtDp8dg,1
UCOh6DaZC_x9HASnlRylEMfw,UCFhxtoeARHPnXXPcDrOU3Xg,1
UCOh6DaZC_x9HASnlRylEMfw,UCGzXwyCzMzGmjmCbH3Hg01Q,1
UCOh6DaZC_x9HASnlRylEMfw,UC3E9mAgP7VoAE5mZoAexl5g,1
UCOh6DaZC_x9HASnlRylEMfw,UCB5p8a5gklc80jJItP6xTHg,1
UCOh6DaZC_x9HASnlRylEMfw,UCfM3nrxtTQMY5jFx1v1J4Gg,1
UCOh6DaZC_x9HASnlRylEMfw,UCFoIAE8k82D6AV-8gjjKaNg,1
UCOh6DaZC_x9HASnlRylEMfw,UCA93ym2TXs_Ibyxb4Vcn-6Q,1
UCOh6DaZC_x9HASnlRylEMfw,UCFxE8GbokBrBsPEKM1xrOjQ,1
UCOh6DaZC_x9HASnlRylEMfw,UC8G5cJONY8L9voMyBW8Eoug,1
UCOh6DaZC_x9HASnlRylEMfw,UCTD6q1nyIe3Y7HhqjaMj72w,1
UCOh6DaZC_x9HASnlRylEMfw,UCTP3O0rMnc8z8v8jaDQwL0w,1
UCOh6DaZC_x9HASnlRylEMfw,UCAmtbUiIrUIhikru0ZoTFig,1
UCOh6DaZC_x9HASnlRylEMfw,UCpl8rF8uv_8uui-QRvuJaRA,1
UCOh6DaZC_x9HASnlRylEMfw,UCsUCN0Yq_UyTvKjOJLmNrnQ,1
UCOh6DaZC_x9HASnlRylEMfw,UCjSKM9j0Q7HLDr1hD6D-TUw,1
UCOh6DaZC_x9HASnlRylEMfw,UCtNfIBnc5S5DbbQj_yxgJTw,1
UCOh6DaZC_x9HASnlRylEMfw,UCvApqeCbLod-wejtT4CcVuA,1
UCOh6DaZC_x9HASnlRylEMfw,UCrJn_rbo_ENAdeqneS-RmRw,1
UCOh6DaZC_x9HASnlRylEMfw,UCjmPuazZJzscrwvk0QR9RVw,1
UCOh6DaZC_x9HASnlRylEMfw,UCr1emrogPKkKTs_WTtx71xg,1
UCOh6DaZC_x9HASnlRylEMfw,UC4cXueR2bKGFJV0Fk76gwmA,1
UCOh6DaZC_x9HASnlRylEMfw,UCL1MT278vSaQ83ZDkVWn1gw,1
UCOh6DaZC_x9HASnlRylEMfw,UCRETAiYdh2dL5ZxB0_N1zDA,1
UCOh6DaZC_x9HASnlRylEMfw,UCylqlpsh8ENNM1LqgQ1KbxA,1
UCOh6DaZC_x9HASnlRylEMfw,UC3NMzdMYryaw82kPTnsaljg,1
UCOh6DaZC_x9HASnlRylEMfw,UCsjs5Hp_r86x1xbK6FAeqaA,1
UCOh6DaZC_x9HASnlRylEMfw,UCp4iw5_5SmV9VGTFSNVGOmQ,1
UCOh6DaZC_x9HASnlRylEMfw,UCKDR0f2fu2UzWL8mBv5-BHw,1
UCOh6DaZC_x9HASnlRylEMfw,UC5bG9nc_JV3FsNP2KseQiYw,1
UCOh6DaZC_x9HASnlRylEMfw,UCDUffaruH6dyUnUGwsTKpgg,1
UCOh6DaZC_x9HASnlRylEMfw,UC2weSE8rpqkGMOp6StYtVfg,1
UCOh6DaZC_x9HASnlRylEMfw,UC650pRT-OYzny3GwOH8Cgfw,1
UCOh6DaZC_x9HASnlRylEMfw,UCl0ekS9Tt0jJGtOEM18S63w,1
UCOh6DaZC_x9HASnlRylEMfw,UCiMythXHsw7eQEMykCdmMUA,1
UCOh6DaZC_x9HASnlRylEMfw,UCAlzM_N6xBlMYmM8EBzX86Q,1
UCOh6DaZC_x9HASnlRylEMfw,UChZknRmJkeGeQk0-mQuhDOg,1
UCOh6DaZC_x9HASnlRylEMfw,UCmvOgzmmXbjUthHy-WJ52hQ,1
UCOh6DaZC_x9HASnlRylEMfw,UC-jS_kA9w-OmpupXDx156Rg,1
UCOh6DaZC_x9HASnlRylEMfw,UCXgr7vXlRrsaskPdo097kGA,1
UCL1MT278vSaQ83ZDkVWn1gw,UC9xr9QvIcDvoZNUX5f-jaZw,1
UCL1MT278vSaQ83ZDkVWn1gw,UC-hfX8J5JPJ-dfuakzegMLA,1
UCL1MT278vSaQ83ZDkVWn1gw,UCipetjeiWj4CZB6EbyYziZg,1
UCL1MT278vSaQ83ZDkVWn1gw,UCiGRBf2RNF0WRKhRVT7zFoA,1
UCL1MT278vSaQ83ZDkVWn1gw,UCDPWkUX3sNNaCx-m1dV4glA,1
UCL1MT278vSaQ83ZDkVWn1gw,UC8r11yOugM2NuRfitQOxLLg,1
UCL1MT278vSaQ83ZDkVWn1gw,UCwha8rxULYMVtNwZWeSkE1A,1
UCL1MT278vSaQ83ZDkVWn1gw,UCXXh7yg5KUFIWylTiKVEFKQ,1
UCL1MT278vSaQ83ZDkVWn1gw,UCYN4wSQ1Sx4_LurxLlW7MPg,1
UCL1MT278vSaQ83ZDkVWn1gw,UCsSXdJct-nsS8DsABoEsaYA,1
UCL1MT278vSaQ83ZDkVWn1gw,UC7VUuJr9cGh845CmTvf7TlQ,1
UCL1MT278vSaQ83ZDkVWn1gw,UCSou6a2OuYGSvPjm5psquyA,1
UCL1MT278vSaQ83ZDkVWn1gw,UCsJJAvrVGupdmhOqgtDp8dg,1
UCL1MT278vSaQ83ZDkVWn1gw,UCFhxtoeARHPnXXPcDrOU3Xg,1
UCL1MT278vSaQ83ZDkVWn1gw,UCGzXwyCzMzGmjmCbH3Hg01Q,1
UCL1MT278vSaQ83ZDkVWn1gw,UC3E9mAgP7VoAE5mZoAexl5g,1
UCL1MT278vSaQ83ZDkVWn1gw,UCB5p8a5gklc80jJItP6xTHg,1
UCL1MT278vSaQ83ZDkVWn1gw,UCfM3nrxtTQMY5jFx1v1J4Gg,1
UCL1MT278vSaQ83ZDkVWn1gw,UCFoIAE8k82D6AV-8gjjKaNg,1
UCL1MT278vSaQ83ZDkVWn1gw,UCA93ym2TXs_Ibyxb4Vcn-6Q,1
UCL1MT278vSaQ83ZDkVWn1gw,UCFxE8GbokBrBsPEKM1xrOjQ,1
UCL1MT278vSaQ83ZDkVWn1gw,UC8G5cJONY8L9voMyBW8Eoug,1
UCL1MT278vSaQ83ZDkVWn1gw,UCTD6q1nyIe3Y7HhqjaMj72w,1
UCL1MT278vSaQ83ZDkVWn1gw,UCTP3O0rMnc8z8v8jaDQwL0w,1
UCL1MT278vSaQ83ZDkVWn1gw,UCAmtbUiIrUIhikru0ZoTFig,1
UCL1MT278vSaQ83ZDkVWn1gw,UCpl8rF8uv_8uui-QRvuJaRA,1
UCL1MT278vSaQ83ZDkVWn1gw,UCsUCN0Yq_UyTvKjOJLmNrnQ,1
UCL1MT278vSaQ83ZDkVWn1gw,UCjSKM9j0Q7HLDr1hD6D-TUw,1
UCL1MT278vSaQ83ZDkVWn1gw,UCtNfIBnc5S5DbbQj_yxgJTw,1
UCL1MT278vSaQ83ZDkVWn1gw,UCvApqeCbLod-wejtT4CcVuA,1
UCL1MT278vSaQ83ZDkVWn1gw,UCrJn_rbo_ENAdeqneS-RmRw,1
UCL1MT278vSaQ83ZDkVWn1gw,UCjmPuazZJzscrwvk0QR9RVw,1
UCL1MT278vSaQ83ZDkVWn1gw,UCr1emrogPKkKTs_WTtx71xg,1
UCL1MT278vSaQ83ZDkVWn1gw,UC4cXueR2bKGFJV0Fk76gwmA,1
UCL1MT278vSaQ83ZDkVWn1gw,UCRETAiYdh2dL5ZxB0_N1zDA,1
UCL1MT278vSaQ83ZDkVWn1gw,UCylqlpsh8ENNM1LqgQ1KbxA,1
UCL1MT278vSaQ83ZDkVWn1gw,UC3NMzdMYryaw82kPTnsaljg,1
UCL1MT278vSaQ83ZDkVWn1gw,UCsjs5Hp_r86x1xbK6FAeqaA,1
UCL1MT278vSaQ83ZDkVWn1gw,UCp4iw5_5SmV9VGTFSNVGOmQ,1
UCL1MT278vSaQ83ZDkVWn1gw,UCKDR0f2fu2UzWL8mBv5-BHw,1
UCL1MT278vSaQ83ZDkVWn1gw,UC5bG9nc_JV3FsNP2KseQiYw,1
UCL1MT278vSaQ83ZDkVWn1gw,UCDUffaruH6dyUnUGwsTKpgg,1
UCL1MT278vSaQ83ZDkVWn1gw,UC2weSE8rpqkGMOp6StYtVfg,1
UCL1MT278vSaQ83ZDkVWn1gw,UC650pRT-OYzny3GwOH8Cgfw,1
UCL1MT278vSaQ83ZDkVWn1gw,UCl0ekS9Tt0jJGtOEM18S63w,1
UCL1MT278vSaQ83ZDkVWn1gw,UCiMythXHsw7eQEMykCdmMUA,1
UCL1MT278vSaQ83ZDkVWn1gw,UCAlzM_N6xBlMYmM8EBzX86Q,1
UCL1MT278vSaQ83ZDkVWn1gw,UChZknRmJkeGeQk0-mQuhDOg,1
UCL1MT278vSaQ83ZDkVWn1gw,UCmvOgzmmXbjUthHy-WJ52hQ,1
UCL1MT278vSaQ83ZDkVWn1gw,UC-jS_kA9w-OmpupXDx156Rg,1
UCL1MT278vSaQ83ZDkVWn1gw,UCXgr7vXlRrsaskPdo097kGA,1
UC8G5cJONY8L9voMyBW8Eoug,UC9xr9QvIcDvoZNUX5f-jaZw,1
UC8G5cJONY8L9voMyBW8Eoug,UC-hfX8J5JPJ-dfuakzegMLA,1
UC8G5cJONY8L9voMyBW8Eoug,UCipetjeiWj4CZB6EbyYziZg,1
UC8G5cJONY8L9voMyBW8Eoug,UCiGRBf2RNF0WRKhRVT7zFoA,1
UC8G5cJONY8L9voMyBW8Eoug,UCDPWkUX3sNNaCx-m1dV4glA,1
UC8G5cJONY8L9voMyBW8Eoug,UC8r11yOugM2NuRfitQOxLLg,1
UC8G5cJONY8L9voMyBW8Eoug,UCwha8rxULYMVtNwZWeSkE1A,1
UC8G5cJONY8L9voMyBW8Eoug,UCXXh7yg5KUFIWylTiKVEFKQ,1
UC8G5cJONY8L9voMyBW8Eoug,UCYN4wSQ1Sx4_LurxLlW7MPg,1
UC8G5cJONY8L9voMyBW8Eoug,UCsSXdJct-nsS8DsABoEsaYA,1
UC8G5cJONY8L9voMyBW8Eoug,UC7VUuJr9cGh845CmTvf7TlQ,1
UC8G5cJONY8L9voMyBW8Eoug,UCSou6a2OuYGSvPjm5psquyA,1
UC8G5cJONY8L9voMyBW8Eoug,UCsJJAvrVGupdmhOqgtDp8dg,1
UC8G5cJONY8L9voMyBW8Eoug,UCFhxtoeARHPnXXPcDrOU3Xg,1
UC8G5cJONY8L9voMyBW8Eoug,UCGzXwyCzMzGmjmCbH3Hg01Q,1
UC8G5cJONY8L9voMyBW8Eoug,UC3E9mAgP7VoAE5mZoAexl5g,1
UC8G5cJONY8L9voMyBW8Eoug,UCB5p8a5gklc80jJItP6xTHg,1
UC8G5cJONY8L9voMyBW8Eoug,UCfM3nrxtTQMY5jFx1v1J4Gg,1
UC8G5cJONY8L9voMyBW8Eoug,UCFoIAE8k82D6AV-8gjjKaNg,1
UC8G5cJONY8L9voMyBW8Eoug,UCA93ym2TXs_Ibyxb4Vcn-6Q,1
UC8G5cJONY8L9voMyBW8Eoug,UCFxE8GbokBrBsPEKM1xrOjQ,1
UC8G5cJONY8L9voMyBW8Eoug,UCTD6q1nyIe3Y7HhqjaMj72w,1
UC8G5cJONY8L9voMyBW8Eoug,UCTP3O0rMnc8z8v8jaDQwL0w,1
UC8G5cJONY8L9voMyBW8Eoug,UCAmtbUiIrUIhikru0ZoTFig,1
UC8G5cJONY8L9voMyBW8Eoug,UCpl8rF8uv_8uui-QRvuJaRA,1
UC8G5cJONY8L9voMyBW8Eoug,UCsUCN0Yq_UyTvKjOJLmNrnQ,1
UC8G5cJONY8L9voMyBW8Eoug,UCjSKM9j0Q7HLDr1hD6D-TUw,1
UC8G5cJONY8L9voMyBW8Eoug,UCtNfIBnc5S5DbbQj_yxgJTw,1
UC8G5cJONY8L9voMyBW8Eoug,UCvApqeCbLod-wejtT4CcVuA,1
UC8G5cJONY8L9voMyBW8Eoug,UCrJn_rbo_ENAdeqneS-RmRw,1
UC8G5cJONY8L9voMyBW8Eoug,UCjmPuazZJzscrwvk0QR9RVw,1
UC8G5cJONY8L9voMyBW8Eoug,UCr1emrogPKkKTs_WTtx71xg,1
UC8G5cJONY8L9voMyBW8Eoug,UC4cXueR2bKGFJV0Fk76gwmA,1
UC8G5cJONY8L9voMyBW8Eoug,UCRETAiYdh2dL5ZxB0_N1zDA,1
UC8G5cJONY8L9voMyBW8Eoug,UCylqlpsh8ENNM1LqgQ1KbxA,1
UC8G5cJONY8L9voMyBW8Eoug,UC3NMzdMYryaw82kPTnsaljg,1
UC8G5cJONY8L9voMyBW8Eoug,UCsjs5Hp_r86x1xbK6FAeqaA,1
UC8G5cJONY8L9voMyBW8Eoug,UCp4iw5_5SmV9VGTFSNVGOmQ,1
UC8G5cJONY8L9voMyBW8Eoug,UCKDR0f2fu2UzWL8mBv5-BHw,1
UC8G5cJONY8L9voMyBW8Eoug,UC5bG9nc_JV3FsNP2KseQiYw,1
UC8G5cJONY8L9voMyBW8Eoug,UCDUffaruH6dyUnUGwsTKpgg,1
UC8G5cJONY8L9voMyBW8Eoug,UC2weSE8rpqkGMOp6StYtVfg,1
UC8G5cJONY8L9voMyBW8Eoug,UC650pRT-OYzny3GwOH8Cgfw,1
UC8G5cJONY8L9voMyBW8Eoug,UCl0ekS9Tt0jJGtOEM18S63w,1
UC8G5cJONY8L9voMyBW8Eoug,UCiMythXHsw7eQEMykCdmMUA,1
UC8G5cJONY8L9voMyBW8Eoug,UCAlzM_N6xBlMYmM8EBzX86Q,1
UC8G5cJONY8L9voMyBW8Eoug,UChZknRmJkeGeQk0-mQuhDOg,1
UC8G5cJONY8L9voMyBW8Eoug,UCmvOgzmmXbjUthHy-WJ52hQ,1
UC8G5cJONY8L9voMyBW8Eoug,UC-jS_kA9w-OmpupXDx156Rg,1
UC8G5cJONY8L9voMyBW8Eoug,UCXgr7vXlRrsaskPdo097kGA,1
UC7VUuJr9cGh845CmTvf7TlQ,UC9xr9QvIcDvoZNUX5f-jaZw,1
UC7VUuJr9cGh845CmTvf7TlQ,UC-hfX8J5JPJ-dfuakzegMLA,1
UC7VUuJr9cGh845CmTvf7TlQ,UCipetjeiWj4CZB6EbyYziZg,1
UC7VUuJr9cGh845CmTvf7TlQ,UCiGRBf2RNF0WRKhRVT7zFoA,1
UC7VUuJr9cGh845CmTvf7TlQ,UCDPWkUX3sNNaCx-m1dV4glA,1
UC7VUuJr9cGh845CmTvf7TlQ,UC8r11yOugM2NuRfitQOxLLg,1
UC7VUuJr9cGh845CmTvf7TlQ,UCwha8rxULYMVtNwZWeSkE1A,1
UC7VUuJr9cGh845CmTvf7TlQ,UCXXh7yg5KUFIWylTiKVEFKQ,1
UC7VUuJr9cGh845CmTvf7TlQ,UCYN4wSQ1Sx4_LurxLlW7MPg,1
UC7VUuJr9cGh845CmTvf7TlQ,UCsSXdJct-nsS8DsABoEsaYA,1
UC7VUuJr9cGh845CmTvf7TlQ,UCSou6a2OuYGSvPjm5psquyA,1
UC7VUuJr9cGh845CmTvf7TlQ,UCsJJAvrVGupdmhOqgtDp8dg,1
UC7VUuJr9cGh845CmTvf7TlQ,UCFhxtoeARHPnXXPcDrOU3Xg,1
UC7VUuJr9cGh845CmTvf7TlQ,UCGzXwyCzMzGmjmCbH3Hg01Q,1
UC7VUuJr9cGh845CmTvf7TlQ,UC3E9mAgP7VoAE5mZoAexl5g,1
UC7VUuJr9cGh845CmTvf7TlQ,UCB5p8a5gklc80jJItP6xTHg,1
UC7VUuJr9cGh845CmTvf7TlQ,UCfM3nrxtTQMY5jFx1v1J4Gg,1
UC7VUuJr9cGh845CmTvf7TlQ,UCFoIAE8k82D6AV-8gjjKaNg,1
UC7VUuJr9cGh845CmTvf7TlQ,UCA93ym2TXs_Ibyxb4Vcn-6Q,1
UC7VUuJr9cGh845CmTvf7TlQ,UCFxE8GbokBrBsPEKM1xrOjQ,1
UC7VUuJr9cGh845CmTvf7TlQ,UCTD6q1nyIe3Y7HhqjaMj72w,1
UC7VUuJr9cGh845CmTvf7TlQ,UCTP3O0rMnc8z8v8jaDQwL0w,1
UC7VUuJr9cGh845CmTvf7TlQ,UCAmtbUiIrUIhikru0ZoTFig,1
UC7VUuJr9cGh845CmTvf7TlQ,UCpl8rF8uv_8uui-QRvuJaRA,1
UC7VUuJr9cGh845CmTvf7TlQ,UCsUCN0Yq_UyTvKjOJLmNrnQ,1
UC7VUuJr9cGh845CmTvf7TlQ,UCjSKM9j0Q7HLDr1hD6D-TUw,1
UC7VUuJr9cGh845CmTvf7TlQ,UCtNfIBnc5S5DbbQj_yxgJTw,1
UC7VUuJr9cGh845CmTvf7TlQ,UCvApqeCbLod-wejtT4CcVuA,1
UC7VUuJr9cGh845CmTvf7TlQ,UCrJn_rbo_ENAdeqneS-RmRw,1
UC7VUuJr9cGh845CmTvf7TlQ,UCjmPuazZJzscrwvk0QR9RVw,1
UC7VUuJr9cGh845CmTvf7TlQ,UCr1emrogPKkKTs_WTtx71xg,1
UC7VUuJr9cGh845CmTvf7TlQ,UC4cXueR2bKGFJV0Fk76gwmA,1
UC7VUuJr9cGh845CmTvf7TlQ,UCRETAiYdh2dL5ZxB0_N1zDA,1
UC7VUuJr9cGh845CmTvf7TlQ,UCylqlpsh8ENNM1LqgQ1KbxA,1
UC7VUuJr9cGh845CmTvf7TlQ,UC3NMzdMYryaw82kPTnsaljg,1
UC7VUuJr9cGh845CmTvf7TlQ,UCsjs5Hp_r86x1xbK6FAeqaA,1
UC7VUuJr9cGh845CmTvf7TlQ,UCp4iw5_5SmV9VGTFSNVGOmQ,1
UC7VUuJr9cGh845CmTvf7TlQ,UCKDR0f2fu2UzWL8mBv5-BHw,1
UC7VUuJr9cGh845CmTvf7TlQ,UC5bG9nc_JV3FsNP2KseQiYw,1
UC7VUuJr9cGh845CmTvf7TlQ,UCDUffaruH6dyUnUGwsTKpgg,1
UC7VUuJr9cGh845CmTvf7TlQ,UC2weSE8rpqkGMOp6StYtVfg,1
UC7VUuJr9cGh845CmTvf7TlQ,UC650pRT-OYzny3GwOH8Cgfw,1
UC7VUuJr9cGh845CmTvf7TlQ,UCl0ekS9Tt0jJGtOEM18S63w,1
UC7VUuJr9cGh845CmTvf7TlQ,UCiMythXHsw7eQEMykCdmMUA,1
UC7VUuJr9cGh845CmTvf7TlQ,UCAlzM_N6xBlMYmM8EBzX86Q,1
UC7VUuJr9cGh845CmTvf7TlQ,UChZknRmJkeGeQk0-mQuhDOg,1
UC7VUuJr9cGh845CmTvf7TlQ,UCmvOgzmmXbjUthHy-WJ52hQ,1
UC7VUuJr9cGh845CmTvf7TlQ,UC-jS_kA9w-OmpupXDx156Rg,1
UC7VUuJr9cGh845CmTvf7TlQ,UCXgr7vXlRrsaskPdo097kGA,1
UCFhxtoeARHPnXXPcDrOU3Xg,UC9xr9QvIcDvoZNUX5f-jaZw,1
UCFhxtoeARHPnXXPcDrOU3Xg,UC-hfX8J5JPJ-dfuakzegMLA,1
UCFhxtoeARHPnXXPcDrOU3Xg,UCipetjeiWj4CZB6EbyYziZg,1
UCFhxtoeARHPnXXPcDrOU3Xg,UCiGRBf2RNF0WRKhRVT7zFoA,1
UCFhxtoeARHPnXXPcDrOU3Xg,UCDPWkUX3sNNaCx-m1dV4glA,1
UCFhxtoeARHPnXXPcDrOU3Xg,UC8r11yOugM2NuRfitQOxLLg,1
UCFhxtoeARHPnXXPcDrOU3Xg,UCwha8rxULYMVtNwZWeSkE1A,1
UCFhxtoeARHPnXXPcDrOU3Xg,UCXXh7yg5KUFIWylTiKVEFKQ,1
UCFhxtoeARHPnXXPcDrOU3Xg,UCYN4wSQ1Sx4_LurxLlW7MPg,1
UCFhxtoeARHPnXXPcDrOU3Xg,UCsSXdJct-nsS8DsABoEsaYA,1
UCFhxtoeARHPnXXPcDrOU3Xg,UCSou6a2OuYGSvPjm5psquyA,1
UCFhxtoeARHPnXXPcDrOU3Xg,UCsJJAvrVGupdmhOqgtDp8dg,1
UCFhxtoeARHPnXXPcDrOU3Xg,UCGzXwyCzMzGmjmCbH3Hg01Q,1
UCFhxtoeARHPnXXPcDrOU3Xg,UC3E9mAgP7VoAE5mZoAexl5g,1
UCFhxtoeARHPnXXPcDrOU3Xg,UCB5p8a5gklc80jJItP6xTHg,1
UCFhxtoeARHPnXXPcDrOU3Xg,UCfM3nrxtTQMY5jFx1v1J4Gg,1
UCFhxtoeARHPnXXPcDrOU3Xg,UCFoIAE8k82D6AV-8gjjKaNg,1
UCFhxtoeARHPnXXPcDrOU3Xg,UCA93ym2TXs_Ibyxb4Vcn-6Q,1
UCFhxtoeARHPnXXPcDrOU3Xg,UCFxE8GbokBrBsPEKM1xrOjQ,1
UCFhxtoeARHPnXXPcDrOU3Xg,UCTD6q1nyIe3Y7HhqjaMj72w,1
UCFhxtoeARHPnXXPcDrOU3Xg,UCTP3O0rMnc8z8v8jaDQwL0w,1
UCFhxtoeARHPnXXPcDrOU3Xg,UCAmtbUiIrUIhikru0ZoTFig,1
UCFhxtoeARHPnXXPcDrOU3Xg,UCpl8rF8uv_8uui-QRvuJaRA,1
UCFhxtoeARHPnXXPcDrOU3Xg,UCsUCN0Yq_UyTvKjOJLmNrnQ,1
UCFhxtoeARHPnXXPcDrOU3Xg,UCjSKM9j0Q7HLDr1hD6D-TUw,1
UCFhxtoeARHPnXXPcDrOU3Xg,UCtNfIBnc5S5DbbQj_yxgJTw,1
UCFhxtoeARHPnXXPcDrOU3Xg,UCvApqeCbLod-wejtT4CcVuA,1
UCFhxtoeARHPnXXPcDrOU3Xg,UCrJn_rbo_ENAdeqneS-RmRw,1
UCFhxtoeARHPnXXPcDrOU3Xg,UCjmPuazZJzscrwvk0QR9RVw,1
UCFhxtoeARHPnXXPcDrOU3Xg,UCr1emrogPKkKTs_WTtx71xg,1
UCFhxtoeARHPnXXPcDrOU3Xg,UC4cXueR2bKGFJV0Fk76gwmA,1
UCFhxtoeARHPnXXPcDrOU3Xg,UCRETAiYdh2dL5ZxB0_N1zDA,1
UCFhxtoeARHPnXXPcDrOU3Xg,UCylqlpsh8ENNM1LqgQ1KbxA,1
UCFhxtoeARHPnXXPcDrOU3Xg,UC3NMzdMYryaw82kPTnsaljg,1
UCFhxtoeARHPnXXPcDrOU3Xg,UCsjs5Hp_r86x1xbK6FAeqaA,1
UCFhxtoeARHPnXXPcDrOU3Xg,UCp4iw5_5SmV9VGTFSNVGOmQ,1
UCFhxtoeARHPnXXPcDrOU3Xg,UCKDR0f2fu2UzWL8mBv5-BHw,1
UCFhxtoeARHPnXXPcDrOU3Xg,UC5bG9nc_JV3FsNP2KseQiYw,1
UCFhxtoeARHPnXXPcDrOU3Xg,UCDUffaruH6dyUnUGwsTKpgg,1
UCFhxtoeARHPnXXPcDrOU3Xg,UC2weSE8rpqkGMOp6StYtVfg,1
UCFhxtoeARHPnXXPcDrOU3Xg,UC650pRT-OYzny3GwOH8Cgfw,1
UCFhxtoeARHPnXXPcDrOU3Xg,UCl0ekS9Tt0jJGtOEM18S63w,1
UCFhxtoeARHPnXXPcDrOU3Xg,UCiMythXHsw7eQEMykCdmMUA,1
UCFhxtoeARHPnXXPcDrOU3Xg,UCAlzM_N6xBlMYmM8EBzX86Q,1
UCFhxtoeARHPnXXPcDrOU3Xg,UChZknRmJkeGeQk0-mQuhDOg,1
UCFhxtoeARHPnXXPcDrOU3Xg,UCmvOgzmmXbjUthHy-WJ52hQ,1
UCFhxtoeARHPnXXPcDrOU3Xg,UC-jS_kA9w-OmpupXDx156Rg,1
UCFhxtoeARHPnXXPcDrOU3Xg,UCXgr7vXlRrsaskPdo097kGA,1
UCAlzM_N6xBlMYmM8EBzX86Q,UC9xr9QvIcDvoZNUX5f-jaZw,1
UCAlzM_N6xBlMYmM8EBzX86Q,UC-hfX8J5JPJ-dfuakzegMLA,1
UCAlzM_N6xBlMYmM8EBzX86Q,UCipetjeiWj4CZB6EbyYziZg,1
UCAlzM_N6xBlMYmM8EBzX86Q,UCiGRBf2RNF0WRKhRVT7zFoA,1
UCAlzM_N6xBlMYmM8EBzX86Q,UCDPWkUX3sNNaCx-m1dV4glA,1
UCAlzM_N6xBlMYmM8EBzX86Q,UC8r11yOugM2NuRfitQOxLLg,1
UCAlzM_N6xBlMYmM8EBzX86Q,UCwha8rxULYMVtNwZWeSkE1A,1
UCAlzM_N6xBlMYmM8EBzX86Q,UCXXh7yg5KUFIWylTiKVEFKQ,1
UCAlzM_N6xBlMYmM8EBzX86Q,UCYN4wSQ1Sx4_LurxLlW7MPg,1
UCAlzM_N6xBlMYmM8EBzX86Q,UCsSXdJct-nsS8DsABoEsaYA,1
UCAlzM_N6xBlMYmM8EBzX86Q,UCSou6a2OuYGSvPjm5psquyA,1
UCAlzM_N6xBlMYmM8EBzX86Q,UCsJJAvrVGupdmhOqgtDp8dg,1
UCAlzM_N6xBlMYmM8EBzX86Q,UCGzXwyCzMzGmjmCbH3Hg01Q,1
UCAlzM_N6xBlMYmM8EBzX86Q,UC3E9mAgP7VoAE5mZoAexl5g,1
UCAlzM_N6xBlMYmM8EBzX86Q,UCB5p8a5gklc80jJItP6xTHg,1
UCAlzM_N6xBlMYmM8EBzX86Q,UCfM3nrxtTQMY5jFx1v1J4Gg,1
UCAlzM_N6xBlMYmM8EBzX86Q,UCFoIAE8k82D6AV-8gjjKaNg,1
UCAlzM_N6xBlMYmM8EBzX86Q,UCA93ym2TXs_Ibyxb4Vcn-6Q,1
UCAlzM_N6xBlMYmM8EBzX86Q,UCFxE8GbokBrBsPEKM1xrOjQ,1
UCAlzM_N6xBlMYmM8EBzX86Q,UCTD6q1nyIe3Y7HhqjaMj72w,1
UCAlzM_N6xBlMYmM8EBzX86Q,UCTP3O0rMnc8z8v8jaDQwL0w,1
UCAlzM_N6xBlMYmM8EBzX86Q,UCAmtbUiIrUIhikru0ZoTFig,1
UCAlzM_N6xBlMYmM8EBzX86Q,UCpl8rF8uv_8uui-QRvuJaRA,1
UCAlzM_N6xBlMYmM8EBzX86Q,UCsUCN0Yq_UyTvKjOJLmNrnQ,1
UCAlzM_N6xBlMYmM8EBzX86Q,UCjSKM9j0Q7HLDr1hD6D-TUw,1
UCAlzM_N6xBlMYmM8EBzX86Q,UCtNfIBnc5S5DbbQj_yxgJTw,1
UCAlzM_N6xBlMYmM8EBzX86Q,UCvApqeCbLod-wejtT4CcVuA,1
UCAlzM_N6xBlMYmM8EBzX86Q,UCrJn_rbo_ENAdeqneS-RmRw,1
UCAlzM_N6xBlMYmM8EBzX86Q,UCjmPuazZJzscrwvk0QR9RVw,1
UCAlzM_N6xBlMYmM8EBzX86Q,UCr1emrogPKkKTs_WTtx71xg,1
UCAlzM_N6xBlMYmM8EBzX86Q,UC4cXueR2bKGFJV0Fk76gwmA,1
UCAlzM_N6xBlMYmM8EBzX86Q,UCRETAiYdh2dL5ZxB0_N1zDA,1
UCAlzM_N6xBlMYmM8EBzX86Q,UCylqlpsh8ENNM1LqgQ1KbxA,1
UCAlzM_N6xBlMYmM8EBzX86Q,UC3NMzdMYryaw82kPTnsaljg,1
UCAlzM_N6xBlMYmM8EBzX86Q,UCsjs5Hp_r86x1xbK6FAeqaA,1
UCAlzM_N6xBlMYmM8EBzX86Q,UCp4iw5_5SmV9VGTFSNVGOmQ,1
UCAlzM_N6xBlMYmM8EBzX86Q,UCKDR0f2fu2UzWL8mBv5-BHw,1
UCAlzM_N6xBlMYmM8EBzX86Q,UC5bG9nc_JV3FsNP2KseQiYw,1
UCAlzM_N6xBlMYmM8EBzX86Q,UCDUffaruH6dyUnUGwsTKpgg,1
UCAlzM_N6xBlMYmM8EBzX86Q,UC2weSE8rpqkGMOp6StYtVfg,1
UCAlzM_N6xBlMYmM8EBzX86Q,UC650pRT-OYzny3GwOH8Cgfw,1
UCAlzM_N6xBlMYmM8EBzX86Q,UCl0ekS9Tt0jJGtOEM18S63w,1
UCAlzM_N6xBlMYmM8EBzX86Q,UCiMythXHsw7eQEMykCdmMUA,1
UCAlzM_N6xBlMYmM8EBzX86Q,UChZknRmJkeGeQk0-mQuhDOg,1
UCAlzM_N6xBlMYmM8EBzX86Q,UCmvOgzmmXbjUthHy-WJ52hQ,1
UCAlzM_N6xBlMYmM8EBzX86Q,UC-jS_kA9w-OmpupXDx156Rg,1
UCAlzM_N6xBlMYmM8EBzX86Q,UCXgr7vXlRrsaskPdo097kGA,1
UClqA491Xa5fQcXcJJa-vTWw,UCDrmf9y9nLgFY5wnA2hTuGA,1
UClqA491Xa5fQcXcJJa-vTWw,UC-fiZBS5Gp1eCJd9ucgWnCg,1
UClqA491Xa5fQcXcJJa-vTWw,UCCBYcToQ2dwkd6TJh0FSyDg,1
UClqA491Xa5fQcXcJJa-vTWw,UCQqlPPUGqAfWjd-FSh_qn7Q,1
UClqA491Xa5fQcXcJJa-vTWw,UCUoYsrx1oZnCZ0usbBJn4fA,1
UClqA491Xa5fQcXcJJa-vTWw,UC_LYoGs5C3mbZKZuKuqYCvw,1
UClqA491Xa5fQcXcJJa-vTWw,UCRvPToDkkumha7WJAfCDk1A,1
UClqA491Xa5fQcXcJJa-vTWw,UCu8_3-Wg-YzNyvHYQDEscfw,1
UClqA491Xa5fQcXcJJa-vTWw,UCylqlpsh8ENNM1LqgQ1KbxA,1
UClqA491Xa5fQcXcJJa-vTWw,UC32oozucwCF3q8d4m8fyOUg,1
UClqA491Xa5fQcXcJJa-vTWw,UCW-JC6lebVmf2P1dmY_L94g,1
UClqA491Xa5fQcXcJJa-vTWw,UCAKuKvcbfnBD3kF5njNu-IA,1
UClqA491Xa5fQcXcJJa-vTWw,UC3UVO7pTbeYvZ3ILEyRDskQ,1
UClqA491Xa5fQcXcJJa-vTWw,UCgJNFj5dnxXpcMvmuhZDPxA,1
UClqA491Xa5fQcXcJJa-vTWw,UCWoAVGVqCn4xtINCMOTM4jg,1
UClqA491Xa5fQcXcJJa-vTWw,UCe8JZoYkX5oKUZyivHYdXhw,1
UClqA491Xa5fQcXcJJa-vTWw,UClhMWQ7XKWywYvbRnuf8QsA,1
UClqA491Xa5fQcXcJJa-vTWw,UC7dadZG7kkGYnsNu6td0FbA,1
UClqA491Xa5fQcXcJJa-vTWw,UCsGoJEvb-cFPZ2rWoJcXzEQ,1
UClqA491Xa5fQcXcJJa-vTWw,UCHbwIx9pmQuf7i-4_xO2EpA,1
UClqA491Xa5fQcXcJJa-vTWw,UCW80DaMjQlEUibC98Cot-Dg,1
UCvDwJBBY1mHK70aTEYl6rsA,UCRfkkatKrNtAARnXMMYBGlA,1
UCvDwJBBY1mHK70aTEYl6rsA,UCa36MjQLoPAmgJo-R3G8WQA,1
UCvDwJBBY1mHK70aTEYl6rsA,UC1NiEdJ7gk6FlDexIalWnGg,1
UCvDwJBBY1mHK70aTEYl6rsA,UC3YpzAr7pcdKC7BVFEpYzog,1
UCvDwJBBY1mHK70aTEYl6rsA,UC14qlobYKqD-DO0j6b75lcA,1
UCvDwJBBY1mHK70aTEYl6rsA,UC0HvfEWozTHbwl_iEmJNvVA,1
UCvDwJBBY1mHK70aTEYl6rsA,UC-Iul5tDYH_oiAMXQH-KaaQ,1
UCvDwJBBY1mHK70aTEYl6rsA,UCgGqw4aqMdMVSGkKiMgrJRQ,1
UCvDwJBBY1mHK70aTEYl6rsA,UChyps3dqY-VY1_wLeq-2lhw,1
UCWWkebAekppaL5b5CNlppuw,UCHGd14aYuZZShLD73dkk6mg,1
UCjmPuazZJzscrwvk0QR9RVw,UC9xr9QvIcDvoZNUX5f-jaZw,1
UCjmPuazZJzscrwvk0QR9RVw,UC-hfX8J5JPJ-dfuakzegMLA,1
UCjmPuazZJzscrwvk0QR9RVw,UCipetjeiWj4CZB6EbyYziZg,1
UCjmPuazZJzscrwvk0QR9RVw,UCiGRBf2RNF0WRKhRVT7zFoA,1
UCjmPuazZJzscrwvk0QR9RVw,UCDPWkUX3sNNaCx-m1dV4glA,1
UCjmPuazZJzscrwvk0QR9RVw,UC8r11yOugM2NuRfitQOxLLg,1
UCjmPuazZJzscrwvk0QR9RVw,UCwha8rxULYMVtNwZWeSkE1A,1
UCjmPuazZJzscrwvk0QR9RVw,UCXXh7yg5KUFIWylTiKVEFKQ,1
UCjmPuazZJzscrwvk0QR9RVw,UCYN4wSQ1Sx4_LurxLlW7MPg,1
UCjmPuazZJzscrwvk0QR9RVw,UCsSXdJct-nsS8DsABoEsaYA,1
UCjmPuazZJzscrwvk0QR9RVw,UCSou6a2OuYGSvPjm5psquyA,1
UCjmPuazZJzscrwvk0QR9RVw,UCsJJAvrVGupdmhOqgtDp8dg,1
UCjmPuazZJzscrwvk0QR9RVw,UCGzXwyCzMzGmjmCbH3Hg01Q,1
UCjmPuazZJzscrwvk0QR9RVw,UC3E9mAgP7VoAE5mZoAexl5g,1
UCjmPuazZJzscrwvk0QR9RVw,UCB5p8a5gklc80jJItP6xTHg,1
UCjmPuazZJzscrwvk0QR9RVw,UCfM3nrxtTQMY5jFx1v1J4Gg,1
UCjmPuazZJzscrwvk0QR9RVw,UCFoIAE8k82D6AV-8gjjKaNg,1
UCjmPuazZJzscrwvk0QR9RVw,UCA93ym2TXs_Ibyxb4Vcn-6Q,1
UCjmPuazZJzscrwvk0QR9RVw,UCFxE8GbokBrBsPEKM1xrOjQ,1
UCjmPuazZJzscrwvk0QR9RVw,UCTD6q1nyIe3Y7HhqjaMj72w,1
UCjmPuazZJzscrwvk0QR9RVw,UCTP3O0rMnc8z8v8jaDQwL0w,1
UCjmPuazZJzscrwvk0QR9RVw,UCAmtbUiIrUIhikru0ZoTFig,1
UCjmPuazZJzscrwvk0QR9RVw,UCpl8rF8uv_8uui-QRvuJaRA,1
UCjmPuazZJzscrwvk0QR9RVw,UCsUCN0Yq_UyTvKjOJLmNrnQ,1
UCjmPuazZJzscrwvk0QR9RVw,UCjSKM9j0Q7HLDr1hD6D-TUw,1
UCjmPuazZJzscrwvk0QR9RVw,UCtNfIBnc5S5DbbQj_yxgJTw,1
UCjmPuazZJzscrwvk0QR9RVw,UCvApqeCbLod-wejtT4CcVuA,1
UCjmPuazZJzscrwvk0QR9RVw,UCrJn_rbo_ENAdeqneS-RmRw,1
UCjmPuazZJzscrwvk0QR9RVw,UCr1emrogPKkKTs_WTtx71xg,1
UCjmPuazZJzscrwvk0QR9RVw,UC4cXueR2bKGFJV0Fk76gwmA,1
UCjmPuazZJzscrwvk0QR9RVw,UCRETAiYdh2dL5ZxB0_N1zDA,1
UCjmPuazZJzscrwvk0QR9RVw,UCylqlpsh8ENNM1LqgQ1KbxA,1
UCjmPuazZJzscrwvk0QR9RVw,UC3NMzdMYryaw82kPTnsaljg,1
UCjmPuazZJzscrwvk0QR9RVw,UCsjs5Hp_r86x1xbK6FAeqaA,1
UCjmPuazZJzscrwvk0QR9RVw,UCp4iw5_5SmV9VGTFSNVGOmQ,1
UCjmPuazZJzscrwvk0QR9RVw,UCKDR0f2fu2UzWL8mBv5-BHw,1
UCjmPuazZJzscrwvk0QR9RVw,UC5bG9nc_JV3FsNP2KseQiYw,1
UCjmPuazZJzscrwvk0QR9RVw,UCDUffaruH6dyUnUGwsTKpgg,1
UCjmPuazZJzscrwvk0QR9RVw,UC2weSE8rpqkGMOp6StYtVfg,1
UCjmPuazZJzscrwvk0QR9RVw,UC650pRT-OYzny3GwOH8Cgfw,1
UCjmPuazZJzscrwvk0QR9RVw,UCl0ekS9Tt0jJGtOEM18S63w,1
UCjmPuazZJzscrwvk0QR9RVw,UCiMythXHsw7eQEMykCdmMUA,1
UCjmPuazZJzscrwvk0QR9RVw,UChZknRmJkeGeQk0-mQuhDOg,1
UCjmPuazZJzscrwvk0QR9RVw,UCmvOgzmmXbjUthHy-WJ52hQ,1
UCjmPuazZJzscrwvk0QR9RVw,UC-jS_kA9w-OmpupXDx156Rg,1
UCjmPuazZJzscrwvk0QR9RVw,UCXgr7vXlRrsaskPdo097kGA,1
UCipetjeiWj4CZB6EbyYziZg,UC9xr9QvIcDvoZNUX5f-jaZw,1
UCipetjeiWj4CZB6EbyYziZg,UC-hfX8J5JPJ-dfuakzegMLA,1
UCipetjeiWj4CZB6EbyYziZg,UCiGRBf2RNF0WRKhRVT7zFoA,1
UCipetjeiWj4CZB6EbyYziZg,UCDPWkUX3sNNaCx-m1dV4glA,1
UCipetjeiWj4CZB6EbyYziZg,UC8r11yOugM2NuRfitQOxLLg,1
UCipetjeiWj4CZB6EbyYziZg,UCwha8rxULYMVtNwZWeSkE1A,1
UCipetjeiWj4CZB6EbyYziZg,UCXXh7yg5KUFIWylTiKVEFKQ,1
UCipetjeiWj4CZB6EbyYziZg,UCYN4wSQ1Sx4_LurxLlW7MPg,1
UCipetjeiWj4CZB6EbyYziZg,UCsSXdJct-nsS8DsABoEsaYA,1
UCipetjeiWj4CZB6EbyYziZg,UCSou6a2OuYGSvPjm5psquyA,1
UCipetjeiWj4CZB6EbyYziZg,UCsJJAvrVGupdmhOqgtDp8dg,1
UCipetjeiWj4CZB6EbyYziZg,UCGzXwyCzMzGmjmCbH3Hg01Q,1
UCipetjeiWj4CZB6EbyYziZg,UC3E9mAgP7VoAE5mZoAexl5g,1
UCipetjeiWj4CZB6EbyYziZg,UCB5p8a5gklc80jJItP6xTHg,1
UCipetjeiWj4CZB6EbyYziZg,UCfM3nrxtTQMY5jFx1v1J4Gg,1
UCipetjeiWj4CZB6EbyYziZg,UCFoIAE8k82D6AV-8gjjKaNg,1
UCipetjeiWj4CZB6EbyYziZg,UCA93ym2TXs_Ibyxb4Vcn-6Q,1
UCipetjeiWj4CZB6EbyYziZg,UCFxE8GbokBrBsPEKM1xrOjQ,1
UCipetjeiWj4CZB6EbyYziZg,UCTD6q1nyIe3Y7HhqjaMj72w,1
UCipetjeiWj4CZB6EbyYziZg,UCTP3O0rMnc8z8v8jaDQwL0w,1
UCipetjeiWj4CZB6EbyYziZg,UCAmtbUiIrUIhikru0ZoTFig,1
UCipetjeiWj4CZB6EbyYziZg,UCpl8rF8uv_8uui-QRvuJaRA,1
UCipetjeiWj4CZB6EbyYziZg,UCsUCN0Yq_UyTvKjOJLmNrnQ,1
UCipetjeiWj4CZB6EbyYziZg,UCjSKM9j0Q7HLDr1hD6D-TUw,1
UCipetjeiWj4CZB6EbyYziZg,UCtNfIBnc5S5DbbQj_yxgJTw,1
UCipetjeiWj4CZB6EbyYziZg,UCvApqeCbLod-wejtT4CcVuA,1
UCipetjeiWj4CZB6EbyYziZg,UCrJn_rbo_ENAdeqneS-RmRw,1
UCipetjeiWj4CZB6EbyYziZg,UCr1emrogPKkKTs_WTtx71xg,1
UCipetjeiWj4CZB6EbyYziZg,UC4cXueR2bKGFJV0Fk76gwmA,1
UCipetjeiWj4CZB6EbyYziZg,UCRETAiYdh2dL5ZxB0_N1zDA,1
UCipetjeiWj4CZB6EbyYziZg,UCylqlpsh8ENNM1LqgQ1KbxA,1
UCipetjeiWj4CZB6EbyYziZg,UC3NMzdMYryaw82kPTnsaljg,1
UCipetjeiWj4CZB6EbyYziZg,UCsjs5Hp_r86x1xbK6FAeqaA,1
UCipetjeiWj4CZB6EbyYziZg,UCp4iw5_5SmV9VGTFSNVGOmQ,1
UCipetjeiWj4CZB6EbyYziZg,UCKDR0f2fu2UzWL8mBv5-BHw,1
UCipetjeiWj4CZB6EbyYziZg,UC5bG9nc_JV3FsNP2KseQiYw,1
UCipetjeiWj4CZB6EbyYziZg,UCDUffaruH6dyUnUGwsTKpgg,1
UCipetjeiWj4CZB6EbyYziZg,UC2weSE8rpqkGMOp6StYtVfg,1
UCipetjeiWj4CZB6EbyYziZg,UC650pRT-OYzny3GwOH8Cgfw,1
UCipetjeiWj4CZB6EbyYziZg,UCl0ekS9Tt0jJGtOEM18S63w,1
UCipetjeiWj4CZB6EbyYziZg,UCiMythXHsw7eQEMykCdmMUA,1
UCipetjeiWj4CZB6EbyYziZg,UChZknRmJkeGeQk0-mQuhDOg,1
UCipetjeiWj4CZB6EbyYziZg,UCmvOgzmmXbjUthHy-WJ52hQ,1
UCipetjeiWj4CZB6EbyYziZg,UC-jS_kA9w-OmpupXDx156Rg,1
UCipetjeiWj4CZB6EbyYziZg,UCXgr7vXlRrsaskPdo097kGA,1
UCZIQnb1fkwe39Iw2TAu-bGA,UCyW68EGZey4ao_Vf2cR5Ztg,1
UCZIQnb1fkwe39Iw2TAu-bGA,UCOARn3hnfkB7-_Rwa8Hoqcw,1
UCTP3O0rMnc8z8v8jaDQwL0w,UC9xr9QvIcDvoZNUX5f-jaZw,1
UCTP3O0rMnc8z8v8jaDQwL0w,UC-hfX8J5JPJ-dfuakzegMLA,1
UCTP3O0rMnc8z8v8jaDQwL0w,UCiGRBf2RNF0WRKhRVT7zFoA,1
UCTP3O0rMnc8z8v8jaDQwL0w,UCDPWkUX3sNNaCx-m1dV4glA,1
UCTP3O0rMnc8z8v8jaDQwL0w,UC8r11yOugM2NuRfitQOxLLg,1
UCTP3O0rMnc8z8v8jaDQwL0w,UCwha8rxULYMVtNwZWeSkE1A,1
UCTP3O0rMnc8z8v8jaDQwL0w,UCXXh7yg5KUFIWylTiKVEFKQ,1
UCTP3O0rMnc8z8v8jaDQwL0w,UCYN4wSQ1Sx4_LurxLlW7MPg,1
UCTP3O0rMnc8z8v8jaDQwL0w,UCsSXdJct-nsS8DsABoEsaYA,1
UCTP3O0rMnc8z8v8jaDQwL0w,UCSou6a2OuYGSvPjm5psquyA,1
UCTP3O0rMnc8z8v8jaDQwL0w,UCsJJAvrVGupdmhOqgtDp8dg,1
UCTP3O0rMnc8z8v8jaDQwL0w,UCGzXwyCzMzGmjmCbH3Hg01Q,1
UCTP3O0rMnc8z8v8jaDQwL0w,UC3E9mAgP7VoAE5mZoAexl5g,1
UCTP3O0rMnc8z8v8jaDQwL0w,UCB5p8a5gklc80jJItP6xTHg,1
UCTP3O0rMnc8z8v8jaDQwL0w,UCfM3nrxtTQMY5jFx1v1J4Gg,1
UCTP3O0rMnc8z8v8jaDQwL0w,UCFoIAE8k82D6AV-8gjjKaNg,1
UCTP3O0rMnc8z8v8jaDQwL0w,UCA93ym2TXs_Ibyxb4Vcn-6Q,1
UCTP3O0rMnc8z8v8jaDQwL0w,UCFxE8GbokBrBsPEKM1xrOjQ,1
UCTP3O0rMnc8z8v8jaDQwL0w,UCTD6q1nyIe3Y7HhqjaMj72w,1
UCTP3O0rMnc8z8v8jaDQwL0w,UCAmtbUiIrUIhikru0ZoTFig,1
UCTP3O0rMnc8z8v8jaDQwL0w,UCpl8rF8uv_8uui-QRvuJaRA,1
UCTP3O0rMnc8z8v8jaDQwL0w,UCsUCN0Yq_UyTvKjOJLmNrnQ,1
UCTP3O0rMnc8z8v8jaDQwL0w,UCjSKM9j0Q7HLDr1hD6D-TUw,1
UCTP3O0rMnc8z8v8jaDQwL0w,UCtNfIBnc5S5DbbQj_yxgJTw,1
UCTP3O0rMnc8z8v8jaDQwL0w,UCvApqeCbLod-wejtT4CcVuA,1
UCTP3O0rMnc8z8v8jaDQwL0w,UCrJn_rbo_ENAdeqneS-RmRw,1
UCTP3O0rMnc8z8v8jaDQwL0w,UCr1emrogPKkKTs_WTtx71xg,1
UCTP3O0rMnc8z8v8jaDQwL0w,UC4cXueR2bKGFJV0Fk76gwmA,1
UCTP3O0rMnc8z8v8jaDQwL0w,UCRETAiYdh2dL5ZxB0_N1zDA,1
UCTP3O0rMnc8z8v8jaDQwL0w,UCylqlpsh8ENNM1LqgQ1KbxA,1
UCTP3O0rMnc8z8v8jaDQwL0w,UC3NMzdMYryaw82kPTnsaljg,1
UCTP3O0rMnc8z8v8jaDQwL0w,UCsjs5Hp_r86x1xbK6FAeqaA,1
UCTP3O0rMnc8z8v8jaDQwL0w,UCp4iw5_5SmV9VGTFSNVGOmQ,1
UCTP3O0rMnc8z8v8jaDQwL0w,UCKDR0f2fu2UzWL8mBv5-BHw,1
UCTP3O0rMnc8z8v8jaDQwL0w,UC5bG9nc_JV3FsNP2KseQiYw,1
UCTP3O0rMnc8z8v8jaDQwL0w,UCDUffaruH6dyUnUGwsTKpgg,1
UCTP3O0rMnc8z8v8jaDQwL0w,UC2weSE8rpqkGMOp6StYtVfg,1
UCTP3O0rMnc8z8v8jaDQwL0w,UC650pRT-OYzny3GwOH8Cgfw,1
UCTP3O0rMnc8z8v8jaDQwL0w,UCl0ekS9Tt0jJGtOEM18S63w,1
UCTP3O0rMnc8z8v8jaDQwL0w,UCiMythXHsw7eQEMykCdmMUA,1
UCTP3O0rMnc8z8v8jaDQwL0w,UChZknRmJkeGeQk0-mQuhDOg,1
UCTP3O0rMnc8z8v8jaDQwL0w,UCmvOgzmmXbjUthHy-WJ52hQ,1
UCTP3O0rMnc8z8v8jaDQwL0w,UC-jS_kA9w-OmpupXDx156Rg,1
UCTP3O0rMnc8z8v8jaDQwL0w,UCXgr7vXlRrsaskPdo097kGA,1
UCsUCN0Yq_UyTvKjOJLmNrnQ,UC9xr9QvIcDvoZNUX5f-jaZw,1
UCsUCN0Yq_UyTvKjOJLmNrnQ,UC-hfX8J5JPJ-dfuakzegMLA,1
UCsUCN0Yq_UyTvKjOJLmNrnQ,UCiGRBf2RNF0WRKhRVT7zFoA,1
UCsUCN0Yq_UyTvKjOJLmNrnQ,UC094EFEmMSdwVa8NQjjYBXg,1
UCsUCN0Yq_UyTvKjOJLmNrnQ,UCDPWkUX3sNNaCx-m1dV4glA,1
UCsUCN0Yq_UyTvKjOJLmNrnQ,UC8r11yOugM2NuRfitQOxLLg,1
UCsUCN0Yq_UyTvKjOJLmNrnQ,UCwha8rxULYMVtNwZWeSkE1A,1
UCsUCN0Yq_UyTvKjOJLmNrnQ,UCXXh7yg5KUFIWylTiKVEFKQ,1
UCsUCN0Yq_UyTvKjOJLmNrnQ,UCYN4wSQ1Sx4_LurxLlW7MPg,1
UCsUCN0Yq_UyTvKjOJLmNrnQ,UCsSXdJct-nsS8DsABoEsaYA,1
UCsUCN0Yq_UyTvKjOJLmNrnQ,UCSou6a2OuYGSvPjm5psquyA,1
UCsUCN0Yq_UyTvKjOJLmNrnQ,UCsJJAvrVGupdmhOqgtDp8dg,1
UCsUCN0Yq_UyTvKjOJLmNrnQ,UCGzXwyCzMzGmjmCbH3Hg01Q,1
UCsUCN0Yq_UyTvKjOJLmNrnQ,UC5PrBbmUlQolwqmiru7yZhw,1
UCsUCN0Yq_UyTvKjOJLmNrnQ,UCGm3gRBEHGRJYmtCryZLtDw,1
UCsUCN0Yq_UyTvKjOJLmNrnQ,UC3E9mAgP7VoAE5mZoAexl5g,1
UCsUCN0Yq_UyTvKjOJLmNrnQ,UCB5p8a5gklc80jJItP6xTHg,1
UCsUCN0Yq_UyTvKjOJLmNrnQ,UCfM3nrxtTQMY5jFx1v1J4Gg,1
UCsUCN0Yq_UyTvKjOJLmNrnQ,UCFoIAE8k82D6AV-8gjjKaNg,1
UCsUCN0Yq_UyTvKjOJLmNrnQ,UCA93ym2TXs_Ibyxb4Vcn-6Q,1
UCsUCN0Yq_UyTvKjOJLmNrnQ,UCFxE8GbokBrBsPEKM1xrOjQ,1
UCsUCN0Yq_UyTvKjOJLmNrnQ,UCTD6q1nyIe3Y7HhqjaMj72w,1
UCsUCN0Yq_UyTvKjOJLmNrnQ,UCAmtbUiIrUIhikru0ZoTFig,1
UCsUCN0Yq_UyTvKjOJLmNrnQ,UCpl8rF8uv_8uui-QRvuJaRA,1
UCsUCN0Yq_UyTvKjOJLmNrnQ,UCjSKM9j0Q7HLDr1hD6D-TUw,1
UCsUCN0Yq_UyTvKjOJLmNrnQ,UCHu8x4MVkayU6VgwVKd--MQ,1
UCsUCN0Yq_UyTvKjOJLmNrnQ,UCtNfIBnc5S5DbbQj_yxgJTw,1
UCsUCN0Yq_UyTvKjOJLmNrnQ,UCvApqeCbLod-wejtT4CcVuA,1
UCsUCN0Yq_UyTvKjOJLmNrnQ,UCrJn_rbo_ENAdeqneS-RmRw,1
UCsUCN0Yq_UyTvKjOJLmNrnQ,UCr1emrogPKkKTs_WTtx71xg,1
UCsUCN0Yq_UyTvKjOJLmNrnQ,UC9Wp6vL5oCU37qC3Aj94WZA,1
UCsUCN0Yq_UyTvKjOJLmNrnQ,UC4cXueR2bKGFJV0Fk76gwmA,1
UCsUCN0Yq_UyTvKjOJLmNrnQ,UCRETAiYdh2dL5ZxB0_N1zDA,1
UCsUCN0Yq_UyTvKjOJLmNrnQ,UCylqlpsh8ENNM1LqgQ1KbxA,1
UCsUCN0Yq_UyTvKjOJLmNrnQ,UC3NMzdMYryaw82kPTnsaljg,1
UCsUCN0Yq_UyTvKjOJLmNrnQ,UCsjs5Hp_r86x1xbK6FAeqaA,1
UCsUCN0Yq_UyTvKjOJLmNrnQ,UCp4iw5_5SmV9VGTFSNVGOmQ,1
UCsUCN0Yq_UyTvKjOJLmNrnQ,UCKDR0f2fu2UzWL8mBv5-BHw,1
UCsUCN0Yq_UyTvKjOJLmNrnQ,UC5bG9nc_JV3FsNP2KseQiYw,1
UCsUCN0Yq_UyTvKjOJLmNrnQ,UCDUffaruH6dyUnUGwsTKpgg,1
UCsUCN0Yq_UyTvKjOJLmNrnQ,UC2weSE8rpqkGMOp6StYtVfg,1
UCsUCN0Yq_UyTvKjOJLmNrnQ,UC650pRT-OYzny3GwOH8Cgfw,1
UCsUCN0Yq_UyTvKjOJLmNrnQ,UCl0ekS9Tt0jJGtOEM18S63w,1
UCsUCN0Yq_UyTvKjOJLmNrnQ,UCiMythXHsw7eQEMykCdmMUA,1
UCsUCN0Yq_UyTvKjOJLmNrnQ,UChZknRmJkeGeQk0-mQuhDOg,1
UCsUCN0Yq_UyTvKjOJLmNrnQ,UCmvOgzmmXbjUthHy-WJ52hQ,1
UCsUCN0Yq_UyTvKjOJLmNrnQ,UC-jS_kA9w-OmpupXDx156Rg,1
UCsUCN0Yq_UyTvKjOJLmNrnQ,UCXgr7vXlRrsaskPdo097kGA,1
UC3UVO7pTbeYvZ3ILEyRDskQ,UCDrmf9y9nLgFY5wnA2hTuGA,1
UC3UVO7pTbeYvZ3ILEyRDskQ,UC-fiZBS5Gp1eCJd9ucgWnCg,1
UC3UVO7pTbeYvZ3ILEyRDskQ,UCCBYcToQ2dwkd6TJh0FSyDg,1
UC3UVO7pTbeYvZ3ILEyRDskQ,UCQqlPPUGqAfWjd-FSh_qn7Q,1
UC3UVO7pTbeYvZ3ILEyRDskQ,UCUoYsrx1oZnCZ0usbBJn4fA,1
UC3UVO7pTbeYvZ3ILEyRDskQ,UC_LYoGs5C3mbZKZuKuqYCvw,1
UC3UVO7pTbeYvZ3ILEyRDskQ,UCRvPToDkkumha7WJAfCDk1A,1
UC3UVO7pTbeYvZ3ILEyRDskQ,UCu8_3-Wg-YzNyvHYQDEscfw,1
UC3UVO7pTbeYvZ3ILEyRDskQ,UCylqlpsh8ENNM1LqgQ1KbxA,1
UC3UVO7pTbeYvZ3ILEyRDskQ,UC32oozucwCF3q8d4m8fyOUg,1
UC3UVO7pTbeYvZ3ILEyRDskQ,UCW-JC6lebVmf2P1dmY_L94g,1
UC3UVO7pTbeYvZ3ILEyRDskQ,UCAKuKvcbfnBD3kF5njNu-IA,1
UC3UVO7pTbeYvZ3ILEyRDskQ,UCgJNFj5dnxXpcMvmuhZDPxA,1
UC3UVO7pTbeYvZ3ILEyRDskQ,UCWoAVGVqCn4xtINCMOTM4jg,1
UC3UVO7pTbeYvZ3ILEyRDskQ,UCe8JZoYkX5oKUZyivHYdXhw,1
UC3UVO7pTbeYvZ3ILEyRDskQ,UClhMWQ7XKWywYvbRnuf8QsA,1
UC3UVO7pTbeYvZ3ILEyRDskQ,UC7dadZG7kkGYnsNu6td0FbA,1
UC3UVO7pTbeYvZ3ILEyRDskQ,UCsGoJEvb-cFPZ2rWoJcXzEQ,1
UC3UVO7pTbeYvZ3ILEyRDskQ,UCHbwIx9pmQuf7i-4_xO2EpA,1
UC3UVO7pTbeYvZ3ILEyRDskQ,UCW80DaMjQlEUibC98Cot-Dg,1
UCuP4UK33HKtJE_S39ksmaTw,UCPZueDLrCS4BmTBRMA4q0fA,1
UCuP4UK33HKtJE_S39ksmaTw,UCf5lnNZF7Qrtli9v4N_23WQ,1
UCuP4UK33HKtJE_S39ksmaTw,UCg3eIfd7BrsLEqS0BLkftHA,1
UCuP4UK33HKtJE_S39ksmaTw,UCusjriFsDHEc2AOjqk-p5ig,1
UCuP4UK33HKtJE_S39ksmaTw,UCbYoNG5J3Au5BqtbXogfEFw,1
UCuP4UK33HKtJE_S39ksmaTw,UC8xlJWNHz1V_W6q3fbuQH8g,1
UCuP4UK33HKtJE_S39ksmaTw,UClsrFGJKWPxxw7MiaEdKLXw,1
UCuP4UK33HKtJE_S39ksmaTw,UCAV7QIjYhbDJaycQycM_0eQ,1
UCuP4UK33HKtJE_S39ksmaTw,UCgQJgI9vu1FI2dnC9mrFthw,1
UCuP4UK33HKtJE_S39ksmaTw,UCVQf0tzL7xRzFJsABVVULpg,1
UCuP4UK33HKtJE_S39ksmaTw,UCGX_UbAQOXGZknv5iqklwTA,1
UCuP4UK33HKtJE_S39ksmaTw,UCtNyHmRZtvGF2hSvI2dUBWw,1
UClsrFGJKWPxxw7MiaEdKLXw,UCPZueDLrCS4BmTBRMA4q0fA,1
UClsrFGJKWPxxw7MiaEdKLXw,UCf5lnNZF7Qrtli9v4N_23WQ,1
UClsrFGJKWPxxw7MiaEdKLXw,UCg3eIfd7BrsLEqS0BLkftHA,1
UClsrFGJKWPxxw7MiaEdKLXw,UCusjriFsDHEc2AOjqk-p5ig,1
UClsrFGJKWPxxw7MiaEdKLXw,UCbYoNG5J3Au5BqtbXogfEFw,1
UClsrFGJKWPxxw7MiaEdKLXw,UC8xlJWNHz1V_W6q3fbuQH8g,1
UClsrFGJKWPxxw7MiaEdKLXw,UCAV7QIjYhbDJaycQycM_0eQ,1
UClsrFGJKWPxxw7MiaEdKLXw,UCgQJgI9vu1FI2dnC9mrFthw,1
UClsrFGJKWPxxw7MiaEdKLXw,UCVQf0tzL7xRzFJsABVVULpg,1
UClsrFGJKWPxxw7MiaEdKLXw,UCGX_UbAQOXGZknv5iqklwTA,1
UClsrFGJKWPxxw7MiaEdKLXw,UCtNyHmRZtvGF2hSvI2dUBWw,1
UCg3eIfd7BrsLEqS0BLkftHA,UCPZueDLrCS4BmTBRMA4q0fA,1
UCg3eIfd7BrsLEqS0BLkftHA,UCf5lnNZF7Qrtli9v4N_23WQ,1
UCg3eIfd7BrsLEqS0BLkftHA,UCusjriFsDHEc2AOjqk-p5ig,1
UCg3eIfd7BrsLEqS0BLkftHA,UCbYoNG5J3Au5BqtbXogfEFw,1
UCg3eIfd7BrsLEqS0BLkftHA,UC8xlJWNHz1V_W6q3fbuQH8g,1
UCg3eIfd7BrsLEqS0BLkftHA,UCAV7QIjYhbDJaycQycM_0eQ,1
UCg3eIfd7BrsLEqS0BLkftHA,UCgQJgI9vu1FI2dnC9mrFthw,1
UCg3eIfd7BrsLEqS0BLkftHA,UCVQf0tzL7xRzFJsABVVULpg,1
UCg3eIfd7BrsLEqS0BLkftHA,UCGX_UbAQOXGZknv5iqklwTA,1
UCg3eIfd7BrsLEqS0BLkftHA,UCtNyHmRZtvGF2hSvI2dUBWw,1
UCq3mDTTRZnUybct5M9OSXbg,UCIXLDYqR_syskKRJy_x9W9Q,1
UCq3mDTTRZnUybct5M9OSXbg,UCXN2s7DwTJm33xO-pNkAdaA,1
UCq3mDTTRZnUybct5M9OSXbg,UCwCfs-2zbD5k0lG-UVg_JBw,1
UCGzXwyCzMzGmjmCbH3Hg01Q,UC9xr9QvIcDvoZNUX5f-jaZw,1
UCGzXwyCzMzGmjmCbH3Hg01Q,UC-hfX8J5JPJ-dfuakzegMLA,1
UCGzXwyCzMzGmjmCbH3Hg01Q,UCiGRBf2RNF0WRKhRVT7zFoA,1
UCGzXwyCzMzGmjmCbH3Hg01Q,UCDPWkUX3sNNaCx-m1dV4glA,1
UCGzXwyCzMzGmjmCbH3Hg01Q,UC8r11yOugM2NuRfitQOxLLg,1
UCGzXwyCzMzGmjmCbH3Hg01Q,UCwha8rxULYMVtNwZWeSkE1A,1
UCGzXwyCzMzGmjmCbH3Hg01Q,UCXXh7yg5KUFIWylTiKVEFKQ,1
UCGzXwyCzMzGmjmCbH3Hg01Q,UCYN4wSQ1Sx4_LurxLlW7MPg,1
UCGzXwyCzMzGmjmCbH3Hg01Q,UCsSXdJct-nsS8DsABoEsaYA,1
UCGzXwyCzMzGmjmCbH3Hg01Q,UCSou6a2OuYGSvPjm5psquyA,1
UCGzXwyCzMzGmjmCbH3Hg01Q,UCsJJAvrVGupdmhOqgtDp8dg,1
UCGzXwyCzMzGmjmCbH3Hg01Q,UC3E9mAgP7VoAE5mZoAexl5g,1
UCGzXwyCzMzGmjmCbH3Hg01Q,UCB5p8a5gklc80jJItP6xTHg,1
UCGzXwyCzMzGmjmCbH3Hg01Q,UCfM3nrxtTQMY5jFx1v1J4Gg,1
UCGzXwyCzMzGmjmCbH3Hg01Q,UCFoIAE8k82D6AV-8gjjKaNg,1
UCGzXwyCzMzGmjmCbH3Hg01Q,UCA93ym2TXs_Ibyxb4Vcn-6Q,1
UCGzXwyCzMzGmjmCbH3Hg01Q,UCFxE8GbokBrBsPEKM1xrOjQ,1
UCGzXwyCzMzGmjmCbH3Hg01Q,UCTD6q1nyIe3Y7HhqjaMj72w,1
UCGzXwyCzMzGmjmCbH3Hg01Q,UCAmtbUiIrUIhikru0ZoTFig,1
UCGzXwyCzMzGmjmCbH3Hg01Q,UCpl8rF8uv_8uui-QRvuJaRA,1
UCGzXwyCzMzGmjmCbH3Hg01Q,UCjSKM9j0Q7HLDr1hD6D-TUw,1
UCGzXwyCzMzGmjmCbH3Hg01Q,UCtNfIBnc5S5DbbQj_yxgJTw,1
UCGzXwyCzMzGmjmCbH3Hg01Q,UCvApqeCbLod-wejtT4CcVuA,1
UCGzXwyCzMzGmjmCbH3Hg01Q,UCrJn_rbo_ENAdeqneS-RmRw,1
UCGzXwyCzMzGmjmCbH3Hg01Q,UCr1emrogPKkKTs_WTtx71xg,1
UCGzXwyCzMzGmjmCbH3Hg01Q,UC4cXueR2bKGFJV0Fk76gwmA,1
UCGzXwyCzMzGmjmCbH3Hg01Q,UCRETAiYdh2dL5ZxB0_N1zDA,1
UCGzXwyCzMzGmjmCbH3Hg01Q,UCylqlpsh8ENNM1LqgQ1KbxA,1
UCGzXwyCzMzGmjmCbH3Hg01Q,UC3NMzdMYryaw82kPTnsaljg,1
UCGzXwyCzMzGmjmCbH3Hg01Q,UCsjs5Hp_r86x1xbK6FAeqaA,1
UCGzXwyCzMzGmjmCbH3Hg01Q,UCp4iw5_5SmV9VGTFSNVGOmQ,1
UCGzXwyCzMzGmjmCbH3Hg01Q,UCKDR0f2fu2UzWL8mBv5-BHw,1
UCGzXwyCzMzGmjmCbH3Hg01Q,UC5bG9nc_JV3FsNP2KseQiYw,1
UCGzXwyCzMzGmjmCbH3Hg01Q,UCDUffaruH6dyUnUGwsTKpgg,1
UCGzXwyCzMzGmjmCbH3Hg01Q,UC2weSE8rpqkGMOp6StYtVfg,1
UCGzXwyCzMzGmjmCbH3Hg01Q,UC650pRT-OYzny3GwOH8Cgfw,1
UCGzXwyCzMzGmjmCbH3Hg01Q,UCl0ekS9Tt0jJGtOEM18S63w,1
UCGzXwyCzMzGmjmCbH3Hg01Q,UCiMythXHsw7eQEMykCdmMUA,1
UCGzXwyCzMzGmjmCbH3Hg01Q,UChZknRmJkeGeQk0-mQuhDOg,1
UCGzXwyCzMzGmjmCbH3Hg01Q,UCmvOgzmmXbjUthHy-WJ52hQ,1
UCGzXwyCzMzGmjmCbH3Hg01Q,UC-jS_kA9w-OmpupXDx156Rg,1
UCGzXwyCzMzGmjmCbH3Hg01Q,UCXgr7vXlRrsaskPdo097kGA,1
UC0HvfEWozTHbwl_iEmJNvVA,UCRfkkatKrNtAARnXMMYBGlA,1
UC0HvfEWozTHbwl_iEmJNvVA,UCa36MjQLoPAmgJo-R3G8WQA,1
UC0HvfEWozTHbwl_iEmJNvVA,UC1NiEdJ7gk6FlDexIalWnGg,1
UC0HvfEWozTHbwl_iEmJNvVA,UC3YpzAr7pcdKC7BVFEpYzog,1
UC0HvfEWozTHbwl_iEmJNvVA,UC14qlobYKqD-DO0j6b75lcA,1
UC0HvfEWozTHbwl_iEmJNvVA,UC-Iul5tDYH_oiAMXQH-KaaQ,1
UC0HvfEWozTHbwl_iEmJNvVA,UCgGqw4aqMdMVSGkKiMgrJRQ,1
UC0HvfEWozTHbwl_iEmJNvVA,UChyps3dqY-VY1_wLeq-2lhw,1
UC14qlobYKqD-DO0j6b75lcA,UCRfkkatKrNtAARnXMMYBGlA,1
UC14qlobYKqD-DO0j6b75lcA,UCa36MjQLoPAmgJo-R3G8WQA,1
UC14qlobYKqD-DO0j6b75lcA,UC1NiEdJ7gk6FlDexIalWnGg,1
UC14qlobYKqD-DO0j6b75lcA,UC3YpzAr7pcdKC7BVFEpYzog,1
UC14qlobYKqD-DO0j6b75lcA,UC-Iul5tDYH_oiAMXQH-KaaQ,1
UC14qlobYKqD-DO0j6b75lcA,UCgGqw4aqMdMVSGkKiMgrJRQ,1
UC14qlobYKqD-DO0j6b75lcA,UChyps3dqY-VY1_wLeq-2lhw,1
UCiGRBf2RNF0WRKhRVT7zFoA,UC9xr9QvIcDvoZNUX5f-jaZw,1
UCiGRBf2RNF0WRKhRVT7zFoA,UC-hfX8J5JPJ-dfuakzegMLA,1
UCiGRBf2RNF0WRKhRVT7zFoA,UCDPWkUX3sNNaCx-m1dV4glA,1
UCiGRBf2RNF0WRKhRVT7zFoA,UC8r11yOugM2NuRfitQOxLLg,1
UCiGRBf2RNF0WRKhRVT7zFoA,UCwha8rxULYMVtNwZWeSkE1A,1
UCiGRBf2RNF0WRKhRVT7zFoA,UCXXh7yg5KUFIWylTiKVEFKQ,1
UCiGRBf2RNF0WRKhRVT7zFoA,UCYN4wSQ1Sx4_LurxLlW7MPg,1
UCiGRBf2RNF0WRKhRVT7zFoA,UCsSXdJct-nsS8DsABoEsaYA,1
UCiGRBf2RNF0WRKhRVT7zFoA,UCSou6a2OuYGSvPjm5psquyA,1
UCiGRBf2RNF0WRKhRVT7zFoA,UCsJJAvrVGupdmhOqgtDp8dg,1
UCiGRBf2RNF0WRKhRVT7zFoA,UC3E9mAgP7VoAE5mZoAexl5g,1
UCiGRBf2RNF0WRKhRVT7zFoA,UCB5p8a5gklc80jJItP6xTHg,1
UCiGRBf2RNF0WRKhRVT7zFoA,UCfM3nrxtTQMY5jFx1v1J4Gg,1
UCiGRBf2RNF0WRKhRVT7zFoA,UCFoIAE8k82D6AV-8gjjKaNg,1
UCiGRBf2RNF0WRKhRVT7zFoA,UCA93ym2TXs_Ibyxb4Vcn-6Q,1
UCiGRBf2RNF0WRKhRVT7zFoA,UCFxE8GbokBrBsPEKM1xrOjQ,1
UCiGRBf2RNF0WRKhRVT7zFoA,UCTD6q1nyIe3Y7HhqjaMj72w,1
UCiGRBf2RNF0WRKhRVT7zFoA,UCAmtbUiIrUIhikru0ZoTFig,1
UCiGRBf2RNF0WRKhRVT7zFoA,UCpl8rF8uv_8uui-QRvuJaRA,1
UCiGRBf2RNF0WRKhRVT7zFoA,UCjSKM9j0Q7HLDr1hD6D-TUw,1
UCiGRBf2RNF0WRKhRVT7zFoA,UCtNfIBnc5S5DbbQj_yxgJTw,1
UCiGRBf2RNF0WRKhRVT7zFoA,UCvApqeCbLod-wejtT4CcVuA,1
UCiGRBf2RNF0WRKhRVT7zFoA,UCrJn_rbo_ENAdeqneS-RmRw,1
UCiGRBf2RNF0WRKhRVT7zFoA,UCr1emrogPKkKTs_WTtx71xg,1
UCiGRBf2RNF0WRKhRVT7zFoA,UC4cXueR2bKGFJV0Fk76gwmA,1
UCiGRBf2RNF0WRKhRVT7zFoA,UCRETAiYdh2dL5ZxB0_N1zDA,1
UCiGRBf2RNF0WRKhRVT7zFoA,UCylqlpsh8ENNM1LqgQ1KbxA,1
UCiGRBf2RNF0WRKhRVT7zFoA,UC3NMzdMYryaw82kPTnsaljg,1
UCiGRBf2RNF0WRKhRVT7zFoA,UCsjs5Hp_r86x1xbK6FAeqaA,1
UCiGRBf2RNF0WRKhRVT7zFoA,UCp4iw5_5SmV9VGTFSNVGOmQ,1
UCiGRBf2RNF0WRKhRVT7zFoA,UCKDR0f2fu2UzWL8mBv5-BHw,1
UCiGRBf2RNF0WRKhRVT7zFoA,UC5bG9nc_JV3FsNP2KseQiYw,1
UCiGRBf2RNF0WRKhRVT7zFoA,UCDUffaruH6dyUnUGwsTKpgg,1
UCiGRBf2RNF0WRKhRVT7zFoA,UC2weSE8rpqkGMOp6StYtVfg,1
UCiGRBf2RNF0WRKhRVT7zFoA,UC650pRT-OYzny3GwOH8Cgfw,1
UCiGRBf2RNF0WRKhRVT7zFoA,UCl0ekS9Tt0jJGtOEM18S63w,1
UCiGRBf2RNF0WRKhRVT7zFoA,UCiMythXHsw7eQEMykCdmMUA,1
UCiGRBf2RNF0WRKhRVT7zFoA,UChZknRmJkeGeQk0-mQuhDOg,1
UCiGRBf2RNF0WRKhRVT7zFoA,UCmvOgzmmXbjUthHy-WJ52hQ,1
UCiGRBf2RNF0WRKhRVT7zFoA,UC-jS_kA9w-OmpupXDx156Rg,1
UCiGRBf2RNF0WRKhRVT7zFoA,UCXgr7vXlRrsaskPdo097kGA,1
UCa36MjQLoPAmgJo-R3G8WQA,UCRfkkatKrNtAARnXMMYBGlA,1
UCa36MjQLoPAmgJo-R3G8WQA,UC1NiEdJ7gk6FlDexIalWnGg,1
UCa36MjQLoPAmgJo-R3G8WQA,UC3YpzAr7pcdKC7BVFEpYzog,1
UCa36MjQLoPAmgJo-R3G8WQA,UC-Iul5tDYH_oiAMXQH-KaaQ,1
UCa36MjQLoPAmgJo-R3G8WQA,UCgGqw4aqMdMVSGkKiMgrJRQ,1
UCa36MjQLoPAmgJo-R3G8WQA,UChyps3dqY-VY1_wLeq-2lhw,1
UC3YpzAr7pcdKC7BVFEpYzog,UCRfkkatKrNtAARnXMMYBGlA,1
UC3YpzAr7pcdKC7BVFEpYzog,UC1NiEdJ7gk6FlDexIalWnGg,1
UC3YpzAr7pcdKC7BVFEpYzog,UC-Iul5tDYH_oiAMXQH-KaaQ,1
UC3YpzAr7pcdKC7BVFEpYzog,UCgGqw4aqMdMVSGkKiMgrJRQ,1
UC3YpzAr7pcdKC7BVFEpYzog,UChyps3dqY-VY1_wLeq-2lhw,1
UCQqlPPUGqAfWjd-FSh_qn7Q,UCDrmf9y9nLgFY5wnA2hTuGA,1
UCQqlPPUGqAfWjd-FSh_qn7Q,UC-fiZBS5Gp1eCJd9ucgWnCg,1
UCQqlPPUGqAfWjd-FSh_qn7Q,UCCBYcToQ2dwkd6TJh0FSyDg,1
UCQqlPPUGqAfWjd-FSh_qn7Q,UCUoYsrx1oZnCZ0usbBJn4fA,1
UCQqlPPUGqAfWjd-FSh_qn7Q,UC_LYoGs5C3mbZKZuKuqYCvw,1
UCQqlPPUGqAfWjd-FSh_qn7Q,UCRvPToDkkumha7WJAfCDk1A,1
UCQqlPPUGqAfWjd-FSh_qn7Q,UCu8_3-Wg-YzNyvHYQDEscfw,1
UCQqlPPUGqAfWjd-FSh_qn7Q,UCylqlpsh8ENNM1LqgQ1KbxA,1
UCQqlPPUGqAfWjd-FSh_qn7Q,UC32oozucwCF3q8d4m8fyOUg,1
UCQqlPPUGqAfWjd-FSh_qn7Q,UCW-JC6lebVmf2P1dmY_L94g,1
UCQqlPPUGqAfWjd-FSh_qn7Q,UCAKuKvcbfnBD3kF5njNu-IA,1
UCQqlPPUGqAfWjd-FSh_qn7Q,UCgJNFj5dnxXpcMvmuhZDPxA,1
UCQqlPPUGqAfWjd-FSh_qn7Q,UCWoAVGVqCn4xtINCMOTM4jg,1
UCQqlPPUGqAfWjd-FSh_qn7Q,UCe8JZoYkX5oKUZyivHYdXhw,1
UCQqlPPUGqAfWjd-FSh_qn7Q,UClhMWQ7XKWywYvbRnuf8QsA,1
UCQqlPPUGqAfWjd-FSh_qn7Q,UC7dadZG7kkGYnsNu6td0FbA,1
UCQqlPPUGqAfWjd-FSh_qn7Q,UCsGoJEvb-cFPZ2rWoJcXzEQ,1
UCQqlPPUGqAfWjd-FSh_qn7Q,UCHbwIx9pmQuf7i-4_xO2EpA,1
UCQqlPPUGqAfWjd-FSh_qn7Q,UCW80DaMjQlEUibC98Cot-Dg,1
UC8r11yOugM2NuRfitQOxLLg,UC9xr9QvIcDvoZNUX5f-jaZw,1
UC8r11yOugM2NuRfitQOxLLg,UC-hfX8J5JPJ-dfuakzegMLA,1
UC8r11yOugM2NuRfitQOxLLg,UCDPWkUX3sNNaCx-m1dV4glA,1
UC8r11yOugM2NuRfitQOxLLg,UCwha8rxULYMVtNwZWeSkE1A,1
UC8r11yOugM2NuRfitQOxLLg,UCXXh7yg5KUFIWylTiKVEFKQ,1
UC8r11yOugM2NuRfitQOxLLg,UCYN4wSQ1Sx4_LurxLlW7MPg,1
UC8r11yOugM2NuRfitQOxLLg,UCsSXdJct-nsS8DsABoEsaYA,1
UC8r11yOugM2NuRfitQOxLLg,UCSou6a2OuYGSvPjm5psquyA,1
UC8r11yOugM2NuRfitQOxLLg,UCsJJAvrVGupdmhOqgtDp8dg,1
UC8r11yOugM2NuRfitQOxLLg,UC3E9mAgP7VoAE5mZoAexl5g,1
UC8r11yOugM2NuRfitQOxLLg,UCB5p8a5gklc80jJItP6xTHg,1
UC8r11yOugM2NuRfitQOxLLg,UCfM3nrxtTQMY5jFx1v1J4Gg,1
UC8r11yOugM2NuRfitQOxLLg,UCFoIAE8k82D6AV-8gjjKaNg,1
UC8r11yOugM2NuRfitQOxLLg,UCA93ym2TXs_Ibyxb4Vcn-6Q,1
UC8r11yOugM2NuRfitQOxLLg,UCFxE8GbokBrBsPEKM1xrOjQ,1
UC8r11yOugM2NuRfitQOxLLg,UCTD6q1nyIe3Y7HhqjaMj72w,1
UC8r11yOugM2NuRfitQOxLLg,UCAmtbUiIrUIhikru0ZoTFig,1
UC8r11yOugM2NuRfitQOxLLg,UCpl8rF8uv_8uui-QRvuJaRA,1
UC8r11yOugM2NuRfitQOxLLg,UCjSKM9j0Q7HLDr1hD6D-TUw,1
UC8r11yOugM2NuRfitQOxLLg,UCtNfIBnc5S5DbbQj_yxgJTw,1
UC8r11yOugM2NuRfitQOxLLg,UCvApqeCbLod-wejtT4CcVuA,1
UC8r11yOugM2NuRfitQOxLLg,UCrJn_rbo_ENAdeqneS-RmRw,1
UC8r11yOugM2NuRfitQOxLLg,UCr1emrogPKkKTs_WTtx71xg,1
UC8r11yOugM2NuRfitQOxLLg,UC4cXueR2bKGFJV0Fk76gwmA,1
UC8r11yOugM2NuRfitQOxLLg,UCRETAiYdh2dL5ZxB0_N1zDA,1
UC8r11yOugM2NuRfitQOxLLg,UCylqlpsh8ENNM1LqgQ1KbxA,1
UC8r11yOugM2NuRfitQOxLLg,UC3NMzdMYryaw82kPTnsaljg,1
UC8r11yOugM2NuRfitQOxLLg,UCsjs5Hp_r86x1xbK6FAeqaA,1
UC8r11yOugM2NuRfitQOxLLg,UCp4iw5_5SmV9VGTFSNVGOmQ,1
UC8r11yOugM2NuRfitQOxLLg,UCKDR0f2fu2UzWL8mBv5-BHw,1
UC8r11yOugM2NuRfitQOxLLg,UC5bG9nc_JV3FsNP2KseQiYw,1
UC8r11yOugM2NuRfitQOxLLg,UCDUffaruH6dyUnUGwsTKpgg,1
UC8r11yOugM2NuRfitQOxLLg,UC2weSE8rpqkGMOp6StYtVfg,1
UC8r11yOugM2NuRfitQOxLLg,UC650pRT-OYzny3GwOH8Cgfw,1
UC8r11yOugM2NuRfitQOxLLg,UCl0ekS9Tt0jJGtOEM18S63w,1
UC8r11yOugM2NuRfitQOxLLg,UCiMythXHsw7eQEMykCdmMUA,1
UC8r11yOugM2NuRfitQOxLLg,UChZknRmJkeGeQk0-mQuhDOg,1
UC8r11yOugM2NuRfitQOxLLg,UCmvOgzmmXbjUthHy-WJ52hQ,1
UC8r11yOugM2NuRfitQOxLLg,UC-jS_kA9w-OmpupXDx156Rg,1
UC8r11yOugM2NuRfitQOxLLg,UCXgr7vXlRrsaskPdo097kGA,1
UCusjriFsDHEc2AOjqk-p5ig,UCPZueDLrCS4BmTBRMA4q0fA,1
UCusjriFsDHEc2AOjqk-p5ig,UCf5lnNZF7Qrtli9v4N_23WQ,1
UCusjriFsDHEc2AOjqk-p5ig,UCbYoNG5J3Au5BqtbXogfEFw,1
UCusjriFsDHEc2AOjqk-p5ig,UC8xlJWNHz1V_W6q3fbuQH8g,1
UCusjriFsDHEc2AOjqk-p5ig,UCAV7QIjYhbDJaycQycM_0eQ,1
UCusjriFsDHEc2AOjqk-p5ig,UCgQJgI9vu1FI2dnC9mrFthw,1
UCusjriFsDHEc2AOjqk-p5ig,UCVQf0tzL7xRzFJsABVVULpg,1
UCusjriFsDHEc2AOjqk-p5ig,UCGX_UbAQOXGZknv5iqklwTA,1
UCusjriFsDHEc2AOjqk-p5ig,UCtNyHmRZtvGF2hSvI2dUBWw,1
UC5fvhAfm89JH8eDFdvc0xYw,UCHMQ_lDhibZ-XZ_3fo6oxwg,1
UC5fvhAfm89JH8eDFdvc0xYw,UCaT6M2zp7X6r6Whd8Vv3kHQ,1
UC5fvhAfm89JH8eDFdvc0xYw,UC0aEyakBPqcBkVJiErfSupQ,1
UC5fvhAfm89JH8eDFdvc0xYw,UCi-vPdnpQreC7BkFs40mJGA,1
UC5fvhAfm89JH8eDFdvc0xYw,UCRznz9-N3Qc1w-qNdLSIY2Q,1
UC5fvhAfm89JH8eDFdvc0xYw,UCIp19h9igblA2YKfSLPDAug,1
UC5fvhAfm89JH8eDFdvc0xYw,UCRcSR3Lvn9DZAmJpVPANfZQ,1
UC5fvhAfm89JH8eDFdvc0xYw,UCGqKxQS-z3NZzZF-2w338AA,1
UC5fvhAfm89JH8eDFdvc0xYw,UCs_5qeqdku9tGAq22y3OcuQ,1
UC5fvhAfm89JH8eDFdvc0xYw,UCwUAv3_LpWVtTIi7lkmTL7A,1
UC5fvhAfm89JH8eDFdvc0xYw,UCyzf29IYjNw67gGIfsjgtxA,1
UC5fvhAfm89JH8eDFdvc0xYw,UCgLrWFdYitoP-b7-PxtUr-w,1
UC5fvhAfm89JH8eDFdvc0xYw,UCY7Hq7F9Lnucf-Yr6JkHZNw,1
UC5fvhAfm89JH8eDFdvc0xYw,UCtMBF_1O2jY2INlb_luuB_A,1
UCAV7QIjYhbDJaycQycM_0eQ,UCPZueDLrCS4BmTBRMA4q0fA,1
UCAV7QIjYhbDJaycQycM_0eQ,UCf5lnNZF7Qrtli9v4N_23WQ,1
UCAV7QIjYhbDJaycQycM_0eQ,UCbYoNG5J3Au5BqtbXogfEFw,1
UCAV7QIjYhbDJaycQycM_0eQ,UC8xlJWNHz1V_W6q3fbuQH8g,1
UCAV7QIjYhbDJaycQycM_0eQ,UCgQJgI9vu1FI2dnC9mrFthw,1
UCAV7QIjYhbDJaycQycM_0eQ,UCVQf0tzL7xRzFJsABVVULpg,1
UCAV7QIjYhbDJaycQycM_0eQ,UCGX_UbAQOXGZknv5iqklwTA,1
UCAV7QIjYhbDJaycQycM_0eQ,UCtNyHmRZtvGF2hSvI2dUBWw,1
UC3E9mAgP7VoAE5mZoAexl5g,UC9xr9QvIcDvoZNUX5f-jaZw,1
UC3E9mAgP7VoAE5mZoAexl5g,UC-hfX8J5JPJ-dfuakzegMLA,1
UC3E9mAgP7VoAE5mZoAexl5g,UCDPWkUX3sNNaCx-m1dV4glA,1
UC3E9mAgP7VoAE5mZoAexl5g,UCwha8rxULYMVtNwZWeSkE1A,1
UC3E9mAgP7VoAE5mZoAexl5g,UCXXh7yg5KUFIWylTiKVEFKQ,1
UC3E9mAgP7VoAE5mZoAexl5g,UCYN4wSQ1Sx4_LurxLlW7MPg,1
UC3E9mAgP7VoAE5mZoAexl5g,UCsSXdJct-nsS8DsABoEsaYA,1
UC3E9mAgP7VoAE5mZoAexl5g,UCSou6a2OuYGSvPjm5psquyA,1
UC3E9mAgP7VoAE5mZoAexl5g,UCsJJAvrVGupdmhOqgtDp8dg,1
UC3E9mAgP7VoAE5mZoAexl5g,UCB5p8a5gklc80jJItP6xTHg,1
UC3E9mAgP7VoAE5mZoAexl5g,UCfM3nrxtTQMY5jFx1v1J4Gg,1
UC3E9mAgP7VoAE5mZoAexl5g,UCFoIAE8k82D6AV-8gjjKaNg,1
UC3E9mAgP7VoAE5mZoAexl5g,UCA93ym2TXs_Ibyxb4Vcn-6Q,1
UC3E9mAgP7VoAE5mZoAexl5g,UCFxE8GbokBrBsPEKM1xrOjQ,1
UC3E9mAgP7VoAE5mZoAexl5g,UCTD6q1nyIe3Y7HhqjaMj72w,1
UC3E9mAgP7VoAE5mZoAexl5g,UCAmtbUiIrUIhikru0ZoTFig,1
UC3E9mAgP7VoAE5mZoAexl5g,UCpl8rF8uv_8uui-QRvuJaRA,1
UC3E9mAgP7VoAE5mZoAexl5g,UCjSKM9j0Q7HLDr1hD6D-TUw,1
UC3E9mAgP7VoAE5mZoAexl5g,UCtNfIBnc5S5DbbQj_yxgJTw,1
UC3E9mAgP7VoAE5mZoAexl5g,UCvApqeCbLod-wejtT4CcVuA,1
UC3E9mAgP7VoAE5mZoAexl5g,UCrJn_rbo_ENAdeqneS-RmRw,1
UC3E9mAgP7VoAE5mZoAexl5g,UCr1emrogPKkKTs_WTtx71xg,1
UC3E9mAgP7VoAE5mZoAexl5g,UC4cXueR2bKGFJV0Fk76gwmA,1
UC3E9mAgP7VoAE5mZoAexl5g,UCRETAiYdh2dL5ZxB0_N1zDA,1
UC3E9mAgP7VoAE5mZoAexl5g,UCylqlpsh8ENNM1LqgQ1KbxA,1
UC3E9mAgP7VoAE5mZoAexl5g,UC3NMzdMYryaw82kPTnsaljg,1
UC3E9mAgP7VoAE5mZoAexl5g,UCsjs5Hp_r86x1xbK6FAeqaA,1
UC3E9mAgP7VoAE5mZoAexl5g,UCp4iw5_5SmV9VGTFSNVGOmQ,1
UC3E9mAgP7VoAE5mZoAexl5g,UCKDR0f2fu2UzWL8mBv5-BHw,1
UC3E9mAgP7VoAE5mZoAexl5g,UC5bG9nc_JV3FsNP2KseQiYw,1
UC3E9mAgP7VoAE5mZoAexl5g,UCDUffaruH6dyUnUGwsTKpgg,1
UC3E9mAgP7VoAE5mZoAexl5g,UC2weSE8rpqkGMOp6StYtVfg,1
UC3E9mAgP7VoAE5mZoAexl5g,UC650pRT-OYzny3GwOH8Cgfw,1
UC3E9mAgP7VoAE5mZoAexl5g,UCl0ekS9Tt0jJGtOEM18S63w,1
UC3E9mAgP7VoAE5mZoAexl5g,UCiMythXHsw7eQEMykCdmMUA,1
UC3E9mAgP7VoAE5mZoAexl5g,UChZknRmJkeGeQk0-mQuhDOg,1
UC3E9mAgP7VoAE5mZoAexl5g,UCmvOgzmmXbjUthHy-WJ52hQ,1
UC3E9mAgP7VoAE5mZoAexl5g,UC-jS_kA9w-OmpupXDx156Rg,1
UC3E9mAgP7VoAE5mZoAexl5g,UCXgr7vXlRrsaskPdo097kGA,1
UCB5p8a5gklc80jJItP6xTHg,UC9xr9QvIcDvoZNUX5f-jaZw,1
UCB5p8a5gklc80jJItP6xTHg,UC-hfX8J5JPJ-dfuakzegMLA,1
UCB5p8a5gklc80jJItP6xTHg,UCDPWkUX3sNNaCx-m1dV4glA,1
UCB5p8a5gklc80jJItP6xTHg,UCwha8rxULYMVtNwZWeSkE1A,1
UCB5p8a5gklc80jJItP6xTHg,UCXXh7yg5KUFIWylTiKVEFKQ,1
UCB5p8a5gklc80jJItP6xTHg,UCYN4wSQ1Sx4_LurxLlW7MPg,1
UCB5p8a5gklc80jJItP6xTHg,UCsSXdJct-nsS8DsABoEsaYA,1
UCB5p8a5gklc80jJItP6xTHg,UCSou6a2OuYGSvPjm5psquyA,1
UCB5p8a5gklc80jJItP6xTHg,UCsJJAvrVGupdmhOqgtDp8dg,1
UCB5p8a5gklc80jJItP6xTHg,UCfM3nrxtTQMY5jFx1v1J4Gg,1
UCB5p8a5gklc80jJItP6xTHg,UCFoIAE8k82D6AV-8gjjKaNg,1
UCB5p8a5gklc80jJItP6xTHg,UCA93ym2TXs_Ibyxb4Vcn-6Q,1
UCB5p8a5gklc80jJItP6xTHg,UCFxE8GbokBrBsPEKM1xrOjQ,1
UCB5p8a5gklc80jJItP6xTHg,UCTD6q1nyIe3Y7HhqjaMj72w,1
UCB5p8a5gklc80jJItP6xTHg,UCAmtbUiIrUIhikru0ZoTFig,1
UCB5p8a5gklc80jJItP6xTHg,UCpl8rF8uv_8uui-QRvuJaRA,1
UCB5p8a5gklc80jJItP6xTHg,UCjSKM9j0Q7HLDr1hD6D-TUw,1
UCB5p8a5gklc80jJItP6xTHg,UCtNfIBnc5S5DbbQj_yxgJTw,1
UCB5p8a5gklc80jJItP6xTHg,UCvApqeCbLod-wejtT4CcVuA,1
UCB5p8a5gklc80jJItP6xTHg,UCrJn_rbo_ENAdeqneS-RmRw,1
UCB5p8a5gklc80jJItP6xTHg,UCr1emrogPKkKTs_WTtx71xg,1
UCB5p8a5gklc80jJItP6xTHg,UC4cXueR2bKGFJV0Fk76gwmA,1
UCB5p8a5gklc80jJItP6xTHg,UCRETAiYdh2dL5ZxB0_N1zDA,1
UCB5p8a5gklc80jJItP6xTHg,UCylqlpsh8ENNM1LqgQ1KbxA,1
UCB5p8a5gklc80jJItP6xTHg,UC3NMzdMYryaw82kPTnsaljg,1
UCB5p8a5gklc80jJItP6xTHg,UCsjs5Hp_r86x1xbK6FAeqaA,1
UCB5p8a5gklc80jJItP6xTHg,UCp4iw5_5SmV9VGTFSNVGOmQ,1
UCB5p8a5gklc80jJItP6xTHg,UCKDR0f2fu2UzWL8mBv5-BHw,1
UCB5p8a5gklc80jJItP6xTHg,UC5bG9nc_JV3FsNP2KseQiYw,1
UCB5p8a5gklc80jJItP6xTHg,UCDUffaruH6dyUnUGwsTKpgg,1
UCB5p8a5gklc80jJItP6xTHg,UC2weSE8rpqkGMOp6StYtVfg,1
UCB5p8a5gklc80jJItP6xTHg,UC650pRT-OYzny3GwOH8Cgfw,1
UCB5p8a5gklc80jJItP6xTHg,UCl0ekS9Tt0jJGtOEM18S63w,1
UCB5p8a5gklc80jJItP6xTHg,UCiMythXHsw7eQEMykCdmMUA,1
UCB5p8a5gklc80jJItP6xTHg,UChZknRmJkeGeQk0-mQuhDOg,1
UCB5p8a5gklc80jJItP6xTHg,UCmvOgzmmXbjUthHy-WJ52hQ,1
UCB5p8a5gklc80jJItP6xTHg,UC-jS_kA9w-OmpupXDx156Rg,1
UCB5p8a5gklc80jJItP6xTHg,UCXgr7vXlRrsaskPdo097kGA,1
UC1NiEdJ7gk6FlDexIalWnGg,UCRfkkatKrNtAARnXMMYBGlA,1
UC1NiEdJ7gk6FlDexIalWnGg,UC-Iul5tDYH_oiAMXQH-KaaQ,1
UC1NiEdJ7gk6FlDexIalWnGg,UCgGqw4aqMdMVSGkKiMgrJRQ,1
UC1NiEdJ7gk6FlDexIalWnGg,UChyps3dqY-VY1_wLeq-2lhw,1
UCdQAuWwyC99MB7Y02Umj26Q,UCTTILH6QCIxbTnEWxwRqs1g,1
UCdQAuWwyC99MB7Y02Umj26Q,UCOY3XpD9qMCRSA8AA8c4CAw,1
UCdQAuWwyC99MB7Y02Umj26Q,UCXO1BBohNWXkK9SBDAG2ySg,1
UCdQAuWwyC99MB7Y02Umj26Q,UCxcoDvP-g2_KTZDmVZtvb3w,1
UCdQAuWwyC99MB7Y02Umj26Q,UChT7pzGytNd92Nmvi-zuWog,1
UCtowGNY2lnlg6O2CkwDgkLg,UCNiMNUJvaRJb0_QLClqwVnA,1
UCp_dAUfv8i3LW3zWc24dLaQ,UCIgoiXdIKJyUGmUoH2Lxdzg,1
UCp_dAUfv8i3LW3zWc24dLaQ,UCbNanjFI51cwGqMAb2rOrBw,1
UCp_dAUfv8i3LW3zWc24dLaQ,UCZjm6U576nX8WOiLhmMR3bw,1
UCp_dAUfv8i3LW3zWc24dLaQ,UCrqXyRsg-_hTosURZ-uvoKg,1
UCp_dAUfv8i3LW3zWc24dLaQ,UCGZMgmM92E3njyXNe9-kjAQ,1
UCylqlpsh8ENNM1LqgQ1KbxA,UC9xr9QvIcDvoZNUX5f-jaZw,1
UCylqlpsh8ENNM1LqgQ1KbxA,UC-hfX8J5JPJ-dfuakzegMLA,1
UCylqlpsh8ENNM1LqgQ1KbxA,UCgJNFj5dnxXpcMvmuhZDPxA,1
UCylqlpsh8ENNM1LqgQ1KbxA,UCe8JZoYkX5oKUZyivHYdXhw,1
UCylqlpsh8ENNM1LqgQ1KbxA,UCDPWkUX3sNNaCx-m1dV4glA,1
UCylqlpsh8ENNM1LqgQ1KbxA,UCwha8rxULYMVtNwZWeSkE1A,1
UCylqlpsh8ENNM1LqgQ1KbxA,UCW80DaMjQlEUibC98Cot-Dg,1
UCylqlpsh8ENNM1LqgQ1KbxA,UCXXh7yg5KUFIWylTiKVEFKQ,1
UCylqlpsh8ENNM1LqgQ1KbxA,UCDrmf9y9nLgFY5wnA2hTuGA,1
UCylqlpsh8ENNM1LqgQ1KbxA,UCCBYcToQ2dwkd6TJh0FSyDg,1
UCylqlpsh8ENNM1LqgQ1KbxA,UCYN4wSQ1Sx4_LurxLlW7MPg,1
UCylqlpsh8ENNM1LqgQ1KbxA,UCRvPToDkkumha7WJAfCDk1A,1
UCylqlpsh8ENNM1LqgQ1KbxA,UCsSXdJct-nsS8DsABoEsaYA,1
UCylqlpsh8ENNM1LqgQ1KbxA,UCSou6a2OuYGSvPjm5psquyA,1
UCylqlpsh8ENNM1LqgQ1KbxA,UCsJJAvrVGupdmhOqgtDp8dg,1
UCylqlpsh8ENNM1LqgQ1KbxA,UCfM3nrxtTQMY5jFx1v1J4Gg,1
UCylqlpsh8ENNM1LqgQ1KbxA,UC-fiZBS5Gp1eCJd9ucgWnCg,1
UCylqlpsh8ENNM1LqgQ1KbxA,UCFoIAE8k82D6AV-8gjjKaNg,1
UCylqlpsh8ENNM1LqgQ1KbxA,UCA93ym2TXs_Ibyxb4Vcn-6Q,1
UCylqlpsh8ENNM1LqgQ1KbxA,UC_LYoGs5C3mbZKZuKuqYCvw,1
UCylqlpsh8ENNM1LqgQ1KbxA,UCFxE8GbokBrBsPEKM1xrOjQ,1
UCylqlpsh8ENNM1LqgQ1KbxA,UCu8_3-Wg-YzNyvHYQDEscfw,1
UCylqlpsh8ENNM1LqgQ1KbxA,UCTD6q1nyIe3Y7HhqjaMj72w,1
UCylqlpsh8ENNM1LqgQ1KbxA,UCAmtbUiIrUIhikru0ZoTFig,1
UCylqlpsh8ENNM1LqgQ1KbxA,UCpl8rF8uv_8uui-QRvuJaRA,1
UCylqlpsh8ENNM1LqgQ1KbxA,UCjSKM9j0Q7HLDr1hD6D-TUw,1
UCylqlpsh8ENNM1LqgQ1KbxA,UCtNfIBnc5S5DbbQj_yxgJTw,1
UCylqlpsh8ENNM1LqgQ1KbxA,UCvApqeCbLod-wejtT4CcVuA,1
UCylqlpsh8ENNM1LqgQ1KbxA,UCrJn_rbo_ENAdeqneS-RmRw,1
UCylqlpsh8ENNM1LqgQ1KbxA,UClhMWQ7XKWywYvbRnuf8QsA,1
UCylqlpsh8ENNM1LqgQ1KbxA,UC7dadZG7kkGYnsNu6td0FbA,1
UCylqlpsh8ENNM1LqgQ1KbxA,UCr1emrogPKkKTs_WTtx71xg,1
UCylqlpsh8ENNM1LqgQ1KbxA,UCHbwIx9pmQuf7i-4_xO2EpA,1
UCylqlpsh8ENNM1LqgQ1KbxA,UC4cXueR2bKGFJV0Fk76gwmA,1
UCylqlpsh8ENNM1LqgQ1KbxA,UCUoYsrx1oZnCZ0usbBJn4fA,1
UCylqlpsh8ENNM1LqgQ1KbxA,UCRETAiYdh2dL5ZxB0_N1zDA,1
UCylqlpsh8ENNM1LqgQ1KbxA,UC3NMzdMYryaw82kPTnsaljg,1
UCylqlpsh8ENNM1LqgQ1KbxA,UCsjs5Hp_r86x1xbK6FAeqaA,1
UCylqlpsh8ENNM1LqgQ1KbxA,UC32oozucwCF3q8d4m8fyOUg,1
UCylqlpsh8ENNM1LqgQ1KbxA,UCp4iw5_5SmV9VGTFSNVGOmQ,1
UCylqlpsh8ENNM1LqgQ1KbxA,UCW-JC6lebVmf2P1dmY_L94g,1
UCylqlpsh8ENNM1LqgQ1KbxA,UCKDR0f2fu2UzWL8mBv5-BHw,1
UCylqlpsh8ENNM1LqgQ1KbxA,UCAKuKvcbfnBD3kF5njNu-IA,1
UCylqlpsh8ENNM1LqgQ1KbxA,UC5bG9nc_JV3FsNP2KseQiYw,1
UCylqlpsh8ENNM1LqgQ1KbxA,UCDUffaruH6dyUnUGwsTKpgg,1
UCylqlpsh8ENNM1LqgQ1KbxA,UC2weSE8rpqkGMOp6StYtVfg,1
UCylqlpsh8ENNM1LqgQ1KbxA,UC650pRT-OYzny3GwOH8Cgfw,1
UCylqlpsh8ENNM1LqgQ1KbxA,UCl0ekS9Tt0jJGtOEM18S63w,1
UCylqlpsh8ENNM1LqgQ1KbxA,UCWoAVGVqCn4xtINCMOTM4jg,1
UCylqlpsh8ENNM1LqgQ1KbxA,UCiMythXHsw7eQEMykCdmMUA,1
UCylqlpsh8ENNM1LqgQ1KbxA,UCsGoJEvb-cFPZ2rWoJcXzEQ,1
UCylqlpsh8ENNM1LqgQ1KbxA,UChZknRmJkeGeQk0-mQuhDOg,1
UCylqlpsh8ENNM1LqgQ1KbxA,UCmvOgzmmXbjUthHy-WJ52hQ,1
UCylqlpsh8ENNM1LqgQ1KbxA,UC-jS_kA9w-OmpupXDx156Rg,1
UCylqlpsh8ENNM1LqgQ1KbxA,UCXgr7vXlRrsaskPdo097kGA,1
UCRvPToDkkumha7WJAfCDk1A,UCDrmf9y9nLgFY5wnA2hTuGA,1
UCRvPToDkkumha7WJAfCDk1A,UC-fiZBS5Gp1eCJd9ucgWnCg,1
UCRvPToDkkumha7WJAfCDk1A,UCCBYcToQ2dwkd6TJh0FSyDg,1
UCRvPToDkkumha7WJAfCDk1A,UCUoYsrx1oZnCZ0usbBJn4fA,1
UCRvPToDkkumha7WJAfCDk1A,UC_LYoGs5C3mbZKZuKuqYCvw,1
UCRvPToDkkumha7WJAfCDk1A,UCu8_3-Wg-YzNyvHYQDEscfw,1
UCRvPToDkkumha7WJAfCDk1A,UC32oozucwCF3q8d4m8fyOUg,1
UCRvPToDkkumha7WJAfCDk1A,UCW-JC6lebVmf2P1dmY_L94g,1
UCRvPToDkkumha7WJAfCDk1A,UCAKuKvcbfnBD3kF5njNu-IA,1
UCRvPToDkkumha7WJAfCDk1A,UCgJNFj5dnxXpcMvmuhZDPxA,1
UCRvPToDkkumha7WJAfCDk1A,UCWoAVGVqCn4xtINCMOTM4jg,1
UCRvPToDkkumha7WJAfCDk1A,UCe8JZoYkX5oKUZyivHYdXhw,1
UCRvPToDkkumha7WJAfCDk1A,UClhMWQ7XKWywYvbRnuf8QsA,1
UCRvPToDkkumha7WJAfCDk1A,UC7dadZG7kkGYnsNu6td0FbA,1
UCRvPToDkkumha7WJAfCDk1A,UCsGoJEvb-cFPZ2rWoJcXzEQ,1
UCRvPToDkkumha7WJAfCDk1A,UCHbwIx9pmQuf7i-4_xO2EpA,1
UCRvPToDkkumha7WJAfCDk1A,UCW80DaMjQlEUibC98Cot-Dg,1
UCPZueDLrCS4BmTBRMA4q0fA,UCf5lnNZF7Qrtli9v4N_23WQ,1
UCPZueDLrCS4BmTBRMA4q0fA,UCbYoNG5J3Au5BqtbXogfEFw,1
UCPZueDLrCS4BmTBRMA4q0fA,UC8xlJWNHz1V_W6q3fbuQH8g,1
UCPZueDLrCS4BmTBRMA4q0fA,UCgQJgI9vu1FI2dnC9mrFthw,1
UCPZueDLrCS4BmTBRMA4q0fA,UCVQf0tzL7xRzFJsABVVULpg,1
UCPZueDLrCS4BmTBRMA4q0fA,UCGX_UbAQOXGZknv5iqklwTA,1
UCPZueDLrCS4BmTBRMA4q0fA,UCtNyHmRZtvGF2hSvI2dUBWw,1
UCHMQ_lDhibZ-XZ_3fo6oxwg,UCaT6M2zp7X6r6Whd8Vv3kHQ,1
UCHMQ_lDhibZ-XZ_3fo6oxwg,UC0aEyakBPqcBkVJiErfSupQ,1
UCHMQ_lDhibZ-XZ_3fo6oxwg,UCi-vPdnpQreC7BkFs40mJGA,1
UCHMQ_lDhibZ-XZ_3fo6oxwg,UCRznz9-N3Qc1w-qNdLSIY2Q,1
UCHMQ_lDhibZ-XZ_3fo6oxwg,UCIp19h9igblA2YKfSLPDAug,1
UCHMQ_lDhibZ-XZ_3fo6oxwg,UCRcSR3Lvn9DZAmJpVPANfZQ,1
UCHMQ_lDhibZ-XZ_3fo6oxwg,UCGqKxQS-z3NZzZF-2w338AA,1
UCHMQ_lDhibZ-XZ_3fo6oxwg,UCs_5qeqdku9tGAq22y3OcuQ,1
UCHMQ_lDhibZ-XZ_3fo6oxwg,UCwUAv3_LpWVtTIi7lkmTL7A,1
UCHMQ_lDhibZ-XZ_3fo6oxwg,UCyzf29IYjNw67gGIfsjgtxA,1
UCHMQ_lDhibZ-XZ_3fo6oxwg,UCgLrWFdYitoP-b7-PxtUr-w,1
UCHMQ_lDhibZ-XZ_3fo6oxwg,UCY7Hq7F9Lnucf-Yr6JkHZNw,1
UCHMQ_lDhibZ-XZ_3fo6oxwg,UCtMBF_1O2jY2INlb_luuB_A,1
UC7dadZG7kkGYnsNu6td0FbA,UCDrmf9y9nLgFY5wnA2hTuGA,1
UC7dadZG7kkGYnsNu6td0FbA,UC-fiZBS5Gp1eCJd9ucgWnCg,1
UC7dadZG7kkGYnsNu6td0FbA,UCCBYcToQ2dwkd6TJh0FSyDg,1
UC7dadZG7kkGYnsNu6td0FbA,UCUoYsrx1oZnCZ0usbBJn4fA,1
UC7dadZG7kkGYnsNu6td0FbA,UC_LYoGs5C3mbZKZuKuqYCvw,1
UC7dadZG7kkGYnsNu6td0FbA,UCu8_3-Wg-YzNyvHYQDEscfw,1
UC7dadZG7kkGYnsNu6td0FbA,UC32oozucwCF3q8d4m8fyOUg,1
UC7dadZG7kkGYnsNu6td0FbA,UCW-JC6lebVmf2P1dmY_L94g,1
UC7dadZG7kkGYnsNu6td0FbA,UCAKuKvcbfnBD3kF5njNu-IA,1
UC7dadZG7kkGYnsNu6td0FbA,UCgJNFj5dnxXpcMvmuhZDPxA,1
UC7dadZG7kkGYnsNu6td0FbA,UCWoAVGVqCn4xtINCMOTM4jg,1
UC7dadZG7kkGYnsNu6td0FbA,UCe8JZoYkX5oKUZyivHYdXhw,1
UC7dadZG7kkGYnsNu6td0FbA,UClhMWQ7XKWywYvbRnuf8QsA,1
UC7dadZG7kkGYnsNu6td0FbA,UCsGoJEvb-cFPZ2rWoJcXzEQ,1
UC7dadZG7kkGYnsNu6td0FbA,UCHbwIx9pmQuf7i-4_xO2EpA,1
UC7dadZG7kkGYnsNu6td0FbA,UCW80DaMjQlEUibC98Cot-Dg,1
UCrJn_rbo_ENAdeqneS-RmRw,UC9xr9QvIcDvoZNUX5f-jaZw,1
UCrJn_rbo_ENAdeqneS-RmRw,UC-hfX8J5JPJ-dfuakzegMLA,1
UCrJn_rbo_ENAdeqneS-RmRw,UCDPWkUX3sNNaCx-m1dV4glA,1
UCrJn_rbo_ENAdeqneS-RmRw,UCwha8rxULYMVtNwZWeSkE1A,1
UCrJn_rbo_ENAdeqneS-RmRw,UCXXh7yg5KUFIWylTiKVEFKQ,1
UCrJn_rbo_ENAdeqneS-RmRw,UCYN4wSQ1Sx4_LurxLlW7MPg,1
UCrJn_rbo_ENAdeqneS-RmRw,UCsSXdJct-nsS8DsABoEsaYA,1
UCrJn_rbo_ENAdeqneS-RmRw,UCSou6a2OuYGSvPjm5psquyA,1
UCrJn_rbo_ENAdeqneS-RmRw,UCsJJAvrVGupdmhOqgtDp8dg,1
UCrJn_rbo_ENAdeqneS-RmRw,UCfM3nrxtTQMY5jFx1v1J4Gg,1
UCrJn_rbo_ENAdeqneS-RmRw,UCFoIAE8k82D6AV-8gjjKaNg,1
UCrJn_rbo_ENAdeqneS-RmRw,UCA93ym2TXs_Ibyxb4Vcn-6Q,1
UCrJn_rbo_ENAdeqneS-RmRw,UCFxE8GbokBrBsPEKM1xrOjQ,1
UCrJn_rbo_ENAdeqneS-RmRw,UCTD6q1nyIe3Y7HhqjaMj72w,1
UCrJn_rbo_ENAdeqneS-RmRw,UCAmtbUiIrUIhikru0ZoTFig,1
UCrJn_rbo_ENAdeqneS-RmRw,UCpl8rF8uv_8uui-QRvuJaRA,1
UCrJn_rbo_ENAdeqneS-RmRw,UCjSKM9j0Q7HLDr1hD6D-TUw,1
UCrJn_rbo_ENAdeqneS-RmRw,UCtNfIBnc5S5DbbQj_yxgJTw,1
UCrJn_rbo_ENAdeqneS-RmRw,UCvApqeCbLod-wejtT4CcVuA,1
UCrJn_rbo_ENAdeqneS-RmRw,UCr1emrogPKkKTs_WTtx71xg,1
UCrJn_rbo_ENAdeqneS-RmRw,UC4cXueR2bKGFJV0Fk76gwmA,1
UCrJn_rbo_ENAdeqneS-RmRw,UCRETAiYdh2dL5ZxB0_N1zDA,1
UCrJn_rbo_ENAdeqneS-RmRw,UC3NMzdMYryaw82kPTnsaljg,1
UCrJn_rbo_ENAdeqneS-RmRw,UCsjs5Hp_r86x1xbK6FAeqaA,1
UCrJn_rbo_ENAdeqneS-RmRw,UCp4iw5_5SmV9VGTFSNVGOmQ,1
UCrJn_rbo_ENAdeqneS-RmRw,UCKDR0f2fu2UzWL8mBv5-BHw,1
UCrJn_rbo_ENAdeqneS-RmRw,UC5bG9nc_JV3FsNP2KseQiYw,1
UCrJn_rbo_ENAdeqneS-RmRw,UCDUffaruH6dyUnUGwsTKpgg,1
UCrJn_rbo_ENAdeqneS-RmRw,UC2weSE8rpqkGMOp6StYtVfg,1
UCrJn_rbo_ENAdeqneS-RmRw,UC650pRT-OYzny3GwOH8Cgfw,1
UCrJn_rbo_ENAdeqneS-RmRw,UCl0ekS9Tt0jJGtOEM18S63w,1
UCrJn_rbo_ENAdeqneS-RmRw,UCiMythXHsw7eQEMykCdmMUA,1
UCrJn_rbo_ENAdeqneS-RmRw,UChZknRmJkeGeQk0-mQuhDOg,1
UCrJn_rbo_ENAdeqneS-RmRw,UCmvOgzmmXbjUthHy-WJ52hQ,1
UCrJn_rbo_ENAdeqneS-RmRw,UC-jS_kA9w-OmpupXDx156Rg,1
UCrJn_rbo_ENAdeqneS-RmRw,UCXgr7vXlRrsaskPdo097kGA,1
UCFFrEmn6lPYiWyElpfzTy5Q,UCBtB5dIyx-C16UN8ClUD2UA,1
UCFFrEmn6lPYiWyElpfzTy5Q,UCk4O-J1BhoqPmig1KLGJePA,1
UCFFrEmn6lPYiWyElpfzTy5Q,UCfRqgt2O-vjzUDMZY_tnxQw,1
UCFFrEmn6lPYiWyElpfzTy5Q,UC4kg7zuTfqQKLd2bkZrSYBA,1
UCs_5qeqdku9tGAq22y3OcuQ,UCaT6M2zp7X6r6Whd8Vv3kHQ,1
UCs_5qeqdku9tGAq22y3OcuQ,UC0aEyakBPqcBkVJiErfSupQ,1
UCs_5qeqdku9tGAq22y3OcuQ,UCi-vPdnpQreC7BkFs40mJGA,1
UCs_5qeqdku9tGAq22y3OcuQ,UCRznz9-N3Qc1w-qNdLSIY2Q,1
UCs_5qeqdku9tGAq22y3OcuQ,UCIp19h9igblA2YKfSLPDAug,1
UCs_5qeqdku9tGAq22y3OcuQ,UCRcSR3Lvn9DZAmJpVPANfZQ,1
UCs_5qeqdku9tGAq22y3OcuQ,UCGqKxQS-z3NZzZF-2w338AA,1
UCs_5qeqdku9tGAq22y3OcuQ,UCwUAv3_LpWVtTIi7lkmTL7A,1
UCs_5qeqdku9tGAq22y3OcuQ,UCyzf29IYjNw67gGIfsjgtxA,1
UCs_5qeqdku9tGAq22y3OcuQ,UCgLrWFdYitoP-b7-PxtUr-w,1
UCs_5qeqdku9tGAq22y3OcuQ,UCY7Hq7F9Lnucf-Yr6JkHZNw,1
UCs_5qeqdku9tGAq22y3OcuQ,UCtMBF_1O2jY2INlb_luuB_A,1
UCCBYcToQ2dwkd6TJh0FSyDg,UCDrmf9y9nLgFY5wnA2hTuGA,1
UCCBYcToQ2dwkd6TJh0FSyDg,UC-fiZBS5Gp1eCJd9ucgWnCg,1
UCCBYcToQ2dwkd6TJh0FSyDg,UCUoYsrx1oZnCZ0usbBJn4fA,1
UCCBYcToQ2dwkd6TJh0FSyDg,UC_LYoGs5C3mbZKZuKuqYCvw,1
UCCBYcToQ2dwkd6TJh0FSyDg,UCu8_3-Wg-YzNyvHYQDEscfw,1
UCCBYcToQ2dwkd6TJh0FSyDg,UC32oozucwCF3q8d4m8fyOUg,1
UCCBYcToQ2dwkd6TJh0FSyDg,UCW-JC6lebVmf2P1dmY_L94g,1
UCCBYcToQ2dwkd6TJh0FSyDg,UCAKuKvcbfnBD3kF5njNu-IA,1
UCCBYcToQ2dwkd6TJh0FSyDg,UCgJNFj5dnxXpcMvmuhZDPxA,1
UCCBYcToQ2dwkd6TJh0FSyDg,UCWoAVGVqCn4xtINCMOTM4jg,1
UCCBYcToQ2dwkd6TJh0FSyDg,UCe8JZoYkX5oKUZyivHYdXhw,1
UCCBYcToQ2dwkd6TJh0FSyDg,UClhMWQ7XKWywYvbRnuf8QsA,1
UCCBYcToQ2dwkd6TJh0FSyDg,UCsGoJEvb-cFPZ2rWoJcXzEQ,1
UCCBYcToQ2dwkd6TJh0FSyDg,UCHbwIx9pmQuf7i-4_xO2EpA,1
UCCBYcToQ2dwkd6TJh0FSyDg,UCW80DaMjQlEUibC98Cot-Dg,1
UCxcoDvP-g2_KTZDmVZtvb3w,UCTTILH6QCIxbTnEWxwRqs1g,1
UCxcoDvP-g2_KTZDmVZtvb3w,UCOY3XpD9qMCRSA8AA8c4CAw,1
UCxcoDvP-g2_KTZDmVZtvb3w,UCXO1BBohNWXkK9SBDAG2ySg,1
UCxcoDvP-g2_KTZDmVZtvb3w,UChT7pzGytNd92Nmvi-zuWog,1
UCW-JC6lebVmf2P1dmY_L94g,UCDrmf9y9nLgFY5wnA2hTuGA,1
UCW-JC6lebVmf2P1dmY_L94g,UC-fiZBS5Gp1eCJd9ucgWnCg,1
UCW-JC6lebVmf2P1dmY_L94g,UCUoYsrx1oZnCZ0usbBJn4fA,1
UCW-JC6lebVmf2P1dmY_L94g,UC_LYoGs5C3mbZKZuKuqYCvw,1
UCW-JC6lebVmf2P1dmY_L94g,UCu8_3-Wg-YzNyvHYQDEscfw,1
UCW-JC6lebVmf2P1dmY_L94g,UC32oozucwCF3q8d4m8fyOUg,1
UCW-JC6lebVmf2P1dmY_L94g,UCAKuKvcbfnBD3kF5njNu-IA,1
UCW-JC6lebVmf2P1dmY_L94g,UCgJNFj5dnxXpcMvmuhZDPxA,1
UCW-JC6lebVmf2P1dmY_L94g,UCWoAVGVqCn4xtINCMOTM4jg,1
UCW-JC6lebVmf2P1dmY_L94g,UCe8JZoYkX5oKUZyivHYdXhw,1
UCW-JC6lebVmf2P1dmY_L94g,UClhMWQ7XKWywYvbRnuf8QsA,1
UCW-JC6lebVmf2P1dmY_L94g,UCsGoJEvb-cFPZ2rWoJcXzEQ,1
UCW-JC6lebVmf2P1dmY_L94g,UCHbwIx9pmQuf7i-4_xO2EpA,1
UCW-JC6lebVmf2P1dmY_L94g,UCW80DaMjQlEUibC98Cot-Dg,1
UCgJNFj5dnxXpcMvmuhZDPxA,UCDrmf9y9nLgFY5wnA2hTuGA,1
UCgJNFj5dnxXpcMvmuhZDPxA,UC-fiZBS5Gp1eCJd9ucgWnCg,1
UCgJNFj5dnxXpcMvmuhZDPxA,UCUoYsrx1oZnCZ0usbBJn4fA,1
UCgJNFj5dnxXpcMvmuhZDPxA,UC_LYoGs5C3mbZKZuKuqYCvw,1
UCgJNFj5dnxXpcMvmuhZDPxA,UCu8_3-Wg-YzNyvHYQDEscfw,1
UCgJNFj5dnxXpcMvmuhZDPxA,UC32oozucwCF3q8d4m8fyOUg,1
UCgJNFj5dnxXpcMvmuhZDPxA,UCAKuKvcbfnBD3kF5njNu-IA,1
UCgJNFj5dnxXpcMvmuhZDPxA,UCWoAVGVqCn4xtINCMOTM4jg,1
UCgJNFj5dnxXpcMvmuhZDPxA,UCe8JZoYkX5oKUZyivHYdXhw,1
UCgJNFj5dnxXpcMvmuhZDPxA,UClhMWQ7XKWywYvbRnuf8QsA,1
UCgJNFj5dnxXpcMvmuhZDPxA,UCsGoJEvb-cFPZ2rWoJcXzEQ,1
UCgJNFj5dnxXpcMvmuhZDPxA,UCHbwIx9pmQuf7i-4_xO2EpA,1
UCgJNFj5dnxXpcMvmuhZDPxA,UCW80DaMjQlEUibC98Cot-Dg,1
UCFoIAE8k82D6AV-8gjjKaNg,UC9xr9QvIcDvoZNUX5f-jaZw,1
UCFoIAE8k82D6AV-8gjjKaNg,UC-hfX8J5JPJ-dfuakzegMLA,1
UCFoIAE8k82D6AV-8gjjKaNg,UCDPWkUX3sNNaCx-m1dV4glA,1
UCFoIAE8k82D6AV-8gjjKaNg,UCwha8rxULYMVtNwZWeSkE1A,1
UCFoIAE8k82D6AV-8gjjKaNg,UCXXh7yg5KUFIWylTiKVEFKQ,1
UCFoIAE8k82D6AV-8gjjKaNg,UCYN4wSQ1Sx4_LurxLlW7MPg,1
UCFoIAE8k82D6AV-8gjjKaNg,UCsSXdJct-nsS8DsABoEsaYA,1
UCFoIAE8k82D6AV-8gjjKaNg,UCSou6a2OuYGSvPjm5psquyA,1
UCFoIAE8k82D6AV-8gjjKaNg,UCsJJAvrVGupdmhOqgtDp8dg,1
UCFoIAE8k82D6AV-8gjjKaNg,UCfM3nrxtTQMY5jFx1v1J4Gg,1
UCFoIAE8k82D6AV-8gjjKaNg,UCA93ym2TXs_Ibyxb4Vcn-6Q,1
UCFoIAE8k82D6AV-8gjjKaNg,UCFxE8GbokBrBsPEKM1xrOjQ,1
UCFoIAE8k82D6AV-8gjjKaNg,UCTD6q1nyIe3Y7HhqjaMj72w,1
UCFoIAE8k82D6AV-8gjjKaNg,UCAmtbUiIrUIhikru0ZoTFig,1
UCFoIAE8k82D6AV-8gjjKaNg,UCpl8rF8uv_8uui-QRvuJaRA,1
UCFoIAE8k82D6AV-8gjjKaNg,UCjSKM9j0Q7HLDr1hD6D-TUw,1
UCFoIAE8k82D6AV-8gjjKaNg,UCtNfIBnc5S5DbbQj_yxgJTw,1
UCFoIAE8k82D6AV-8gjjKaNg,UCvApqeCbLod-wejtT4CcVuA,1
UCFoIAE8k82D6AV-8gjjKaNg,UCr1emrogPKkKTs_WTtx71xg,1
UCFoIAE8k82D6AV-8gjjKaNg,UC4cXueR2bKGFJV0Fk76gwmA,1
UCFoIAE8k82D6AV-8gjjKaNg,UCRETAiYdh2dL5ZxB0_N1zDA,1
UCFoIAE8k82D6AV-8gjjKaNg,UC3NMzdMYryaw82kPTnsaljg,1
UCFoIAE8k82D6AV-8gjjKaNg,UCsjs5Hp_r86x1xbK6FAeqaA,1
UCFoIAE8k82D6AV-8gjjKaNg,UCp4iw5_5SmV9VGTFSNVGOmQ,1
UCFoIAE8k82D6AV-8gjjKaNg,UCKDR0f2fu2UzWL8mBv5-BHw,1
UCFoIAE8k82D6AV-8gjjKaNg,UC5bG9nc_JV3FsNP2KseQiYw,1
UCFoIAE8k82D6AV-8gjjKaNg,UCDUffaruH6dyUnUGwsTKpgg,1
UCFoIAE8k82D6AV-8gjjKaNg,UC2weSE8rpqkGMOp6StYtVfg,1
UCFoIAE8k82D6AV-8gjjKaNg,UC650pRT-OYzny3GwOH8Cgfw,1
UCFoIAE8k82D6AV-8gjjKaNg,UCl0ekS9Tt0jJGtOEM18S63w,1
UCFoIAE8k82D6AV-8gjjKaNg,UCiMythXHsw7eQEMykCdmMUA,1
UCFoIAE8k82D6AV-8gjjKaNg,UChZknRmJkeGeQk0-mQuhDOg,1
UCFoIAE8k82D6AV-8gjjKaNg,UCmvOgzmmXbjUthHy-WJ52hQ,1
UCFoIAE8k82D6AV-8gjjKaNg,UC-jS_kA9w-OmpupXDx156Rg,1
UCFoIAE8k82D6AV-8gjjKaNg,UCXgr7vXlRrsaskPdo097kGA,1
UCe8JZoYkX5oKUZyivHYdXhw,UCDrmf9y9nLgFY5wnA2hTuGA,1
UCe8JZoYkX5oKUZyivHYdXhw,UC-fiZBS5Gp1eCJd9ucgWnCg,1
UCe8JZoYkX5oKUZyivHYdXhw,UCUoYsrx1oZnCZ0usbBJn4fA,1
UCe8JZoYkX5oKUZyivHYdXhw,UC_LYoGs5C3mbZKZuKuqYCvw,1
UCe8JZoYkX5oKUZyivHYdXhw,UCu8_3-Wg-YzNyvHYQDEscfw,1
UCe8JZoYkX5oKUZyivHYdXhw,UC32oozucwCF3q8d4m8fyOUg,1
UCe8JZoYkX5oKUZyivHYdXhw,UCAKuKvcbfnBD3kF5njNu-IA,1
UCe8JZoYkX5oKUZyivHYdXhw,UCWoAVGVqCn4xtINCMOTM4jg,1
UCe8JZoYkX5oKUZyivHYdXhw,UClhMWQ7XKWywYvbRnuf8QsA,1
UCe8JZoYkX5oKUZyivHYdXhw,UCsGoJEvb-cFPZ2rWoJcXzEQ,1
UCe8JZoYkX5oKUZyivHYdXhw,UCHbwIx9pmQuf7i-4_xO2EpA,1
UCe8JZoYkX5oKUZyivHYdXhw,UCW80DaMjQlEUibC98Cot-Dg,1
UCnU8wO1OurAmGstDw6VGjgQ,UC5wuDq3U3vRAhOQI3D7gNdw,1
UCnU8wO1OurAmGstDw6VGjgQ,UCjJf-AJKRFFWtiN-CSwkDmA,1
UCf5lnNZF7Qrtli9v4N_23WQ,UCbYoNG5J3Au5BqtbXogfEFw,1
UCf5lnNZF7Qrtli9v4N_23WQ,UC8xlJWNHz1V_W6q3fbuQH8g,1
UCf5lnNZF7Qrtli9v4N_23WQ,UCgQJgI9vu1FI2dnC9mrFthw,1
UCf5lnNZF7Qrtli9v4N_23WQ,UCVQf0tzL7xRzFJsABVVULpg,1
UCf5lnNZF7Qrtli9v4N_23WQ,UCGX_UbAQOXGZknv5iqklwTA,1
UCf5lnNZF7Qrtli9v4N_23WQ,UCtNyHmRZtvGF2hSvI2dUBWw,1
UCW80DaMjQlEUibC98Cot-Dg,UCDrmf9y9nLgFY5wnA2hTuGA,1
UCW80DaMjQlEUibC98Cot-Dg,UC-fiZBS5Gp1eCJd9ucgWnCg,1
UCW80DaMjQlEUibC98Cot-Dg,UCUoYsrx1oZnCZ0usbBJn4fA,1
UCW80DaMjQlEUibC98Cot-Dg,UC_LYoGs5C3mbZKZuKuqYCvw,1
UCW80DaMjQlEUibC98Cot-Dg,UCu8_3-Wg-YzNyvHYQDEscfw,1
UCW80DaMjQlEUibC98Cot-Dg,UC32oozucwCF3q8d4m8fyOUg,1
UCW80DaMjQlEUibC98Cot-Dg,UCAKuKvcbfnBD3kF5njNu-IA,1
UCW80DaMjQlEUibC98Cot-Dg,UCWoAVGVqCn4xtINCMOTM4jg,1
UCW80DaMjQlEUibC98Cot-Dg,UClhMWQ7XKWywYvbRnuf8QsA,1
UCW80DaMjQlEUibC98Cot-Dg,UCsGoJEvb-cFPZ2rWoJcXzEQ,1
UCW80DaMjQlEUibC98Cot-Dg,UCHbwIx9pmQuf7i-4_xO2EpA,1
UCDrmf9y9nLgFY5wnA2hTuGA,UC-fiZBS5Gp1eCJd9ucgWnCg,1
UCDrmf9y9nLgFY5wnA2hTuGA,UCUoYsrx1oZnCZ0usbBJn4fA,1
UCDrmf9y9nLgFY5wnA2hTuGA,UC_LYoGs5C3mbZKZuKuqYCvw,1
UCDrmf9y9nLgFY5wnA2hTuGA,UCu8_3-Wg-YzNyvHYQDEscfw,1
UCDrmf9y9nLgFY5wnA2hTuGA,UC32oozucwCF3q8d4m8fyOUg,1
UCDrmf9y9nLgFY5wnA2hTuGA,UCAKuKvcbfnBD3kF5njNu-IA,1
UCDrmf9y9nLgFY5wnA2hTuGA,UCWoAVGVqCn4xtINCMOTM4jg,1
UCDrmf9y9nLgFY5wnA2hTuGA,UClhMWQ7XKWywYvbRnuf8QsA,1
UCDrmf9y9nLgFY5wnA2hTuGA,UCsGoJEvb-cFPZ2rWoJcXzEQ,1
UCDrmf9y9nLgFY5wnA2hTuGA,UCHbwIx9pmQuf7i-4_xO2EpA,1
UCTD6q1nyIe3Y7HhqjaMj72w,UC9xr9QvIcDvoZNUX5f-jaZw,1
UCTD6q1nyIe3Y7HhqjaMj72w,UC-hfX8J5JPJ-dfuakzegMLA,1
UCTD6q1nyIe3Y7HhqjaMj72w,UCDPWkUX3sNNaCx-m1dV4glA,1
UCTD6q1nyIe3Y7HhqjaMj72w,UCwha8rxULYMVtNwZWeSkE1A,1
UCTD6q1nyIe3Y7HhqjaMj72w,UCXXh7yg5KUFIWylTiKVEFKQ,1
UCTD6q1nyIe3Y7HhqjaMj72w,UCYN4wSQ1Sx4_LurxLlW7MPg,1
UCTD6q1nyIe3Y7HhqjaMj72w,UCsSXdJct-nsS8DsABoEsaYA,1
UCTD6q1nyIe3Y7HhqjaMj72w,UCSou6a2OuYGSvPjm5psquyA,1
UCTD6q1nyIe3Y7HhqjaMj72w,UCsJJAvrVGupdmhOqgtDp8dg,1
UCTD6q1nyIe3Y7HhqjaMj72w,UCfM3nrxtTQMY5jFx1v1J4Gg,1
UCTD6q1nyIe3Y7HhqjaMj72w,UCA93ym2TXs_Ibyxb4Vcn-6Q,1
UCTD6q1nyIe3Y7HhqjaMj72w,UCFxE8GbokBrBsPEKM1xrOjQ,1
UCTD6q1nyIe3Y7HhqjaMj72w,UCAmtbUiIrUIhikru0ZoTFig,1
UCTD6q1nyIe3Y7HhqjaMj72w,UCpl8rF8uv_8uui-QRvuJaRA,1
UCTD6q1nyIe3Y7HhqjaMj72w,UCjSKM9j0Q7HLDr1hD6D-TUw,1
UCTD6q1nyIe3Y7HhqjaMj72w,UCtNfIBnc5S5DbbQj_yxgJTw,1
UCTD6q1nyIe3Y7HhqjaMj72w,UCvApqeCbLod-wejtT4CcVuA,1
UCTD6q1nyIe3Y7HhqjaMj72w,UCr1emrogPKkKTs_WTtx71xg,1
UCTD6q1nyIe3Y7HhqjaMj72w,UC4cXueR2bKGFJV0Fk76gwmA,1
UCTD6q1nyIe3Y7HhqjaMj72w,UCRETAiYdh2dL5ZxB0_N1zDA,1
UCTD6q1nyIe3Y7HhqjaMj72w,UC3NMzdMYryaw82kPTnsaljg,1
UCTD6q1nyIe3Y7HhqjaMj72w,UCsjs5Hp_r86x1xbK6FAeqaA,1
UCTD6q1nyIe3Y7HhqjaMj72w,UCp4iw5_5SmV9VGTFSNVGOmQ,1
UCTD6q1nyIe3Y7HhqjaMj72w,UCKDR0f2fu2UzWL8mBv5-BHw,1
UCTD6q1nyIe3Y7HhqjaMj72w,UC5bG9nc_JV3FsNP2KseQiYw,1
UCTD6q1nyIe3Y7HhqjaMj72w,UCDUffaruH6dyUnUGwsTKpgg,1
UCTD6q1nyIe3Y7HhqjaMj72w,UC2weSE8rpqkGMOp6StYtVfg,1
UCTD6q1nyIe3Y7HhqjaMj72w,UC650pRT-OYzny3GwOH8Cgfw,1
UCTD6q1nyIe3Y7HhqjaMj72w,UCl0ekS9Tt0jJGtOEM18S63w,1
UCTD6q1nyIe3Y7HhqjaMj72w,UCiMythXHsw7eQEMykCdmMUA,1
UCTD6q1nyIe3Y7HhqjaMj72w,UChZknRmJkeGeQk0-mQuhDOg,1
UCTD6q1nyIe3Y7HhqjaMj72w,UCmvOgzmmXbjUthHy-WJ52hQ,1
UCTD6q1nyIe3Y7HhqjaMj72w,UC-jS_kA9w-OmpupXDx156Rg,1
UCTD6q1nyIe3Y7HhqjaMj72w,UCXgr7vXlRrsaskPdo097kGA,1
UC0aEyakBPqcBkVJiErfSupQ,UCaT6M2zp7X6r6Whd8Vv3kHQ,1
UC0aEyakBPqcBkVJiErfSupQ,UCi-vPdnpQreC7BkFs40mJGA,1
UC0aEyakBPqcBkVJiErfSupQ,UCRznz9-N3Qc1w-qNdLSIY2Q,1
UC0aEyakBPqcBkVJiErfSupQ,UCIp19h9igblA2YKfSLPDAug,1
UC0aEyakBPqcBkVJiErfSupQ,UCRcSR3Lvn9DZAmJpVPANfZQ,1
UC0aEyakBPqcBkVJiErfSupQ,UCGqKxQS-z3NZzZF-2w338AA,1
UC0aEyakBPqcBkVJiErfSupQ,UCwUAv3_LpWVtTIi7lkmTL7A,1
UC0aEyakBPqcBkVJiErfSupQ,UCyzf29IYjNw67gGIfsjgtxA,1
UC0aEyakBPqcBkVJiErfSupQ,UCgLrWFdYitoP-b7-PxtUr-w,1
UC0aEyakBPqcBkVJiErfSupQ,UCY7Hq7F9Lnucf-Yr6JkHZNw,1
UC0aEyakBPqcBkVJiErfSupQ,UCtMBF_1O2jY2INlb_luuB_A,1
UC650pRT-OYzny3GwOH8Cgfw,UC9xr9QvIcDvoZNUX5f-jaZw,1
UC650pRT-OYzny3GwOH8Cgfw,UC-hfX8J5JPJ-dfuakzegMLA,1
UC650pRT-OYzny3GwOH8Cgfw,UCDPWkUX3sNNaCx-m1dV4glA,1
UC650pRT-OYzny3GwOH8Cgfw,UCwha8rxULYMVtNwZWeSkE1A,1
UC650pRT-OYzny3GwOH8Cgfw,UCXXh7yg5KUFIWylTiKVEFKQ,1
UC650pRT-OYzny3GwOH8Cgfw,UCYN4wSQ1Sx4_LurxLlW7MPg,1
UC650pRT-OYzny3GwOH8Cgfw,UCsSXdJct-nsS8DsABoEsaYA,1
UC650pRT-OYzny3GwOH8Cgfw,UCSou6a2OuYGSvPjm5psquyA,1
UC650pRT-OYzny3GwOH8Cgfw,UCsJJAvrVGupdmhOqgtDp8dg,1
UC650pRT-OYzny3GwOH8Cgfw,UCfM3nrxtTQMY5jFx1v1J4Gg,1
UC650pRT-OYzny3GwOH8Cgfw,UCA93ym2TXs_Ibyxb4Vcn-6Q,1
UC650pRT-OYzny3GwOH8Cgfw,UCFxE8GbokBrBsPEKM1xrOjQ,1
UC650pRT-OYzny3GwOH8Cgfw,UCAmtbUiIrUIhikru0ZoTFig,1
UC650pRT-OYzny3GwOH8Cgfw,UCpl8rF8uv_8uui-QRvuJaRA,1
UC650pRT-OYzny3GwOH8Cgfw,UCjSKM9j0Q7HLDr1hD6D-TUw,1
UC650pRT-OYzny3GwOH8Cgfw,UCtNfIBnc5S5DbbQj_yxgJTw,1
UC650pRT-OYzny3GwOH8Cgfw,UCvApqeCbLod-wejtT4CcVuA,1
UC650pRT-OYzny3GwOH8Cgfw,UCr1emrogPKkKTs_WTtx71xg,1
UC650pRT-OYzny3GwOH8Cgfw,UC4cXueR2bKGFJV0Fk76gwmA,1
UC650pRT-OYzny3GwOH8Cgfw,UCRETAiYdh2dL5ZxB0_N1zDA,1
UC650pRT-OYzny3GwOH8Cgfw,UC3NMzdMYryaw82kPTnsaljg,1
UC650pRT-OYzny3GwOH8Cgfw,UCsjs5Hp_r86x1xbK6FAeqaA,1
UC650pRT-OYzny3GwOH8Cgfw,UCp4iw5_5SmV9VGTFSNVGOmQ,1
UC650pRT-OYzny3GwOH8Cgfw,UCKDR0f2fu2UzWL8mBv5-BHw,1
UC650pRT-OYzny3GwOH8Cgfw,UC5bG9nc_JV3FsNP2KseQiYw,1
UC650pRT-OYzny3GwOH8Cgfw,UCDUffaruH6dyUnUGwsTKpgg,1
UC650pRT-OYzny3GwOH8Cgfw,UC2weSE8rpqkGMOp6StYtVfg,1
UC650pRT-OYzny3GwOH8Cgfw,UCl0ekS9Tt0jJGtOEM18S63w,1
UC650pRT-OYzny3GwOH8Cgfw,UCiMythXHsw7eQEMykCdmMUA,1
UC650pRT-OYzny3GwOH8Cgfw,UChZknRmJkeGeQk0-mQuhDOg,1
UC650pRT-OYzny3GwOH8Cgfw,UCmvOgzmmXbjUthHy-WJ52hQ,1
UC650pRT-OYzny3GwOH8Cgfw,UC-jS_kA9w-OmpupXDx156Rg,1
UC650pRT-OYzny3GwOH8Cgfw,UCXgr7vXlRrsaskPdo097kGA,1
UCWoAVGVqCn4xtINCMOTM4jg,UC-fiZBS5Gp1eCJd9ucgWnCg,1
UCWoAVGVqCn4xtINCMOTM4jg,UCUoYsrx1oZnCZ0usbBJn4fA,1
UCWoAVGVqCn4xtINCMOTM4jg,UC_LYoGs5C3mbZKZuKuqYCvw,1
UCWoAVGVqCn4xtINCMOTM4jg,UCu8_3-Wg-YzNyvHYQDEscfw,1
UCWoAVGVqCn4xtINCMOTM4jg,UC32oozucwCF3q8d4m8fyOUg,1
UCWoAVGVqCn4xtINCMOTM4jg,UCAKuKvcbfnBD3kF5njNu-IA,1
UCWoAVGVqCn4xtINCMOTM4jg,UClhMWQ7XKWywYvbRnuf8QsA,1
UCWoAVGVqCn4xtINCMOTM4jg,UCsGoJEvb-cFPZ2rWoJcXzEQ,1
UCWoAVGVqCn4xtINCMOTM4jg,UCHbwIx9pmQuf7i-4_xO2EpA,1
UCDPWkUX3sNNaCx-m1dV4glA,UC9xr9QvIcDvoZNUX5f-jaZw,1
UCDPWkUX3sNNaCx-m1dV4glA,UC-hfX8J5JPJ-dfuakzegMLA,1
UCDPWkUX3sNNaCx-m1dV4glA,UCwha8rxULYMVtNwZWeSkE1A,1
UCDPWkUX3sNNaCx-m1dV4glA,UCXXh7yg5KUFIWylTiKVEFKQ,1
UCDPWkUX3sNNaCx-m1dV4glA,UCYN4wSQ1Sx4_LurxLlW7MPg,1
UCDPWkUX3sNNaCx-m1dV4glA,UCsSXdJct-nsS8DsABoEsaYA,1
UCDPWkUX3sNNaCx-m1dV4glA,UCSou6a2OuYGSvPjm5psquyA,1
UCDPWkUX3sNNaCx-m1dV4glA,UCsJJAvrVGupdmhOqgtDp8dg,1
UCDPWkUX3sNNaCx-m1dV4glA,UCfM3nrxtTQMY5jFx1v1J4Gg,1
UCDPWkUX3sNNaCx-m1dV4glA,UCA93ym2TXs_Ibyxb4Vcn-6Q,1
UCDPWkUX3sNNaCx-m1dV4glA,UCFxE8GbokBrBsPEKM1xrOjQ,1
UCDPWkUX3sNNaCx-m1dV4glA,UCAmtbUiIrUIhikru0ZoTFig,1
UCDPWkUX3sNNaCx-m1dV4glA,UCpl8rF8uv_8uui-QRvuJaRA,1
UCDPWkUX3sNNaCx-m1dV4glA,UCjSKM9j0Q7HLDr1hD6D-TUw,1
UCDPWkUX3sNNaCx-m1dV4glA,UCtNfIBnc5S5DbbQj_yxgJTw,1
UCDPWkUX3sNNaCx-m1dV4glA,UCvApqeCbLod-wejtT4CcVuA,1
UCDPWkUX3sNNaCx-m1dV4glA,UCr1emrogPKkKTs_WTtx71xg,1
UCDPWkUX3sNNaCx-m1dV4glA,UC4cXueR2bKGFJV0Fk76gwmA,1
UCDPWkUX3sNNaCx-m1dV4glA,UCRETAiYdh2dL5ZxB0_N1zDA,1
UCDPWkUX3sNNaCx-m1dV4glA,UC3NMzdMYryaw82kPTnsaljg,1
UCDPWkUX3sNNaCx-m1dV4glA,UCsjs5Hp_r86x1xbK6FAeqaA,1
UCDPWkUX3sNNaCx-m1dV4glA,UCp4iw5_5SmV9VGTFSNVGOmQ,1
UCDPWkUX3sNNaCx-m1dV4glA,UCKDR0f2fu2UzWL8mBv5-BHw,1
UCDPWkUX3sNNaCx-m1dV4glA,UC5bG9nc_JV3FsNP2KseQiYw,1
UCDPWkUX3sNNaCx-m1dV4glA,UCDUffaruH6dyUnUGwsTKpgg,1
UCDPWkUX3sNNaCx-m1dV4glA,UC2weSE8rpqkGMOp6StYtVfg,1
UCDPWkUX3sNNaCx-m1dV4glA,UCl0ekS9Tt0jJGtOEM18S63w,1
UCDPWkUX3sNNaCx-m1dV4glA,UCiMythXHsw7eQEMykCdmMUA,1
UCDPWkUX3sNNaCx-m1dV4glA,UChZknRmJkeGeQk0-mQuhDOg,1
UCDPWkUX3sNNaCx-m1dV4glA,UCmvOgzmmXbjUthHy-WJ52hQ,1
UCDPWkUX3sNNaCx-m1dV4glA,UC-jS_kA9w-OmpupXDx156Rg,1
UCDPWkUX3sNNaCx-m1dV4glA,UCXgr7vXlRrsaskPdo097kGA,1
UCsGoJEvb-cFPZ2rWoJcXzEQ,UC-fiZBS5Gp1eCJd9ucgWnCg,1
UCsGoJEvb-cFPZ2rWoJcXzEQ,UCUoYsrx1oZnCZ0usbBJn4fA,1
UCsGoJEvb-cFPZ2rWoJcXzEQ,UC_LYoGs5C3mbZKZuKuqYCvw,1
UCsGoJEvb-cFPZ2rWoJcXzEQ,UCu8_3-Wg-YzNyvHYQDEscfw,1
UCsGoJEvb-cFPZ2rWoJcXzEQ,UC32oozucwCF3q8d4m8fyOUg,1
UCsGoJEvb-cFPZ2rWoJcXzEQ,UCAKuKvcbfnBD3kF5njNu-IA,1
UCsGoJEvb-cFPZ2rWoJcXzEQ,UClhMWQ7XKWywYvbRnuf8QsA,1
UCsGoJEvb-cFPZ2rWoJcXzEQ,UCHbwIx9pmQuf7i-4_xO2EpA,1
UCXXh7yg5KUFIWylTiKVEFKQ,UC9xr9QvIcDvoZNUX5f-jaZw,1
UCXXh7yg5KUFIWylTiKVEFKQ,UC-hfX8J5JPJ-dfuakzegMLA,1
UCXXh7yg5KUFIWylTiKVEFKQ,UCwha8rxULYMVtNwZWeSkE1A,1
UCXXh7yg5KUFIWylTiKVEFKQ,UCYN4wSQ1Sx4_LurxLlW7MPg,1
UCXXh7yg5KUFIWylTiKVEFKQ,UCsSXdJct-nsS8DsABoEsaYA,1
UCXXh7yg5KUFIWylTiKVEFKQ,UCSou6a2OuYGSvPjm5psquyA,1
UCXXh7yg5KUFIWylTiKVEFKQ,UCsJJAvrVGupdmhOqgtDp8dg,1
UCXXh7yg5KUFIWylTiKVEFKQ,UCfM3nrxtTQMY5jFx1v1J4Gg,1
UCXXh7yg5KUFIWylTiKVEFKQ,UCA93ym2TXs_Ibyxb4Vcn-6Q,1
UCXXh7yg5KUFIWylTiKVEFKQ,UCFxE8GbokBrBsPEKM1xrOjQ,1
UCXXh7yg5KUFIWylTiKVEFKQ,UCAmtbUiIrUIhikru0ZoTFig,1
UCXXh7yg5KUFIWylTiKVEFKQ,UCpl8rF8uv_8uui-QRvuJaRA,1
UCXXh7yg5KUFIWylTiKVEFKQ,UCjSKM9j0Q7HLDr1hD6D-TUw,1
UCXXh7yg5KUFIWylTiKVEFKQ,UCtNfIBnc5S5DbbQj_yxgJTw,1
UCXXh7yg5KUFIWylTiKVEFKQ,UCvApqeCbLod-wejtT4CcVuA,1
UCXXh7yg5KUFIWylTiKVEFKQ,UCr1emrogPKkKTs_WTtx71xg,1
UCXXh7yg5KUFIWylTiKVEFKQ,UC4cXueR2bKGFJV0Fk76gwmA,1
UCXXh7yg5KUFIWylTiKVEFKQ,UCRETAiYdh2dL5ZxB0_N1zDA,1
UCXXh7yg5KUFIWylTiKVEFKQ,UC3NMzdMYryaw82kPTnsaljg,1
UCXXh7yg5KUFIWylTiKVEFKQ,UCsjs5Hp_r86x1xbK6FAeqaA,1
UCXXh7yg5KUFIWylTiKVEFKQ,UCp4iw5_5SmV9VGTFSNVGOmQ,1
UCXXh7yg5KUFIWylTiKVEFKQ,UCKDR0f2fu2UzWL8mBv5-BHw,1
UCXXh7yg5KUFIWylTiKVEFKQ,UC5bG9nc_JV3FsNP2KseQiYw,1
UCXXh7yg5KUFIWylTiKVEFKQ,UCDUffaruH6dyUnUGwsTKpgg,1
UCXXh7yg5KUFIWylTiKVEFKQ,UC2weSE8rpqkGMOp6StYtVfg,1
UCXXh7yg5KUFIWylTiKVEFKQ,UCl0ekS9Tt0jJGtOEM18S63w,1
UCXXh7yg5KUFIWylTiKVEFKQ,UCiMythXHsw7eQEMykCdmMUA,1
UCXXh7yg5KUFIWylTiKVEFKQ,UChZknRmJkeGeQk0-mQuhDOg,1
UCXXh7yg5KUFIWylTiKVEFKQ,UCmvOgzmmXbjUthHy-WJ52hQ,1
UCXXh7yg5KUFIWylTiKVEFKQ,UC-jS_kA9w-OmpupXDx156Rg,1
UCXXh7yg5KUFIWylTiKVEFKQ,UCXgr7vXlRrsaskPdo097kGA,1
UCfM3nrxtTQMY5jFx1v1J4Gg,UC9xr9QvIcDvoZNUX5f-jaZw,1
UCfM3nrxtTQMY5jFx1v1J4Gg,UC-hfX8J5JPJ-dfuakzegMLA,1
UCfM3nrxtTQMY5jFx1v1J4Gg,UCwha8rxULYMVtNwZWeSkE1A,1
UCfM3nrxtTQMY5jFx1v1J4Gg,UCYN4wSQ1Sx4_LurxLlW7MPg,1
UCfM3nrxtTQMY5jFx1v1J4Gg,UCsSXdJct-nsS8DsABoEsaYA,1
UCfM3nrxtTQMY5jFx1v1J4Gg,UCSou6a2OuYGSvPjm5psquyA,1
UCfM3nrxtTQMY5jFx1v1J4Gg,UCsJJAvrVGupdmhOqgtDp8dg,1
UCfM3nrxtTQMY5jFx1v1J4Gg,UCA93ym2TXs_Ibyxb4Vcn-6Q,1
UCfM3nrxtTQMY5jFx1v1J4Gg,UCFxE8GbokBrBsPEKM1xrOjQ,1
UCfM3nrxtTQMY5jFx1v1J4Gg,UCAmtbUiIrUIhikru0ZoTFig,1
UCfM3nrxtTQMY5jFx1v1J4Gg,UCpl8rF8uv_8uui-QRvuJaRA,1
UCfM3nrxtTQMY5jFx1v1J4Gg,UCjSKM9j0Q7HLDr1hD6D-TUw,1
UCfM3nrxtTQMY5jFx1v1J4Gg,UCtNfIBnc5S5DbbQj_yxgJTw,1
UCfM3nrxtTQMY5jFx1v1J4Gg,UCvApqeCbLod-wejtT4CcVuA,1
UCfM3nrxtTQMY5jFx1v1J4Gg,UCr1emrogPKkKTs_WTtx71xg,1
UCfM3nrxtTQMY5jFx1v1J4Gg,UC4cXueR2bKGFJV0Fk76gwmA,1
UCfM3nrxtTQMY5jFx1v1J4Gg,UCRETAiYdh2dL5ZxB0_N1zDA,1
UCfM3nrxtTQMY5jFx1v1J4Gg,UC3NMzdMYryaw82kPTnsaljg,1
UCfM3nrxtTQMY5jFx1v1J4Gg,UCsjs5Hp_r86x1xbK6FAeqaA,1
UCfM3nrxtTQMY5jFx1v1J4Gg,UCp4iw5_5SmV9VGTFSNVGOmQ,1
UCfM3nrxtTQMY5jFx1v1J4Gg,UCKDR0f2fu2UzWL8mBv5-BHw,1
UCfM3nrxtTQMY5jFx1v1J4Gg,UC5bG9nc_JV3FsNP2KseQiYw,1
UCfM3nrxtTQMY5jFx1v1J4Gg,UCDUffaruH6dyUnUGwsTKpgg,1
UCfM3nrxtTQMY5jFx1v1J4Gg,UC2weSE8rpqkGMOp6StYtVfg,1
UCfM3nrxtTQMY5jFx1v1J4Gg,UCl0ekS9Tt0jJGtOEM18S63w,1
UCfM3nrxtTQMY5jFx1v1J4Gg,UCiMythXHsw7eQEMykCdmMUA,1
UCfM3nrxtTQMY5jFx1v1J4Gg,UChZknRmJkeGeQk0-mQuhDOg,1
UCfM3nrxtTQMY5jFx1v1J4Gg,UCmvOgzmmXbjUthHy-WJ52hQ,1
UCfM3nrxtTQMY5jFx1v1J4Gg,UC-jS_kA9w-OmpupXDx156Rg,1
UCfM3nrxtTQMY5jFx1v1J4Gg,UCXgr7vXlRrsaskPdo097kGA,1
UCp4iw5_5SmV9VGTFSNVGOmQ,UC9xr9QvIcDvoZNUX5f-jaZw,1
UCp4iw5_5SmV9VGTFSNVGOmQ,UC-hfX8J5JPJ-dfuakzegMLA,1
UCp4iw5_5SmV9VGTFSNVGOmQ,UCwha8rxULYMVtNwZWeSkE1A,1
UCp4iw5_5SmV9VGTFSNVGOmQ,UCYN4wSQ1Sx4_LurxLlW7MPg,1
UCp4iw5_5SmV9VGTFSNVGOmQ,UCsSXdJct-nsS8DsABoEsaYA,1
UCp4iw5_5SmV9VGTFSNVGOmQ,UCSou6a2OuYGSvPjm5psquyA,1
UCp4iw5_5SmV9VGTFSNVGOmQ,UCsJJAvrVGupdmhOqgtDp8dg,1
UCp4iw5_5SmV9VGTFSNVGOmQ,UCA93ym2TXs_Ibyxb4Vcn-6Q,1
UCp4iw5_5SmV9VGTFSNVGOmQ,UCFxE8GbokBrBsPEKM1xrOjQ,1
UCp4iw5_5SmV9VGTFSNVGOmQ,UCAmtbUiIrUIhikru0ZoTFig,1
UCp4iw5_5SmV9VGTFSNVGOmQ,UCpl8rF8uv_8uui-QRvuJaRA,1
UCp4iw5_5SmV9VGTFSNVGOmQ,UCjSKM9j0Q7HLDr1hD6D-TUw,1
UCp4iw5_5SmV9VGTFSNVGOmQ,UCtNfIBnc5S5DbbQj_yxgJTw,1
UCp4iw5_5SmV9VGTFSNVGOmQ,UCvApqeCbLod-wejtT4CcVuA,1
UCp4iw5_5SmV9VGTFSNVGOmQ,UCr1emrogPKkKTs_WTtx71xg,1
UCp4iw5_5SmV9VGTFSNVGOmQ,UC4cXueR2bKGFJV0Fk76gwmA,1
UCp4iw5_5SmV9VGTFSNVGOmQ,UCRETAiYdh2dL5ZxB0_N1zDA,1
UCp4iw5_5SmV9VGTFSNVGOmQ,UC3NMzdMYryaw82kPTnsaljg,1
UCp4iw5_5SmV9VGTFSNVGOmQ,UCsjs5Hp_r86x1xbK6FAeqaA,1
UCp4iw5_5SmV9VGTFSNVGOmQ,UCKDR0f2fu2UzWL8mBv5-BHw,1
UCp4iw5_5SmV9VGTFSNVGOmQ,UC5bG9nc_JV3FsNP2KseQiYw,1
UCp4iw5_5SmV9VGTFSNVGOmQ,UCDUffaruH6dyUnUGwsTKpgg,1
UCp4iw5_5SmV9VGTFSNVGOmQ,UC2weSE8rpqkGMOp6StYtVfg,1
UCp4iw5_5SmV9VGTFSNVGOmQ,UCl0ekS9Tt0jJGtOEM18S63w,1
UCp4iw5_5SmV9VGTFSNVGOmQ,UCiMythXHsw7eQEMykCdmMUA,1
UCp4iw5_5SmV9VGTFSNVGOmQ,UChZknRmJkeGeQk0-mQuhDOg,1
UCp4iw5_5SmV9VGTFSNVGOmQ,UCmvOgzmmXbjUthHy-WJ52hQ,1
UCp4iw5_5SmV9VGTFSNVGOmQ,UC-jS_kA9w-OmpupXDx156Rg,1
UCp4iw5_5SmV9VGTFSNVGOmQ,UCXgr7vXlRrsaskPdo097kGA,1
UCIp19h9igblA2YKfSLPDAug,UCaT6M2zp7X6r6Whd8Vv3kHQ,1
UCIp19h9igblA2YKfSLPDAug,UCi-vPdnpQreC7BkFs40mJGA,1
UCIp19h9igblA2YKfSLPDAug,UCRznz9-N3Qc1w-qNdLSIY2Q,1
UCIp19h9igblA2YKfSLPDAug,UCRcSR3Lvn9DZAmJpVPANfZQ,1
UCIp19h9igblA2YKfSLPDAug,UCGqKxQS-z3NZzZF-2w338AA,1
UCIp19h9igblA2YKfSLPDAug,UCwUAv3_LpWVtTIi7lkmTL7A,1
UCIp19h9igblA2YKfSLPDAug,UCyzf29IYjNw67gGIfsjgtxA,1
UCIp19h9igblA2YKfSLPDAug,UCgLrWFdYitoP-b7-PxtUr-w,1
UCIp19h9igblA2YKfSLPDAug,UCY7Hq7F9Lnucf-Yr6JkHZNw,1
UCIp19h9igblA2YKfSLPDAug,UCtMBF_1O2jY2INlb_luuB_A,1
UCwha8rxULYMVtNwZWeSkE1A,UC9xr9QvIcDvoZNUX5f-jaZw,1
UCwha8rxULYMVtNwZWeSkE1A,UC-hfX8J5JPJ-dfuakzegMLA,1
UCwha8rxULYMVtNwZWeSkE1A,UCYN4wSQ1Sx4_LurxLlW7MPg,1
UCwha8rxULYMVtNwZWeSkE1A,UCsSXdJct-nsS8DsABoEsaYA,1
UCwha8rxULYMVtNwZWeSkE1A,UCSou6a2OuYGSvPjm5psquyA,1
UCwha8rxULYMVtNwZWeSkE1A,UCsJJAvrVGupdmhOqgtDp8dg,1
UCwha8rxULYMVtNwZWeSkE1A,UCA93ym2TXs_Ibyxb4Vcn-6Q,1
UCwha8rxULYMVtNwZWeSkE1A,UCFxE8GbokBrBsPEKM1xrOjQ,1
UCwha8rxULYMVtNwZWeSkE1A,UCAmtbUiIrUIhikru0ZoTFig,1
UCwha8rxULYMVtNwZWeSkE1A,UCpl8rF8uv_8uui-QRvuJaRA,1
UCwha8rxULYMVtNwZWeSkE1A,UCjSKM9j0Q7HLDr1hD6D-TUw,1
UCwha8rxULYMVtNwZWeSkE1A,UCtNfIBnc5S5DbbQj_yxgJTw,1
UCwha8rxULYMVtNwZWeSkE1A,UCvApqeCbLod-wejtT4CcVuA,1
UCwha8rxULYMVtNwZWeSkE1A,UCr1emrogPKkKTs_WTtx71xg,1
UCwha8rxULYMVtNwZWeSkE1A,UC4cXueR2bKGFJV0Fk76gwmA,1
UCwha8rxULYMVtNwZWeSkE1A,UCRETAiYdh2dL5ZxB0_N1zDA,1
UCwha8rxULYMVtNwZWeSkE1A,UC3NMzdMYryaw82kPTnsaljg,1
UCwha8rxULYMVtNwZWeSkE1A,UCsjs5Hp_r86x1xbK6FAeqaA,1
UCwha8rxULYMVtNwZWeSkE1A,UCKDR0f2fu2UzWL8mBv5-BHw,1
UCwha8rxULYMVtNwZWeSkE1A,UC5bG9nc_JV3FsNP2KseQiYw,1
UCwha8rxULYMVtNwZWeSkE1A,UCDUffaruH6dyUnUGwsTKpgg,1
UCwha8rxULYMVtNwZWeSkE1A,UC2weSE8rpqkGMOp6StYtVfg,1
UCwha8rxULYMVtNwZWeSkE1A,UCl0ekS9Tt0jJGtOEM18S63w,1
UCwha8rxULYMVtNwZWeSkE1A,UCiMythXHsw7eQEMykCdmMUA,1
UCwha8rxULYMVtNwZWeSkE1A,UChZknRmJkeGeQk0-mQuhDOg,1
UCwha8rxULYMVtNwZWeSkE1A,UCmvOgzmmXbjUthHy-WJ52hQ,1
UCwha8rxULYMVtNwZWeSkE1A,UC-jS_kA9w-OmpupXDx156Rg,1
UCwha8rxULYMVtNwZWeSkE1A,UCXgr7vXlRrsaskPdo097kGA,1
UCHbwIx9pmQuf7i-4_xO2EpA,UC-fiZBS5Gp1eCJd9ucgWnCg,1
UCHbwIx9pmQuf7i-4_xO2EpA,UCUoYsrx1oZnCZ0usbBJn4fA,1
UCHbwIx9pmQuf7i-4_xO2EpA,UC_LYoGs5C3mbZKZuKuqYCvw,1
UCHbwIx9pmQuf7i-4_xO2EpA,UCu8_3-Wg-YzNyvHYQDEscfw,1
UCHbwIx9pmQuf7i-4_xO2EpA,UC32oozucwCF3q8d4m8fyOUg,1
UCHbwIx9pmQuf7i-4_xO2EpA,UCAKuKvcbfnBD3kF5njNu-IA,1
UCHbwIx9pmQuf7i-4_xO2EpA,UClhMWQ7XKWywYvbRnuf8QsA,1
UCu8_3-Wg-YzNyvHYQDEscfw,UC-fiZBS5Gp1eCJd9ucgWnCg,1
UCu8_3-Wg-YzNyvHYQDEscfw,UCUoYsrx1oZnCZ0usbBJn4fA,1
UCu8_3-Wg-YzNyvHYQDEscfw,UC_LYoGs5C3mbZKZuKuqYCvw,1
UCu8_3-Wg-YzNyvHYQDEscfw,UC32oozucwCF3q8d4m8fyOUg,1
UCu8_3-Wg-YzNyvHYQDEscfw,UCAKuKvcbfnBD3kF5njNu-IA,1
UCu8_3-Wg-YzNyvHYQDEscfw,UClhMWQ7XKWywYvbRnuf8QsA,1
UCIgoiXdIKJyUGmUoH2Lxdzg,UCbNanjFI51cwGqMAb2rOrBw,1
UCIgoiXdIKJyUGmUoH2Lxdzg,UCZjm6U576nX8WOiLhmMR3bw,1
UCIgoiXdIKJyUGmUoH2Lxdzg,UCrqXyRsg-_hTosURZ-uvoKg,1
UCIgoiXdIKJyUGmUoH2Lxdzg,UCGZMgmM92E3njyXNe9-kjAQ,1
UCXN2s7DwTJm33xO-pNkAdaA,UCIXLDYqR_syskKRJy_x9W9Q,1
UCXN2s7DwTJm33xO-pNkAdaA,UCwCfs-2zbD5k0lG-UVg_JBw,1
UCgLrWFdYitoP-b7-PxtUr-w,UCaT6M2zp7X6r6Whd8Vv3kHQ,1
UCgLrWFdYitoP-b7-PxtUr-w,UCi-vPdnpQreC7BkFs40mJGA,1
UCgLrWFdYitoP-b7-PxtUr-w,UCRznz9-N3Qc1w-qNdLSIY2Q,1
UCgLrWFdYitoP-b7-PxtUr-w,UCRcSR3Lvn9DZAmJpVPANfZQ,1
UCgLrWFdYitoP-b7-PxtUr-w,UCGqKxQS-z3NZzZF-2w338AA,1
UCgLrWFdYitoP-b7-PxtUr-w,UCwUAv3_LpWVtTIi7lkmTL7A,1
UCgLrWFdYitoP-b7-PxtUr-w,UCyzf29IYjNw67gGIfsjgtxA,1
UCgLrWFdYitoP-b7-PxtUr-w,UCY7Hq7F9Lnucf-Yr6JkHZNw,1
UCgLrWFdYitoP-b7-PxtUr-w,UCtMBF_1O2jY2INlb_luuB_A,1
UCAKuKvcbfnBD3kF5njNu-IA,UC-fiZBS5Gp1eCJd9ucgWnCg,1
UCAKuKvcbfnBD3kF5njNu-IA,UCUoYsrx1oZnCZ0usbBJn4fA,1
UCAKuKvcbfnBD3kF5njNu-IA,UC_LYoGs5C3mbZKZuKuqYCvw,1
UCAKuKvcbfnBD3kF5njNu-IA,UC32oozucwCF3q8d4m8fyOUg,1
UCAKuKvcbfnBD3kF5njNu-IA,UClhMWQ7XKWywYvbRnuf8QsA,1
UCFxE8GbokBrBsPEKM1xrOjQ,UC9xr9QvIcDvoZNUX5f-jaZw,1
UCFxE8GbokBrBsPEKM1xrOjQ,UC-hfX8J5JPJ-dfuakzegMLA,1
UCFxE8GbokBrBsPEKM1xrOjQ,UCYN4wSQ1Sx4_LurxLlW7MPg,1
UCFxE8GbokBrBsPEKM1xrOjQ,UCsSXdJct-nsS8DsABoEsaYA,1
UCFxE8GbokBrBsPEKM1xrOjQ,UCSou6a2OuYGSvPjm5psquyA,1
UCFxE8GbokBrBsPEKM1xrOjQ,UCsJJAvrVGupdmhOqgtDp8dg,1
UCFxE8GbokBrBsPEKM1xrOjQ,UCA93ym2TXs_Ibyxb4Vcn-6Q,1
UCFxE8GbokBrBsPEKM1xrOjQ,UCAmtbUiIrUIhikru0ZoTFig,1
UCFxE8GbokBrBsPEKM1xrOjQ,UCpl8rF8uv_8uui-QRvuJaRA,1
UCFxE8GbokBrBsPEKM1xrOjQ,UCjSKM9j0Q7HLDr1hD6D-TUw,1
UCFxE8GbokBrBsPEKM1xrOjQ,UCtNfIBnc5S5DbbQj_yxgJTw,1
UCFxE8GbokBrBsPEKM1xrOjQ,UCvApqeCbLod-wejtT4CcVuA,1
UCFxE8GbokBrBsPEKM1xrOjQ,UCr1emrogPKkKTs_WTtx71xg,1
UCFxE8GbokBrBsPEKM1xrOjQ,UC4cXueR2bKGFJV0Fk76gwmA,1
UCFxE8GbokBrBsPEKM1xrOjQ,UCRETAiYdh2dL5ZxB0_N1zDA,1
UCFxE8GbokBrBsPEKM1xrOjQ,UC3NMzdMYryaw82kPTnsaljg,1
UCFxE8GbokBrBsPEKM1xrOjQ,UCsjs5Hp_r86x1xbK6FAeqaA,1
UCFxE8GbokBrBsPEKM1xrOjQ,UCKDR0f2fu2UzWL8mBv5-BHw,1
UCFxE8GbokBrBsPEKM1xrOjQ,UC5bG9nc_JV3FsNP2KseQiYw,1
UCFxE8GbokBrBsPEKM1xrOjQ,UCDUffaruH6dyUnUGwsTKpgg,1
UCFxE8GbokBrBsPEKM1xrOjQ,UC2weSE8rpqkGMOp6StYtVfg,1
UCFxE8GbokBrBsPEKM1xrOjQ,UCl0ekS9Tt0jJGtOEM18S63w,1
UCFxE8GbokBrBsPEKM1xrOjQ,UCiMythXHsw7eQEMykCdmMUA,1
UCFxE8GbokBrBsPEKM1xrOjQ,UChZknRmJkeGeQk0-mQuhDOg,1
UCFxE8GbokBrBsPEKM1xrOjQ,UCmvOgzmmXbjUthHy-WJ52hQ,1
UCFxE8GbokBrBsPEKM1xrOjQ,UC-jS_kA9w-OmpupXDx156Rg,1
UCFxE8GbokBrBsPEKM1xrOjQ,UCXgr7vXlRrsaskPdo097kGA,1
UCk4O-J1BhoqPmig1KLGJePA,UCBtB5dIyx-C16UN8ClUD2UA,1
UCk4O-J1BhoqPmig1KLGJePA,UCfRqgt2O-vjzUDMZY_tnxQw,1
UCk4O-J1BhoqPmig1KLGJePA,UC4kg7zuTfqQKLd2bkZrSYBA,1
UCUoYsrx1oZnCZ0usbBJn4fA,UC-fiZBS5Gp1eCJd9ucgWnCg,1
UCUoYsrx1oZnCZ0usbBJn4fA,UC_LYoGs5C3mbZKZuKuqYCvw,1
UCUoYsrx1oZnCZ0usbBJn4fA,UC32oozucwCF3q8d4m8fyOUg,1
UCUoYsrx1oZnCZ0usbBJn4fA,UClhMWQ7XKWywYvbRnuf8QsA,1
UCHu8x4MVkayU6VgwVKd--MQ,UC094EFEmMSdwVa8NQjjYBXg,1
UCHu8x4MVkayU6VgwVKd--MQ,UC5PrBbmUlQolwqmiru7yZhw,1
UCHu8x4MVkayU6VgwVKd--MQ,UCGm3gRBEHGRJYmtCryZLtDw,1
UCHu8x4MVkayU6VgwVKd--MQ,UC9Wp6vL5oCU37qC3Aj94WZA,1
UC-jS_kA9w-OmpupXDx156Rg,UC9xr9QvIcDvoZNUX5f-jaZw,1
UC-jS_kA9w-OmpupXDx156Rg,UC-hfX8J5JPJ-dfuakzegMLA,1
UC-jS_kA9w-OmpupXDx156Rg,UCYN4wSQ1Sx4_LurxLlW7MPg,1
UC-jS_kA9w-OmpupXDx156Rg,UCsSXdJct-nsS8DsABoEsaYA,1
UC-jS_kA9w-OmpupXDx156Rg,UCSou6a2OuYGSvPjm5psquyA,1
UC-jS_kA9w-OmpupXDx156Rg,UCsJJAvrVGupdmhOqgtDp8dg,1
UC-jS_kA9w-OmpupXDx156Rg,UCA93ym2TXs_Ibyxb4Vcn-6Q,1
UC-jS_kA9w-OmpupXDx156Rg,UCAmtbUiIrUIhikru0ZoTFig,1
UC-jS_kA9w-OmpupXDx156Rg,UCpl8rF8uv_8uui-QRvuJaRA,1
UC-jS_kA9w-OmpupXDx156Rg,UCjSKM9j0Q7HLDr1hD6D-TUw,1
UC-jS_kA9w-OmpupXDx156Rg,UCtNfIBnc5S5DbbQj_yxgJTw,1
UC-jS_kA9w-OmpupXDx156Rg,UCvApqeCbLod-wejtT4CcVuA,1
UC-jS_kA9w-OmpupXDx156Rg,UCr1emrogPKkKTs_WTtx71xg,1
UC-jS_kA9w-OmpupXDx156Rg,UC4cXueR2bKGFJV0Fk76gwmA,1
UC-jS_kA9w-OmpupXDx156Rg,UCRETAiYdh2dL5ZxB0_N1zDA,1
UC-jS_kA9w-OmpupXDx156Rg,UC3NMzdMYryaw82kPTnsaljg,1
UC-jS_kA9w-OmpupXDx156Rg,UCsjs5Hp_r86x1xbK6FAeqaA,1
UC-jS_kA9w-OmpupXDx156Rg,UCKDR0f2fu2UzWL8mBv5-BHw,1
UC-jS_kA9w-OmpupXDx156Rg,UC5bG9nc_JV3FsNP2KseQiYw,1
UC-jS_kA9w-OmpupXDx156Rg,UCDUffaruH6dyUnUGwsTKpgg,1
UC-jS_kA9w-OmpupXDx156Rg,UC2weSE8rpqkGMOp6StYtVfg,1
UC-jS_kA9w-OmpupXDx156Rg,UCl0ekS9Tt0jJGtOEM18S63w,1
UC-jS_kA9w-OmpupXDx156Rg,UCiMythXHsw7eQEMykCdmMUA,1
UC-jS_kA9w-OmpupXDx156Rg,UChZknRmJkeGeQk0-mQuhDOg,1
UC-jS_kA9w-OmpupXDx156Rg,UCmvOgzmmXbjUthHy-WJ52hQ,1
UC-jS_kA9w-OmpupXDx156Rg,UCXgr7vXlRrsaskPdo097kGA,1
UChT7pzGytNd92Nmvi-zuWog,UCTTILH6QCIxbTnEWxwRqs1g,1
UChT7pzGytNd92Nmvi-zuWog,UCOY3XpD9qMCRSA8AA8c4CAw,1
UChT7pzGytNd92Nmvi-zuWog,UCXO1BBohNWXkK9SBDAG2ySg,1
UChZknRmJkeGeQk0-mQuhDOg,UC9xr9QvIcDvoZNUX5f-jaZw,1
UChZknRmJkeGeQk0-mQuhDOg,UC-hfX8J5JPJ-dfuakzegMLA,1
UChZknRmJkeGeQk0-mQuhDOg,UCYN4wSQ1Sx4_LurxLlW7MPg,1
UChZknRmJkeGeQk0-mQuhDOg,UCsSXdJct-nsS8DsABoEsaYA,1
UChZknRmJkeGeQk0-mQuhDOg,UCSou6a2OuYGSvPjm5psquyA,1
UChZknRmJkeGeQk0-mQuhDOg,UCsJJAvrVGupdmhOqgtDp8dg,1
UChZknRmJkeGeQk0-mQuhDOg,UCA93ym2TXs_Ibyxb4Vcn-6Q,1
UChZknRmJkeGeQk0-mQuhDOg,UCAmtbUiIrUIhikru0ZoTFig,1
UChZknRmJkeGeQk0-mQuhDOg,UCpl8rF8uv_8uui-QRvuJaRA,1
UChZknRmJkeGeQk0-mQuhDOg,UCjSKM9j0Q7HLDr1hD6D-TUw,1
UChZknRmJkeGeQk0-mQuhDOg,UCtNfIBnc5S5DbbQj_yxgJTw,1
UChZknRmJkeGeQk0-mQuhDOg,UCvApqeCbLod-wejtT4CcVuA,1
UChZknRmJkeGeQk0-mQuhDOg,UCr1emrogPKkKTs_WTtx71xg,1
UChZknRmJkeGeQk0-mQuhDOg,UC4cXueR2bKGFJV0Fk76gwmA,1
UChZknRmJkeGeQk0-mQuhDOg,UCRETAiYdh2dL5ZxB0_N1zDA,1
UChZknRmJkeGeQk0-mQuhDOg,UC3NMzdMYryaw82kPTnsaljg,1
UChZknRmJkeGeQk0-mQuhDOg,UCsjs5Hp_r86x1xbK6FAeqaA,1
UChZknRmJkeGeQk0-mQuhDOg,UCKDR0f2fu2UzWL8mBv5-BHw,1
UChZknRmJkeGeQk0-mQuhDOg,UC5bG9nc_JV3FsNP2KseQiYw,1
UChZknRmJkeGeQk0-mQuhDOg,UCDUffaruH6dyUnUGwsTKpgg,1
UChZknRmJkeGeQk0-mQuhDOg,UC2weSE8rpqkGMOp6StYtVfg,1
UChZknRmJkeGeQk0-mQuhDOg,UCl0ekS9Tt0jJGtOEM18S63w,1
UChZknRmJkeGeQk0-mQuhDOg,UCiMythXHsw7eQEMykCdmMUA,1
UChZknRmJkeGeQk0-mQuhDOg,UCmvOgzmmXbjUthHy-WJ52hQ,1
UChZknRmJkeGeQk0-mQuhDOg,UCXgr7vXlRrsaskPdo097kGA,1
UCOARn3hnfkB7-_Rwa8Hoqcw,UCyW68EGZey4ao_Vf2cR5Ztg,1
UC9Wp6vL5oCU37qC3Aj94WZA,UC094EFEmMSdwVa8NQjjYBXg,1
UC9Wp6vL5oCU37qC3Aj94WZA,UC5PrBbmUlQolwqmiru7yZhw,1
UC9Wp6vL5oCU37qC3Aj94WZA,UCGm3gRBEHGRJYmtCryZLtDw,1
UCIXLDYqR_syskKRJy_x9W9Q,UCwCfs-2zbD5k0lG-UVg_JBw,1
UCYN4wSQ1Sx4_LurxLlW7MPg,UC9xr9QvIcDvoZNUX5f-jaZw,1
UCYN4wSQ1Sx4_LurxLlW7MPg,UC-hfX8J5JPJ-dfuakzegMLA,1
UCYN4wSQ1Sx4_LurxLlW7MPg,UCsSXdJct-nsS8DsABoEsaYA,1
UCYN4wSQ1Sx4_LurxLlW7MPg,UCSou6a2OuYGSvPjm5psquyA,1
UCYN4wSQ1Sx4_LurxLlW7MPg,UCsJJAvrVGupdmhOqgtDp8dg,1
UCYN4wSQ1Sx4_LurxLlW7MPg,UCA93ym2TXs_Ibyxb4Vcn-6Q,1
UCYN4wSQ1Sx4_LurxLlW7MPg,UCAmtbUiIrUIhikru0ZoTFig,1
UCYN4wSQ1Sx4_LurxLlW7MPg,UCpl8rF8uv_8uui-QRvuJaRA,1
UCYN4wSQ1Sx4_LurxLlW7MPg,UCjSKM9j0Q7HLDr1hD6D-TUw,1
UCYN4wSQ1Sx4_LurxLlW7MPg,UCtNfIBnc5S5DbbQj_yxgJTw,1
UCYN4wSQ1Sx4_LurxLlW7MPg,UCvApqeCbLod-wejtT4CcVuA,1
UCYN4wSQ1Sx4_LurxLlW7MPg,UCr1emrogPKkKTs_WTtx71xg,1
UCYN4wSQ1Sx4_LurxLlW7MPg,UC4cXueR2bKGFJV0Fk76gwmA,1
UCYN4wSQ1Sx4_LurxLlW7MPg,UCRETAiYdh2dL5ZxB0_N1zDA,1
UCYN4wSQ1Sx4_LurxLlW7MPg,UC3NMzdMYryaw82kPTnsaljg,1
UCYN4wSQ1Sx4_LurxLlW7MPg,UCsjs5Hp_r86x1xbK6FAeqaA,1
UCYN4wSQ1Sx4_LurxLlW7MPg,UCKDR0f2fu2UzWL8mBv5-BHw,1
UCYN4wSQ1Sx4_LurxLlW7MPg,UC5bG9nc_JV3FsNP2KseQiYw,1
UCYN4wSQ1Sx4_LurxLlW7MPg,UCDUffaruH6dyUnUGwsTKpgg,1
UCYN4wSQ1Sx4_LurxLlW7MPg,UC2weSE8rpqkGMOp6StYtVfg,1
UCYN4wSQ1Sx4_LurxLlW7MPg,UCl0ekS9Tt0jJGtOEM18S63w,1
UCYN4wSQ1Sx4_LurxLlW7MPg,UCiMythXHsw7eQEMykCdmMUA,1
UCYN4wSQ1Sx4_LurxLlW7MPg,UCmvOgzmmXbjUthHy-WJ52hQ,1
UCYN4wSQ1Sx4_LurxLlW7MPg,UCXgr7vXlRrsaskPdo097kGA,1
UCTTILH6QCIxbTnEWxwRqs1g,UCOY3XpD9qMCRSA8AA8c4CAw,1
UCTTILH6QCIxbTnEWxwRqs1g,UCXO1BBohNWXkK9SBDAG2ySg,1
UC5bG9nc_JV3FsNP2KseQiYw,UC9xr9QvIcDvoZNUX5f-jaZw,1
UC5bG9nc_JV3FsNP2KseQiYw,UC-hfX8J5JPJ-dfuakzegMLA,1
UC5bG9nc_JV3FsNP2KseQiYw,UCsSXdJct-nsS8DsABoEsaYA,1
UC5bG9nc_JV3FsNP2KseQiYw,UCSou6a2OuYGSvPjm5psquyA,1
UC5bG9nc_JV3FsNP2KseQiYw,UCsJJAvrVGupdmhOqgtDp8dg,1
UC5bG9nc_JV3FsNP2KseQiYw,UCA93ym2TXs_Ibyxb4Vcn-6Q,1
UC5bG9nc_JV3FsNP2KseQiYw,UCAmtbUiIrUIhikru0ZoTFig,1
UC5bG9nc_JV3FsNP2KseQiYw,UCpl8rF8uv_8uui-QRvuJaRA,1
UC5bG9nc_JV3FsNP2KseQiYw,UCjSKM9j0Q7HLDr1hD6D-TUw,1
UC5bG9nc_JV3FsNP2KseQiYw,UCtNfIBnc5S5DbbQj_yxgJTw,1
UC5bG9nc_JV3FsNP2KseQiYw,UCvApqeCbLod-wejtT4CcVuA,1
UC5bG9nc_JV3FsNP2KseQiYw,UCr1emrogPKkKTs_WTtx71xg,1
UC5bG9nc_JV3FsNP2KseQiYw,UC4cXueR2bKGFJV0Fk76gwmA,1
UC5bG9nc_JV3FsNP2KseQiYw,UCRETAiYdh2dL5ZxB0_N1zDA,1
UC5bG9nc_JV3FsNP2KseQiYw,UC3NMzdMYryaw82kPTnsaljg,1
UC5bG9nc_JV3FsNP2KseQiYw,UCsjs5Hp_r86x1xbK6FAeqaA,1
UC5bG9nc_JV3FsNP2KseQiYw,UCKDR0f2fu2UzWL8mBv5-BHw,1
UC5bG9nc_JV3FsNP2KseQiYw,UCDUffaruH6dyUnUGwsTKpgg,1
UC5bG9nc_JV3FsNP2KseQiYw,UC2weSE8rpqkGMOp6StYtVfg,1
UC5bG9nc_JV3FsNP2KseQiYw,UCl0ekS9Tt0jJGtOEM18S63w,1
UC5bG9nc_JV3FsNP2KseQiYw,UCiMythXHsw7eQEMykCdmMUA,1
UC5bG9nc_JV3FsNP2KseQiYw,UCmvOgzmmXbjUthHy-WJ52hQ,1
UC5bG9nc_JV3FsNP2KseQiYw,UCXgr7vXlRrsaskPdo097kGA,1
UCKDR0f2fu2UzWL8mBv5-BHw,UC9xr9QvIcDvoZNUX5f-jaZw,1
UCKDR0f2fu2UzWL8mBv5-BHw,UC-hfX8J5JPJ-dfuakzegMLA,1
UCKDR0f2fu2UzWL8mBv5-BHw,UCsSXdJct-nsS8DsABoEsaYA,1
UCKDR0f2fu2UzWL8mBv5-BHw,UCSou6a2OuYGSvPjm5psquyA,1
UCKDR0f2fu2UzWL8mBv5-BHw,UCsJJAvrVGupdmhOqgtDp8dg,1
UCKDR0f2fu2UzWL8mBv5-BHw,UCA93ym2TXs_Ibyxb4Vcn-6Q,1
UCKDR0f2fu2UzWL8mBv5-BHw,UCAmtbUiIrUIhikru0ZoTFig,1
UCKDR0f2fu2UzWL8mBv5-BHw,UCpl8rF8uv_8uui-QRvuJaRA,1
UCKDR0f2fu2UzWL8mBv5-BHw,UCjSKM9j0Q7HLDr1hD6D-TUw,1
UCKDR0f2fu2UzWL8mBv5-BHw,UCtNfIBnc5S5DbbQj_yxgJTw,1
UCKDR0f2fu2UzWL8mBv5-BHw,UCvApqeCbLod-wejtT4CcVuA,1
UCKDR0f2fu2UzWL8mBv5-BHw,UCr1emrogPKkKTs_WTtx71xg,1
UCKDR0f2fu2UzWL8mBv5-BHw,UC4cXueR2bKGFJV0Fk76gwmA,1
UCKDR0f2fu2UzWL8mBv5-BHw,UCRETAiYdh2dL5ZxB0_N1zDA,1
UCKDR0f2fu2UzWL8mBv5-BHw,UC3NMzdMYryaw82kPTnsaljg,1
UCKDR0f2fu2UzWL8mBv5-BHw,UCsjs5Hp_r86x1xbK6FAeqaA,1
UCKDR0f2fu2UzWL8mBv5-BHw,UCDUffaruH6dyUnUGwsTKpgg,1
UCKDR0f2fu2UzWL8mBv5-BHw,UC2weSE8rpqkGMOp6StYtVfg,1
UCKDR0f2fu2UzWL8mBv5-BHw,UCl0ekS9Tt0jJGtOEM18S63w,1
UCKDR0f2fu2UzWL8mBv5-BHw,UCiMythXHsw7eQEMykCdmMUA,1
UCKDR0f2fu2UzWL8mBv5-BHw,UCmvOgzmmXbjUthHy-WJ52hQ,1
UCKDR0f2fu2UzWL8mBv5-BHw,UCXgr7vXlRrsaskPdo097kGA,1
UCbYoNG5J3Au5BqtbXogfEFw,UC8xlJWNHz1V_W6q3fbuQH8g,1
UCbYoNG5J3Au5BqtbXogfEFw,UCgQJgI9vu1FI2dnC9mrFthw,1
UCbYoNG5J3Au5BqtbXogfEFw,UCVQf0tzL7xRzFJsABVVULpg,1
UCbYoNG5J3Au5BqtbXogfEFw,UCGX_UbAQOXGZknv5iqklwTA,1
UCbYoNG5J3Au5BqtbXogfEFw,UCtNyHmRZtvGF2hSvI2dUBWw,1
UCl0ekS9Tt0jJGtOEM18S63w,UC9xr9QvIcDvoZNUX5f-jaZw,1
UCl0ekS9Tt0jJGtOEM18S63w,UC-hfX8J5JPJ-dfuakzegMLA,1
UCl0ekS9Tt0jJGtOEM18S63w,UCsSXdJct-nsS8DsABoEsaYA,1
UCl0ekS9Tt0jJGtOEM18S63w,UCSou6a2OuYGSvPjm5psquyA,1
UCl0ekS9Tt0jJGtOEM18S63w,UCsJJAvrVGupdmhOqgtDp8dg,1
UCl0ekS9Tt0jJGtOEM18S63w,UCA93ym2TXs_Ibyxb4Vcn-6Q,1
UCl0ekS9Tt0jJGtOEM18S63w,UCAmtbUiIrUIhikru0ZoTFig,1
UCl0ekS9Tt0jJGtOEM18S63w,UCpl8rF8uv_8uui-QRvuJaRA,1
UCl0ekS9Tt0jJGtOEM18S63w,UCjSKM9j0Q7HLDr1hD6D-TUw,1
UCl0ekS9Tt0jJGtOEM18S63w,UCtNfIBnc5S5DbbQj_yxgJTw,1
UCl0ekS9Tt0jJGtOEM18S63w,UCvApqeCbLod-wejtT4CcVuA,1
UCl0ekS9Tt0jJGtOEM18S63w,UCr1emrogPKkKTs_WTtx71xg,1
UCl0ekS9Tt0jJGtOEM18S63w,UC4cXueR2bKGFJV0Fk76gwmA,1
UCl0ekS9Tt0jJGtOEM18S63w,UCRETAiYdh2dL5ZxB0_N1zDA,1
UCl0ekS9Tt0jJGtOEM18S63w,UC3NMzdMYryaw82kPTnsaljg,1
UCl0ekS9Tt0jJGtOEM18S63w,UCsjs5Hp_r86x1xbK6FAeqaA,1
UCl0ekS9Tt0jJGtOEM18S63w,UCDUffaruH6dyUnUGwsTKpgg,1
UCl0ekS9Tt0jJGtOEM18S63w,UC2weSE8rpqkGMOp6StYtVfg,1
UCl0ekS9Tt0jJGtOEM18S63w,UCiMythXHsw7eQEMykCdmMUA,1
UCl0ekS9Tt0jJGtOEM18S63w,UCmvOgzmmXbjUthHy-WJ52hQ,1
UCl0ekS9Tt0jJGtOEM18S63w,UCXgr7vXlRrsaskPdo097kGA,1
UCVQf0tzL7xRzFJsABVVULpg,UC8xlJWNHz1V_W6q3fbuQH8g,1
UCVQf0tzL7xRzFJsABVVULpg,UCgQJgI9vu1FI2dnC9mrFthw,1
UCVQf0tzL7xRzFJsABVVULpg,UCGX_UbAQOXGZknv5iqklwTA,1
UCVQf0tzL7xRzFJsABVVULpg,UCtNyHmRZtvGF2hSvI2dUBWw,1
UCsSXdJct-nsS8DsABoEsaYA,UC9xr9QvIcDvoZNUX5f-jaZw,1
UCsSXdJct-nsS8DsABoEsaYA,UC-hfX8J5JPJ-dfuakzegMLA,1
UCsSXdJct-nsS8DsABoEsaYA,UCSou6a2OuYGSvPjm5psquyA,1
UCsSXdJct-nsS8DsABoEsaYA,UCsJJAvrVGupdmhOqgtDp8dg,1
UCsSXdJct-nsS8DsABoEsaYA,UCA93ym2TXs_Ibyxb4Vcn-6Q,1
UCsSXdJct-nsS8DsABoEsaYA,UCAmtbUiIrUIhikru0ZoTFig,1
UCsSXdJct-nsS8DsABoEsaYA,UCpl8rF8uv_8uui-QRvuJaRA,1
UCsSXdJct-nsS8DsABoEsaYA,UCjSKM9j0Q7HLDr1hD6D-TUw,1
UCsSXdJct-nsS8DsABoEsaYA,UCtNfIBnc5S5DbbQj_yxgJTw,1
UCsSXdJct-nsS8DsABoEsaYA,UCvApqeCbLod-wejtT4CcVuA,1
UCsSXdJct-nsS8DsABoEsaYA,UCr1emrogPKkKTs_WTtx71xg,1
UCsSXdJct-nsS8DsABoEsaYA,UC4cXueR2bKGFJV0Fk76gwmA,1
UCsSXdJct-nsS8DsABoEsaYA,UCRETAiYdh2dL5ZxB0_N1zDA,1
UCsSXdJct-nsS8DsABoEsaYA,UC3NMzdMYryaw82kPTnsaljg,1
UCsSXdJct-nsS8DsABoEsaYA,UCsjs5Hp_r86x1xbK6FAeqaA,1
UCsSXdJct-nsS8DsABoEsaYA,UCDUffaruH6dyUnUGwsTKpgg,1
UCsSXdJct-nsS8DsABoEsaYA,UC2weSE8rpqkGMOp6StYtVfg,1
UCsSXdJct-nsS8DsABoEsaYA,UCiMythXHsw7eQEMykCdmMUA,1
UCsSXdJct-nsS8DsABoEsaYA,UCmvOgzmmXbjUthHy-WJ52hQ,1
UCsSXdJct-nsS8DsABoEsaYA,UCXgr7vXlRrsaskPdo097kGA,1
UC9xr9QvIcDvoZNUX5f-jaZw,UC-hfX8J5JPJ-dfuakzegMLA,1
UC9xr9QvIcDvoZNUX5f-jaZw,UCSou6a2OuYGSvPjm5psquyA,1
UC9xr9QvIcDvoZNUX5f-jaZw,UCsJJAvrVGupdmhOqgtDp8dg,1
UC9xr9QvIcDvoZNUX5f-jaZw,UCA93ym2TXs_Ibyxb4Vcn-6Q,1
UC9xr9QvIcDvoZNUX5f-jaZw,UCAmtbUiIrUIhikru0ZoTFig,1
UC9xr9QvIcDvoZNUX5f-jaZw,UCpl8rF8uv_8uui-QRvuJaRA,1
UC9xr9QvIcDvoZNUX5f-jaZw,UCjSKM9j0Q7HLDr1hD6D-TUw,1
UC9xr9QvIcDvoZNUX5f-jaZw,UCtNfIBnc5S5DbbQj_yxgJTw,1
UC9xr9QvIcDvoZNUX5f-jaZw,UCvApqeCbLod-wejtT4CcVuA,1
UC9xr9QvIcDvoZNUX5f-jaZw,UCr1emrogPKkKTs_WTtx71xg,1
UC9xr9QvIcDvoZNUX5f-jaZw,UC4cXueR2bKGFJV0Fk76gwmA,1
UC9xr9QvIcDvoZNUX5f-jaZw,UCRETAiYdh2dL5ZxB0_N1zDA,1
UC9xr9QvIcDvoZNUX5f-jaZw,UC3NMzdMYryaw82kPTnsaljg,1
UC9xr9QvIcDvoZNUX5f-jaZw,UCsjs5Hp_r86x1xbK6FAeqaA,1
UC9xr9QvIcDvoZNUX5f-jaZw,UCDUffaruH6dyUnUGwsTKpgg,1
UC9xr9QvIcDvoZNUX5f-jaZw,UC2weSE8rpqkGMOp6StYtVfg,1
UC9xr9QvIcDvoZNUX5f-jaZw,UCiMythXHsw7eQEMykCdmMUA,1
UC9xr9QvIcDvoZNUX5f-jaZw,UCmvOgzmmXbjUthHy-WJ52hQ,1
UC9xr9QvIcDvoZNUX5f-jaZw,UCXgr7vXlRrsaskPdo097kGA,1
UCpl8rF8uv_8uui-QRvuJaRA,UC-hfX8J5JPJ-dfuakzegMLA,1
UCpl8rF8uv_8uui-QRvuJaRA,UCSou6a2OuYGSvPjm5psquyA,1
UCpl8rF8uv_8uui-QRvuJaRA,UCsJJAvrVGupdmhOqgtDp8dg,1
UCpl8rF8uv_8uui-QRvuJaRA,UCA93ym2TXs_Ibyxb4Vcn-6Q,1
UCpl8rF8uv_8uui-QRvuJaRA,UCAmtbUiIrUIhikru0ZoTFig,1
UCpl8rF8uv_8uui-QRvuJaRA,UCjSKM9j0Q7HLDr1hD6D-TUw,1
UCpl8rF8uv_8uui-QRvuJaRA,UCtNfIBnc5S5DbbQj_yxgJTw,1
UCpl8rF8uv_8uui-QRvuJaRA,UCvApqeCbLod-wejtT4CcVuA,1
UCpl8rF8uv_8uui-QRvuJaRA,UCr1emrogPKkKTs_WTtx71xg,1
UCpl8rF8uv_8uui-QRvuJaRA,UC4cXueR2bKGFJV0Fk76gwmA,1
UCpl8rF8uv_8uui-QRvuJaRA,UCRETAiYdh2dL5ZxB0_N1zDA,1
UCpl8rF8uv_8uui-QRvuJaRA,UC3NMzdMYryaw82kPTnsaljg,1
UCpl8rF8uv_8uui-QRvuJaRA,UCsjs5Hp_r86x1xbK6FAeqaA,1
UCpl8rF8uv_8uui-QRvuJaRA,UCDUffaruH6dyUnUGwsTKpgg,1
UCpl8rF8uv_8uui-QRvuJaRA,UC2weSE8rpqkGMOp6StYtVfg,1
UCpl8rF8uv_8uui-QRvuJaRA,UCiMythXHsw7eQEMykCdmMUA,1
UCpl8rF8uv_8uui-QRvuJaRA,UCmvOgzmmXbjUthHy-WJ52hQ,1
UCpl8rF8uv_8uui-QRvuJaRA,UCXgr7vXlRrsaskPdo097kGA,1
UClhMWQ7XKWywYvbRnuf8QsA,UC-fiZBS5Gp1eCJd9ucgWnCg,1
UClhMWQ7XKWywYvbRnuf8QsA,UC_LYoGs5C3mbZKZuKuqYCvw,1
UClhMWQ7XKWywYvbRnuf8QsA,UC32oozucwCF3q8d4m8fyOUg,1
UC4kg7zuTfqQKLd2bkZrSYBA,UCBtB5dIyx-C16UN8ClUD2UA,1
UC4kg7zuTfqQKLd2bkZrSYBA,UCfRqgt2O-vjzUDMZY_tnxQw,1
UCbNanjFI51cwGqMAb2rOrBw,UCZjm6U576nX8WOiLhmMR3bw,1
UCbNanjFI51cwGqMAb2rOrBw,UCrqXyRsg-_hTosURZ-uvoKg,1
UCbNanjFI51cwGqMAb2rOrBw,UCGZMgmM92E3njyXNe9-kjAQ,1
UC2weSE8rpqkGMOp6StYtVfg,UC-hfX8J5JPJ-dfuakzegMLA,1
UC2weSE8rpqkGMOp6StYtVfg,UCSou6a2OuYGSvPjm5psquyA,1
UC2weSE8rpqkGMOp6StYtVfg,UCsJJAvrVGupdmhOqgtDp8dg,1
UC2weSE8rpqkGMOp6StYtVfg,UCA93ym2TXs_Ibyxb4Vcn-6Q,1
UC2weSE8rpqkGMOp6StYtVfg,UCAmtbUiIrUIhikru0ZoTFig,1
UC2weSE8rpqkGMOp6StYtVfg,UCjSKM9j0Q7HLDr1hD6D-TUw,1
UC2weSE8rpqkGMOp6StYtVfg,UCtNfIBnc5S5DbbQj_yxgJTw,1
UC2weSE8rpqkGMOp6StYtVfg,UCvApqeCbLod-wejtT4CcVuA,1
UC2weSE8rpqkGMOp6StYtVfg,UCr1emrogPKkKTs_WTtx71xg,1
UC2weSE8rpqkGMOp6StYtVfg,UC4cXueR2bKGFJV0Fk76gwmA,1
UC2weSE8rpqkGMOp6StYtVfg,UCRETAiYdh2dL5ZxB0_N1zDA,1
UC2weSE8rpqkGMOp6StYtVfg,UC3NMzdMYryaw82kPTnsaljg,1
UC2weSE8rpqkGMOp6StYtVfg,UCsjs5Hp_r86x1xbK6FAeqaA,1
UC2weSE8rpqkGMOp6StYtVfg,UCDUffaruH6dyUnUGwsTKpgg,1
UC2weSE8rpqkGMOp6StYtVfg,UCiMythXHsw7eQEMykCdmMUA,1
UC2weSE8rpqkGMOp6StYtVfg,UCmvOgzmmXbjUthHy-WJ52hQ,1
UC2weSE8rpqkGMOp6StYtVfg,UCXgr7vXlRrsaskPdo097kGA,1
UCyzf29IYjNw67gGIfsjgtxA,UCaT6M2zp7X6r6Whd8Vv3kHQ,1
UCyzf29IYjNw67gGIfsjgtxA,UCi-vPdnpQreC7BkFs40mJGA,1
UCyzf29IYjNw67gGIfsjgtxA,UCRznz9-N3Qc1w-qNdLSIY2Q,1
UCyzf29IYjNw67gGIfsjgtxA,UCRcSR3Lvn9DZAmJpVPANfZQ,1
UCyzf29IYjNw67gGIfsjgtxA,UCGqKxQS-z3NZzZF-2w338AA,1
UCyzf29IYjNw67gGIfsjgtxA,UCwUAv3_LpWVtTIi7lkmTL7A,1
UCyzf29IYjNw67gGIfsjgtxA,UCY7Hq7F9Lnucf-Yr6JkHZNw,1
UCyzf29IYjNw67gGIfsjgtxA,UCtMBF_1O2jY2INlb_luuB_A,1
UCaT6M2zp7X6r6Whd8Vv3kHQ,UCi-vPdnpQreC7BkFs40mJGA,1
UCaT6M2zp7X6r6Whd8Vv3kHQ,UCRznz9-N3Qc1w-qNdLSIY2Q,1
UCaT6M2zp7X6r6Whd8Vv3kHQ,UCRcSR3Lvn9DZAmJpVPANfZQ,1
UCaT6M2zp7X6r6Whd8Vv3kHQ,UCGqKxQS-z3NZzZF-2w338AA,1
UCaT6M2zp7X6r6Whd8Vv3kHQ,UCwUAv3_LpWVtTIi7lkmTL7A,1
UCaT6M2zp7X6r6Whd8Vv3kHQ,UCY7Hq7F9Lnucf-Yr6JkHZNw,1
UCaT6M2zp7X6r6Whd8Vv3kHQ,UCtMBF_1O2jY2INlb_luuB_A,1
UC3NMzdMYryaw82kPTnsaljg,UC-hfX8J5JPJ-dfuakzegMLA,1
UC3NMzdMYryaw82kPTnsaljg,UCSou6a2OuYGSvPjm5psquyA,1
UC3NMzdMYryaw82kPTnsaljg,UCsJJAvrVGupdmhOqgtDp8dg,1
UC3NMzdMYryaw82kPTnsaljg,UCA93ym2TXs_Ibyxb4Vcn-6Q,1
UC3NMzdMYryaw82kPTnsaljg,UCAmtbUiIrUIhikru0ZoTFig,1
UC3NMzdMYryaw82kPTnsaljg,UCjSKM9j0Q7HLDr1hD6D-TUw,1
UC3NMzdMYryaw82kPTnsaljg,UCtNfIBnc5S5DbbQj_yxgJTw,1
UC3NMzdMYryaw82kPTnsaljg,UCvApqeCbLod-wejtT4CcVuA,1
UC3NMzdMYryaw82kPTnsaljg,UCr1emrogPKkKTs_WTtx71xg,1
UC3NMzdMYryaw82kPTnsaljg,UC4cXueR2bKGFJV0Fk76gwmA,1
UC3NMzdMYryaw82kPTnsaljg,UCRETAiYdh2dL5ZxB0_N1zDA,1
UC3NMzdMYryaw82kPTnsaljg,UCsjs5Hp_r86x1xbK6FAeqaA,1
UC3NMzdMYryaw82kPTnsaljg,UCDUffaruH6dyUnUGwsTKpgg,1
UC3NMzdMYryaw82kPTnsaljg,UCiMythXHsw7eQEMykCdmMUA,1
UC3NMzdMYryaw82kPTnsaljg,UCmvOgzmmXbjUthHy-WJ52hQ,1
UC3NMzdMYryaw82kPTnsaljg,UCXgr7vXlRrsaskPdo097kGA,1
UCSou6a2OuYGSvPjm5psquyA,UC-hfX8J5JPJ-dfuakzegMLA,1
UCSou6a2OuYGSvPjm5psquyA,UCsJJAvrVGupdmhOqgtDp8dg,1
UCSou6a2OuYGSvPjm5psquyA,UCA93ym2TXs_Ibyxb4Vcn-6Q,1
UCSou6a2OuYGSvPjm5psquyA,UCAmtbUiIrUIhikru0ZoTFig,1
UCSou6a2OuYGSvPjm5psquyA,UCjSKM9j0Q7HLDr1hD6D-TUw,1
UCSou6a2OuYGSvPjm5psquyA,UCtNfIBnc5S5DbbQj_yxgJTw,1
UCSou6a2OuYGSvPjm5psquyA,UCvApqeCbLod-wejtT4CcVuA,1
UCSou6a2OuYGSvPjm5psquyA,UCr1emrogPKkKTs_WTtx71xg,1
UCSou6a2OuYGSvPjm5psquyA,UC4cXueR2bKGFJV0Fk76gwmA,1
UCSou6a2OuYGSvPjm5psquyA,UCRETAiYdh2dL5ZxB0_N1zDA,1
UCSou6a2OuYGSvPjm5psquyA,UCsjs5Hp_r86x1xbK6FAeqaA,1
UCSou6a2OuYGSvPjm5psquyA,UCDUffaruH6dyUnUGwsTKpgg,1
UCSou6a2OuYGSvPjm5psquyA,UCiMythXHsw7eQEMykCdmMUA,1
UCSou6a2OuYGSvPjm5psquyA,UCmvOgzmmXbjUthHy-WJ52hQ,1
UCSou6a2OuYGSvPjm5psquyA,UCXgr7vXlRrsaskPdo097kGA,1
UCtNyHmRZtvGF2hSvI2dUBWw,UC8xlJWNHz1V_W6q3fbuQH8g,1
UCtNyHmRZtvGF2hSvI2dUBWw,UCgQJgI9vu1FI2dnC9mrFthw,1
UCtNyHmRZtvGF2hSvI2dUBWw,UCGX_UbAQOXGZknv5iqklwTA,1
UCGqKxQS-z3NZzZF-2w338AA,UCi-vPdnpQreC7BkFs40mJGA,1
UCGqKxQS-z3NZzZF-2w338AA,UCRznz9-N3Qc1w-qNdLSIY2Q,1
UCGqKxQS-z3NZzZF-2w338AA,UCRcSR3Lvn9DZAmJpVPANfZQ,1
UCGqKxQS-z3NZzZF-2w338AA,UCwUAv3_LpWVtTIi7lkmTL7A,1
UCGqKxQS-z3NZzZF-2w338AA,UCY7Hq7F9Lnucf-Yr6JkHZNw,1
UCGqKxQS-z3NZzZF-2w338AA,UCtMBF_1O2jY2INlb_luuB_A,1
UCXO1BBohNWXkK9SBDAG2ySg,UCOY3XpD9qMCRSA8AA8c4CAw,1
UChyps3dqY-VY1_wLeq-2lhw,UCRfkkatKrNtAARnXMMYBGlA,1
UChyps3dqY-VY1_wLeq-2lhw,UC-Iul5tDYH_oiAMXQH-KaaQ,1
UChyps3dqY-VY1_wLeq-2lhw,UCgGqw4aqMdMVSGkKiMgrJRQ,1
UCXgr7vXlRrsaskPdo097kGA,UC-hfX8J5JPJ-dfuakzegMLA,1
UCXgr7vXlRrsaskPdo097kGA,UCsJJAvrVGupdmhOqgtDp8dg,1
UCXgr7vXlRrsaskPdo097kGA,UCA93ym2TXs_Ibyxb4Vcn-6Q,1
UCXgr7vXlRrsaskPdo097kGA,UCAmtbUiIrUIhikru0ZoTFig,1
UCXgr7vXlRrsaskPdo097kGA,UCjSKM9j0Q7HLDr1hD6D-TUw,1
UCXgr7vXlRrsaskPdo097kGA,UCtNfIBnc5S5DbbQj_yxgJTw,1
UCXgr7vXlRrsaskPdo097kGA,UCvApqeCbLod-wejtT4CcVuA,1
UCXgr7vXlRrsaskPdo097kGA,UCr1emrogPKkKTs_WTtx71xg,1
UCXgr7vXlRrsaskPdo097kGA,UC4cXueR2bKGFJV0Fk76gwmA,1
UCXgr7vXlRrsaskPdo097kGA,UCRETAiYdh2dL5ZxB0_N1zDA,1
UCXgr7vXlRrsaskPdo097kGA,UCsjs5Hp_r86x1xbK6FAeqaA,1
UCXgr7vXlRrsaskPdo097kGA,UCDUffaruH6dyUnUGwsTKpgg,1
UCXgr7vXlRrsaskPdo097kGA,UCiMythXHsw7eQEMykCdmMUA,1
UCXgr7vXlRrsaskPdo097kGA,UCmvOgzmmXbjUthHy-WJ52hQ,1
UC4cXueR2bKGFJV0Fk76gwmA,UC-hfX8J5JPJ-dfuakzegMLA,1
UC4cXueR2bKGFJV0Fk76gwmA,UCsJJAvrVGupdmhOqgtDp8dg,1
UC4cXueR2bKGFJV0Fk76gwmA,UCA93ym2TXs_Ibyxb4Vcn-6Q,1
UC4cXueR2bKGFJV0Fk76gwmA,UCAmtbUiIrUIhikru0ZoTFig,1
UC4cXueR2bKGFJV0Fk76gwmA,UCjSKM9j0Q7HLDr1hD6D-TUw,1
UC4cXueR2bKGFJV0Fk76gwmA,UCtNfIBnc5S5DbbQj_yxgJTw,1
UC4cXueR2bKGFJV0Fk76gwmA,UCvApqeCbLod-wejtT4CcVuA,1
UC4cXueR2bKGFJV0Fk76gwmA,UCr1emrogPKkKTs_WTtx71xg,1
UC4cXueR2bKGFJV0Fk76gwmA,UCRETAiYdh2dL5ZxB0_N1zDA,1
UC4cXueR2bKGFJV0Fk76gwmA,UCsjs5Hp_r86x1xbK6FAeqaA,1
UC4cXueR2bKGFJV0Fk76gwmA,UCDUffaruH6dyUnUGwsTKpgg,1
UC4cXueR2bKGFJV0Fk76gwmA,UCiMythXHsw7eQEMykCdmMUA,1
UC4cXueR2bKGFJV0Fk76gwmA,UCmvOgzmmXbjUthHy-WJ52hQ,1
UCmvOgzmmXbjUthHy-WJ52hQ,UC-hfX8J5JPJ-dfuakzegMLA,1
UCmvOgzmmXbjUthHy-WJ52hQ,UCsJJAvrVGupdmhOqgtDp8dg,1
UCmvOgzmmXbjUthHy-WJ52hQ,UCA93ym2TXs_Ibyxb4Vcn-6Q,1
UCmvOgzmmXbjUthHy-WJ52hQ,UCAmtbUiIrUIhikru0ZoTFig,1
UCmvOgzmmXbjUthHy-WJ52hQ,UCjSKM9j0Q7HLDr1hD6D-TUw,1
UCmvOgzmmXbjUthHy-WJ52hQ,UCtNfIBnc5S5DbbQj_yxgJTw,1
UCmvOgzmmXbjUthHy-WJ52hQ,UCvApqeCbLod-wejtT4CcVuA,1
UCmvOgzmmXbjUthHy-WJ52hQ,UCr1emrogPKkKTs_WTtx71xg,1
UCmvOgzmmXbjUthHy-WJ52hQ,UCRETAiYdh2dL5ZxB0_N1zDA,1
UCmvOgzmmXbjUthHy-WJ52hQ,UCsjs5Hp_r86x1xbK6FAeqaA,1
UCmvOgzmmXbjUthHy-WJ52hQ,UCDUffaruH6dyUnUGwsTKpgg,1
UCmvOgzmmXbjUthHy-WJ52hQ,UCiMythXHsw7eQEMykCdmMUA,1
UCtMBF_1O2jY2INlb_luuB_A,UCi-vPdnpQreC7BkFs40mJGA,1
UCtMBF_1O2jY2INlb_luuB_A,UCRznz9-N3Qc1w-qNdLSIY2Q,1
UCtMBF_1O2jY2INlb_luuB_A,UCRcSR3Lvn9DZAmJpVPANfZQ,1
UCtMBF_1O2jY2INlb_luuB_A,UCwUAv3_LpWVtTIi7lkmTL7A,1
UCtMBF_1O2jY2INlb_luuB_A,UCY7Hq7F9Lnucf-Yr6JkHZNw,1
UCrqXyRsg-_hTosURZ-uvoKg,UCZjm6U576nX8WOiLhmMR3bw,1
UCrqXyRsg-_hTosURZ-uvoKg,UCGZMgmM92E3njyXNe9-kjAQ,1
UCGZMgmM92E3njyXNe9-kjAQ,UCZjm6U576nX8WOiLhmMR3bw,1
UCfRqgt2O-vjzUDMZY_tnxQw,UCBtB5dIyx-C16UN8ClUD2UA,1
UCjJf-AJKRFFWtiN-CSwkDmA,UC5wuDq3U3vRAhOQI3D7gNdw,1
UCDUffaruH6dyUnUGwsTKpgg,UC-hfX8J5JPJ-dfuakzegMLA,1
UCDUffaruH6dyUnUGwsTKpgg,UCsJJAvrVGupdmhOqgtDp8dg,1
UCDUffaruH6dyUnUGwsTKpgg,UCA93ym2TXs_Ibyxb4Vcn-6Q,1
UCDUffaruH6dyUnUGwsTKpgg,UCAmtbUiIrUIhikru0ZoTFig,1
UCDUffaruH6dyUnUGwsTKpgg,UCjSKM9j0Q7HLDr1hD6D-TUw,1
UCDUffaruH6dyUnUGwsTKpgg,UCtNfIBnc5S5DbbQj_yxgJTw,1
UCDUffaruH6dyUnUGwsTKpgg,UCvApqeCbLod-wejtT4CcVuA,1
UCDUffaruH6dyUnUGwsTKpgg,UCr1emrogPKkKTs_WTtx71xg,1
UCDUffaruH6dyUnUGwsTKpgg,UCRETAiYdh2dL5ZxB0_N1zDA,1
UCDUffaruH6dyUnUGwsTKpgg,UCsjs5Hp_r86x1xbK6FAeqaA,1
UCDUffaruH6dyUnUGwsTKpgg,UCiMythXHsw7eQEMykCdmMUA,1
UCgGqw4aqMdMVSGkKiMgrJRQ,UCRfkkatKrNtAARnXMMYBGlA,1
UCgGqw4aqMdMVSGkKiMgrJRQ,UC-Iul5tDYH_oiAMXQH-KaaQ,1
UC32oozucwCF3q8d4m8fyOUg,UC-fiZBS5Gp1eCJd9ucgWnCg,1
UC32oozucwCF3q8d4m8fyOUg,UC_LYoGs5C3mbZKZuKuqYCvw,1
UCvApqeCbLod-wejtT4CcVuA,UC-hfX8J5JPJ-dfuakzegMLA,1
UCvApqeCbLod-wejtT4CcVuA,UCsJJAvrVGupdmhOqgtDp8dg,1
UCvApqeCbLod-wejtT4CcVuA,UCA93ym2TXs_Ibyxb4Vcn-6Q,1
UCvApqeCbLod-wejtT4CcVuA,UCAmtbUiIrUIhikru0ZoTFig,1
UCvApqeCbLod-wejtT4CcVuA,UCjSKM9j0Q7HLDr1hD6D-TUw,1
UCvApqeCbLod-wejtT4CcVuA,UCtNfIBnc5S5DbbQj_yxgJTw,1
UCvApqeCbLod-wejtT4CcVuA,UCr1emrogPKkKTs_WTtx71xg,1
UCvApqeCbLod-wejtT4CcVuA,UCRETAiYdh2dL5ZxB0_N1zDA,1
UCvApqeCbLod-wejtT4CcVuA,UCsjs5Hp_r86x1xbK6FAeqaA,1
UCvApqeCbLod-wejtT4CcVuA,UCiMythXHsw7eQEMykCdmMUA,1
UCiMythXHsw7eQEMykCdmMUA,UC-hfX8J5JPJ-dfuakzegMLA,1
UCiMythXHsw7eQEMykCdmMUA,UCsJJAvrVGupdmhOqgtDp8dg,1
UCiMythXHsw7eQEMykCdmMUA,UCA93ym2TXs_Ibyxb4Vcn-6Q,1
UCiMythXHsw7eQEMykCdmMUA,UCAmtbUiIrUIhikru0ZoTFig,1
UCiMythXHsw7eQEMykCdmMUA,UCjSKM9j0Q7HLDr1hD6D-TUw,1
UCiMythXHsw7eQEMykCdmMUA,UCtNfIBnc5S5DbbQj_yxgJTw,1
UCiMythXHsw7eQEMykCdmMUA,UCr1emrogPKkKTs_WTtx71xg,1
UCiMythXHsw7eQEMykCdmMUA,UCRETAiYdh2dL5ZxB0_N1zDA,1
UCiMythXHsw7eQEMykCdmMUA,UCsjs5Hp_r86x1xbK6FAeqaA,1
UC-fiZBS5Gp1eCJd9ucgWnCg,UC_LYoGs5C3mbZKZuKuqYCvw,1
UC5PrBbmUlQolwqmiru7yZhw,UC094EFEmMSdwVa8NQjjYBXg,1
UC5PrBbmUlQolwqmiru7yZhw,UCGm3gRBEHGRJYmtCryZLtDw,1
UC094EFEmMSdwVa8NQjjYBXg,UCGm3gRBEHGRJYmtCryZLtDw,1
UCwUAv3_LpWVtTIi7lkmTL7A,UCi-vPdnpQreC7BkFs40mJGA,1
UCwUAv3_LpWVtTIi7lkmTL7A,UCRznz9-N3Qc1w-qNdLSIY2Q,1
UCwUAv3_LpWVtTIi7lkmTL7A,UCRcSR3Lvn9DZAmJpVPANfZQ,1
UCwUAv3_LpWVtTIi7lkmTL7A,UCY7Hq7F9Lnucf-Yr6JkHZNw,1
UCsJJAvrVGupdmhOqgtDp8dg,UC-hfX8J5JPJ-dfuakzegMLA,1
UCsJJAvrVGupdmhOqgtDp8dg,UCA93ym2TXs_Ibyxb4Vcn-6Q,1
UCsJJAvrVGupdmhOqgtDp8dg,UCAmtbUiIrUIhikru0ZoTFig,1
UCsJJAvrVGupdmhOqgtDp8dg,UCjSKM9j0Q7HLDr1hD6D-TUw,1
UCsJJAvrVGupdmhOqgtDp8dg,UCtNfIBnc5S5DbbQj_yxgJTw,1
UCsJJAvrVGupdmhOqgtDp8dg,UCr1emrogPKkKTs_WTtx71xg,1
UCsJJAvrVGupdmhOqgtDp8dg,UCRETAiYdh2dL5ZxB0_N1zDA,1
UCsJJAvrVGupdmhOqgtDp8dg,UCsjs5Hp_r86x1xbK6FAeqaA,1
UCtNfIBnc5S5DbbQj_yxgJTw,UC-hfX8J5JPJ-dfuakzegMLA,1
UCtNfIBnc5S5DbbQj_yxgJTw,UCA93ym2TXs_Ibyxb4Vcn-6Q,1
UCtNfIBnc5S5DbbQj_yxgJTw,UCAmtbUiIrUIhikru0ZoTFig,1
UCtNfIBnc5S5DbbQj_yxgJTw,UCjSKM9j0Q7HLDr1hD6D-TUw,1
UCtNfIBnc5S5DbbQj_yxgJTw,UCr1emrogPKkKTs_WTtx71xg,1
UCtNfIBnc5S5DbbQj_yxgJTw,UCRETAiYdh2dL5ZxB0_N1zDA,1
UCtNfIBnc5S5DbbQj_yxgJTw,UCsjs5Hp_r86x1xbK6FAeqaA,1
UC-Iul5tDYH_oiAMXQH-KaaQ,UCRfkkatKrNtAARnXMMYBGlA,1
UCA93ym2TXs_Ibyxb4Vcn-6Q,UC-hfX8J5JPJ-dfuakzegMLA,1
UCA93ym2TXs_Ibyxb4Vcn-6Q,UCAmtbUiIrUIhikru0ZoTFig,1
UCA93ym2TXs_Ibyxb4Vcn-6Q,UCjSKM9j0Q7HLDr1hD6D-TUw,1
UCA93ym2TXs_Ibyxb4Vcn-6Q,UCr1emrogPKkKTs_WTtx71xg,1
UCA93ym2TXs_Ibyxb4Vcn-6Q,UCRETAiYdh2dL5ZxB0_N1zDA,1
UCA93ym2TXs_Ibyxb4Vcn-6Q,UCsjs5Hp_r86x1xbK6FAeqaA,1
UCAmtbUiIrUIhikru0ZoTFig,UC-hfX8J5JPJ-dfuakzegMLA,1
UCAmtbUiIrUIhikru0ZoTFig,UCjSKM9j0Q7HLDr1hD6D-TUw,1
UCAmtbUiIrUIhikru0ZoTFig,UCr1emrogPKkKTs_WTtx71xg,1
UCAmtbUiIrUIhikru0ZoTFig,UCRETAiYdh2dL5ZxB0_N1zDA,1
UCAmtbUiIrUIhikru0ZoTFig,UCsjs5Hp_r86x1xbK6FAeqaA,1
UCr1emrogPKkKTs_WTtx71xg,UC-hfX8J5JPJ-dfuakzegMLA,1
UCr1emrogPKkKTs_WTtx71xg,UCjSKM9j0Q7HLDr1hD6D-TUw,1
UCr1emrogPKkKTs_WTtx71xg,UCRETAiYdh2dL5ZxB0_N1zDA,1
UCr1emrogPKkKTs_WTtx71xg,UCsjs5Hp_r86x1xbK6FAeqaA,1
UCRznz9-N3Qc1w-qNdLSIY2Q,UCi-vPdnpQreC7BkFs40mJGA,1
UCRznz9-N3Qc1w-qNdLSIY2Q,UCRcSR3Lvn9DZAmJpVPANfZQ,1
UCRznz9-N3Qc1w-qNdLSIY2Q,UCY7Hq7F9Lnucf-Yr6JkHZNw,1
UCY7Hq7F9Lnucf-Yr6JkHZNw,UCi-vPdnpQreC7BkFs40mJGA,1
UCY7Hq7F9Lnucf-Yr6JkHZNw,UCRcSR3Lvn9DZAmJpVPANfZQ,1
UCjSKM9j0Q7HLDr1hD6D-TUw,UC-hfX8J5JPJ-dfuakzegMLA,1
UCjSKM9j0Q7HLDr1hD6D-TUw,UCRETAiYdh2dL5ZxB0_N1zDA,1
UCjSKM9j0Q7HLDr1hD6D-TUw,UCsjs5Hp_r86x1xbK6FAeqaA,1
UC8xlJWNHz1V_W6q3fbuQH8g,UCgQJgI9vu1FI2dnC9mrFthw,1
UC8xlJWNHz1V_W6q3fbuQH8g,UCGX_UbAQOXGZknv5iqklwTA,1
UCgQJgI9vu1FI2dnC9mrFthw,UCGX_UbAQOXGZknv5iqklwTA,1
UCRETAiYdh2dL5ZxB0_N1zDA,UC-hfX8J5JPJ-dfuakzegMLA,1
UCRETAiYdh2dL5ZxB0_N1zDA,UCsjs5Hp_r86x1xbK6FAeqaA,1
UCi-vPdnpQreC7BkFs40mJGA,UCRcSR3Lvn9DZAmJpVPANfZQ,1
UCsjs5Hp_r86x1xbK6FAeqaA,UC-hfX8J5JPJ-dfuakzegMLA,1
